<?xml version="1.0" encoding="UTF-8"?>
<gpx creator="Garmin Connect" version="1.1"
  xsi:schemaLocation="http://www.topografix.com/GPX/1/1 http://www.topografix.com/GPX/11.xsd"
  xmlns:ns3="http://www.garmin.com/xmlschemas/TrackPointExtension/v1"
  xmlns="http://www.topografix.com/GPX/1/1"
  xmlns:xsi="http://www.w3.org/2001/XMLSchema-instance" xmlns:ns2="http://www.garmin.com/xmlschemas/GpxExtensions/v3">
  <metadata>
    <link href="connect.garmin.com">
      <text>Garmin Connect</text>
    </link>
    <time>2026-01-28T13:54:20.000Z</time>
  </metadata>
  <trk>
    <name>Домодедово Бег</name>
    <type>running</type>
    <trkseg>
      <trkpt lat="55.43468154966831207275390625" lon="37.7523099817335605621337890625">
        <ele>151.1999969482421875</ele>
        <time>2026-01-28T13:54:20.000Z</time>
        <extensions>
          <ns3:TrackPointExtension>
            <ns3:atemp>27.0</ns3:atemp>
            <ns3:hr>82</ns3:hr>
            <ns3:cad>0</ns3:cad>
          </ns3:TrackPointExtension>
        </extensions>
      </trkpt>
      <trkpt lat="55.4346766881644725799560546875" lon="37.75232280604541301727294921875">
        <ele>151.399993896484375</ele>
        <time>2026-01-28T13:54:21.000Z</time>
        <extensions>
          <ns3:TrackPointExtension>
            <ns3:atemp>27.0</ns3:atemp>
            <ns3:hr>81</ns3:hr>
            <ns3:cad>0</ns3:cad>
          </ns3:TrackPointExtension>
        </extensions>
      </trkpt>
      <trkpt lat="55.4346770234405994415283203125" lon="37.7523374743759632110595703125">
        <ele>151.600006103515625</ele>
        <time>2026-01-28T13:54:22.000Z</time>
        <extensions>
          <ns3:TrackPointExtension>
            <ns3:atemp>27.0</ns3:atemp>
            <ns3:hr>83</ns3:hr>
            <ns3:cad>0</ns3:cad>
          </ns3:TrackPointExtension>
        </extensions>
      </trkpt>
      <trkpt lat="55.43467191047966480255126953125" lon="37.752357423305511474609375">
        <ele>151.600006103515625</ele>
        <time>2026-01-28T13:54:23.000Z</time>
        <extensions>
          <ns3:TrackPointExtension>
            <ns3:atemp>27.0</ns3:atemp>
            <ns3:hr>84</ns3:hr>
            <ns3:cad>80</ns3:cad>
          </ns3:TrackPointExtension>
        </extensions>
      </trkpt>
      <trkpt lat="55.4346714913845062255859375" lon="37.75237611494958400726318359375">
        <ele>151.600006103515625</ele>
        <time>2026-01-28T13:54:24.000Z</time>
        <extensions>
          <ns3:TrackPointExtension>
            <ns3:atemp>27.0</ns3:atemp>
            <ns3:hr>85</ns3:hr>
            <ns3:cad>71</ns3:cad>
          </ns3:TrackPointExtension>
        </extensions>
      </trkpt>
      <trkpt lat="55.4346666298806667327880859375" lon="37.75240444578230381011962890625">
        <ele>151.600006103515625</ele>
        <time>2026-01-28T13:54:25.000Z</time>
        <extensions>
          <ns3:TrackPointExtension>
            <ns3:atemp>27.0</ns3:atemp>
            <ns3:hr>86</ns3:hr>
            <ns3:cad>71</ns3:cad>
          </ns3:TrackPointExtension>
        </extensions>
      </trkpt>
      <trkpt lat="55.4346619360148906707763671875" lon="37.75244199670851230621337890625">
        <ele>151.399993896484375</ele>
        <time>2026-01-28T13:54:26.000Z</time>
        <extensions>
          <ns3:TrackPointExtension>
            <ns3:atemp>27.0</ns3:atemp>
            <ns3:hr>87</ns3:hr>
            <ns3:cad>71</ns3:cad>
          </ns3:TrackPointExtension>
        </extensions>
      </trkpt>
      <trkpt lat="55.434656403958797454833984375" lon="37.752474434673786163330078125">
        <ele>151.600006103515625</ele>
        <time>2026-01-28T13:54:27.000Z</time>
        <extensions>
          <ns3:TrackPointExtension>
            <ns3:atemp>27.0</ns3:atemp>
            <ns3:hr>88</ns3:hr>
            <ns3:cad>71</ns3:cad>
          </ns3:TrackPointExtension>
        </extensions>
      </trkpt>
      <trkpt lat="55.4346579127013683319091796875" lon="37.75249681435525417327880859375">
        <ele>151.600006103515625</ele>
        <time>2026-01-28T13:54:28.000Z</time>
        <extensions>
          <ns3:TrackPointExtension>
            <ns3:atemp>27.0</ns3:atemp>
            <ns3:hr>89</ns3:hr>
            <ns3:cad>79</ns3:cad>
          </ns3:TrackPointExtension>
        </extensions>
      </trkpt>
      <trkpt lat="55.4346545599400997161865234375" lon="37.75253989733755588531494140625">
        <ele>151.8000030517578125</ele>
        <time>2026-01-28T13:54:29.000Z</time>
        <extensions>
          <ns3:TrackPointExtension>
            <ns3:atemp>27.0</ns3:atemp>
            <ns3:hr>90</ns3:hr>
            <ns3:cad>77</ns3:cad>
          </ns3:TrackPointExtension>
        </extensions>
      </trkpt>
      <trkpt lat="55.434650368988513946533203125" lon="37.75257275439798831939697265625">
        <ele>152</ele>
        <time>2026-01-28T13:54:30.000Z</time>
        <extensions>
          <ns3:TrackPointExtension>
            <ns3:atemp>27.0</ns3:atemp>
            <ns3:hr>91</ns3:hr>
            <ns3:cad>77</ns3:cad>
          </ns3:TrackPointExtension>
        </extensions>
      </trkpt>
      <trkpt lat="55.43464944697916507720947265625" lon="37.752604186534881591796875">
        <ele>152</ele>
        <time>2026-01-28T13:54:31.000Z</time>
        <extensions>
          <ns3:TrackPointExtension>
            <ns3:atemp>27.0</ns3:atemp>
            <ns3:hr>93</ns3:hr>
            <ns3:cad>77</ns3:cad>
          </ns3:TrackPointExtension>
        </extensions>
      </trkpt>
      <trkpt lat="55.43464609421789646148681640625" lon="37.75263075716793537139892578125">
        <ele>152</ele>
        <time>2026-01-28T13:54:32.000Z</time>
        <extensions>
          <ns3:TrackPointExtension>
            <ns3:atemp>27.0</ns3:atemp>
            <ns3:hr>94</ns3:hr>
            <ns3:cad>78</ns3:cad>
          </ns3:TrackPointExtension>
        </extensions>
      </trkpt>
      <trkpt lat="55.4346441663801670074462890625" lon="37.752650789916515350341796875">
        <ele>152.1999969482421875</ele>
        <time>2026-01-28T13:54:33.000Z</time>
        <extensions>
          <ns3:TrackPointExtension>
            <ns3:atemp>26.0</ns3:atemp>
            <ns3:hr>95</ns3:hr>
            <ns3:cad>80</ns3:cad>
          </ns3:TrackPointExtension>
        </extensions>
      </trkpt>
      <trkpt lat="55.43464290909469127655029296875" lon="37.7526645362377166748046875">
        <ele>152.1999969482421875</ele>
        <time>2026-01-28T13:54:34.000Z</time>
        <extensions>
          <ns3:TrackPointExtension>
            <ns3:atemp>26.0</ns3:atemp>
            <ns3:hr>96</ns3:hr>
            <ns3:cad>80</ns3:cad>
          </ns3:TrackPointExtension>
        </extensions>
      </trkpt>
      <trkpt lat="55.434638969600200653076171875" lon="37.7526744268834590911865234375">
        <ele>152.1999969482421875</ele>
        <time>2026-01-28T13:54:35.000Z</time>
        <extensions>
          <ns3:TrackPointExtension>
            <ns3:atemp>26.0</ns3:atemp>
            <ns3:hr>97</ns3:hr>
            <ns3:cad>80</ns3:cad>
          </ns3:TrackPointExtension>
        </extensions>
      </trkpt>
      <trkpt lat="55.43464005924761295318603515625" lon="37.75268356315791606903076171875">
        <ele>152.1999969482421875</ele>
        <time>2026-01-28T13:54:36.000Z</time>
        <extensions>
          <ns3:TrackPointExtension>
            <ns3:atemp>26.0</ns3:atemp>
            <ns3:hr>97</ns3:hr>
            <ns3:cad>80</ns3:cad>
          </ns3:TrackPointExtension>
        </extensions>
      </trkpt>
      <trkpt lat="55.43463938869535923004150390625" lon="37.75269336998462677001953125">
        <ele>152</ele>
        <time>2026-01-28T13:54:37.000Z</time>
        <extensions>
          <ns3:TrackPointExtension>
            <ns3:atemp>26.0</ns3:atemp>
            <ns3:hr>98</ns3:hr>
            <ns3:cad>0</ns3:cad>
          </ns3:TrackPointExtension>
        </extensions>
      </trkpt>
      <trkpt lat="55.43463804759085178375244140625" lon="37.75270652957260608673095703125">
        <ele>152</ele>
        <time>2026-01-28T13:54:38.000Z</time>
        <extensions>
          <ns3:TrackPointExtension>
            <ns3:atemp>26.0</ns3:atemp>
            <ns3:hr>99</ns3:hr>
            <ns3:cad>0</ns3:cad>
          </ns3:TrackPointExtension>
        </extensions>
      </trkpt>
      <trkpt lat="55.43463687412440776824951171875" lon="37.75272211991250514984130859375">
        <ele>151.8000030517578125</ele>
        <time>2026-01-28T13:54:39.000Z</time>
        <extensions>
          <ns3:TrackPointExtension>
            <ns3:atemp>26.0</ns3:atemp>
            <ns3:hr>99</ns3:hr>
            <ns3:cad>0</ns3:cad>
          </ns3:TrackPointExtension>
        </extensions>
      </trkpt>
      <trkpt lat="55.43462363071739673614501953125" lon="37.75275212712585926055908203125">
        <ele>151.8000030517578125</ele>
        <time>2026-01-28T13:54:40.000Z</time>
        <extensions>
          <ns3:TrackPointExtension>
            <ns3:atemp>26.0</ns3:atemp>
            <ns3:hr>99</ns3:hr>
            <ns3:cad>0</ns3:cad>
          </ns3:TrackPointExtension>
        </extensions>
      </trkpt>
      <trkpt lat="55.4346059449017047882080078125" lon="37.752754054963588714599609375">
        <ele>151.8000030517578125</ele>
        <time>2026-01-28T13:54:41.000Z</time>
        <extensions>
          <ns3:TrackPointExtension>
            <ns3:atemp>26.0</ns3:atemp>
            <ns3:hr>100</ns3:hr>
            <ns3:cad>0</ns3:cad>
          </ns3:TrackPointExtension>
        </extensions>
      </trkpt>
      <trkpt lat="55.43458926491439342498779296875" lon="37.75274625979363918304443359375">
        <ele>152</ele>
        <time>2026-01-28T13:54:42.000Z</time>
        <extensions>
          <ns3:TrackPointExtension>
            <ns3:atemp>26.0</ns3:atemp>
            <ns3:hr>100</ns3:hr>
            <ns3:cad>0</ns3:cad>
          </ns3:TrackPointExtension>
        </extensions>
      </trkpt>
      <trkpt lat="55.43456462211906909942626953125" lon="37.75273226201534271240234375">
        <ele>152</ele>
        <time>2026-01-28T13:54:43.000Z</time>
        <extensions>
          <ns3:TrackPointExtension>
            <ns3:atemp>26.0</ns3:atemp>
            <ns3:hr>101</ns3:hr>
            <ns3:cad>75</ns3:cad>
          </ns3:TrackPointExtension>
        </extensions>
      </trkpt>
      <trkpt lat="55.43454400263726711273193359375" lon="37.7527243830263614654541015625">
        <ele>152.399993896484375</ele>
        <time>2026-01-28T13:54:44.000Z</time>
        <extensions>
          <ns3:TrackPointExtension>
            <ns3:atemp>26.0</ns3:atemp>
            <ns3:hr>101</ns3:hr>
            <ns3:cad>75</ns3:cad>
          </ns3:TrackPointExtension>
        </extensions>
      </trkpt>
      <trkpt lat="55.43452388606965541839599609375" lon="37.7527200244367122650146484375">
        <ele>152.600006103515625</ele>
        <time>2026-01-28T13:54:45.000Z</time>
        <extensions>
          <ns3:TrackPointExtension>
            <ns3:atemp>26.0</ns3:atemp>
            <ns3:hr>101</ns3:hr>
            <ns3:cad>79</ns3:cad>
          </ns3:TrackPointExtension>
        </extensions>
      </trkpt>
      <trkpt lat="55.43450318276882171630859375" lon="37.75271440856158733367919921875">
        <ele>152.600006103515625</ele>
        <time>2026-01-28T13:54:46.000Z</time>
        <extensions>
          <ns3:TrackPointExtension>
            <ns3:atemp>26.0</ns3:atemp>
            <ns3:hr>102</ns3:hr>
            <ns3:cad>79</ns3:cad>
          </ns3:TrackPointExtension>
        </extensions>
      </trkpt>
      <trkpt lat="55.43448306620121002197265625" lon="37.7527176775038242340087890625">
        <ele>152.600006103515625</ele>
        <time>2026-01-28T13:54:47.000Z</time>
        <extensions>
          <ns3:TrackPointExtension>
            <ns3:atemp>26.0</ns3:atemp>
            <ns3:hr>104</ns3:hr>
            <ns3:cad>82</ns3:cad>
          </ns3:TrackPointExtension>
        </extensions>
      </trkpt>
      <trkpt lat="55.434472002089023590087890625" lon="37.75272865779697895050048828125">
        <ele>152.600006103515625</ele>
        <time>2026-01-28T13:54:48.000Z</time>
        <extensions>
          <ns3:TrackPointExtension>
            <ns3:atemp>26.0</ns3:atemp>
            <ns3:hr>105</ns3:hr>
            <ns3:cad>83</ns3:cad>
          </ns3:TrackPointExtension>
        </extensions>
      </trkpt>
      <trkpt lat="55.43445096351206302642822265625" lon="37.7527438290417194366455078125">
        <ele>152.600006103515625</ele>
        <time>2026-01-28T13:54:49.000Z</time>
        <extensions>
          <ns3:TrackPointExtension>
            <ns3:atemp>25.0</ns3:atemp>
            <ns3:hr>107</ns3:hr>
            <ns3:cad>83</ns3:cad>
          </ns3:TrackPointExtension>
        </extensions>
      </trkpt>
      <trkpt lat="55.4344383068382740020751953125" lon="37.75276117958128452301025390625">
        <ele>152.600006103515625</ele>
        <time>2026-01-28T13:54:50.000Z</time>
        <extensions>
          <ns3:TrackPointExtension>
            <ns3:atemp>25.0</ns3:atemp>
            <ns3:hr>108</ns3:hr>
            <ns3:cad>83</ns3:cad>
          </ns3:TrackPointExtension>
        </extensions>
      </trkpt>
      <trkpt lat="55.43443084694445133209228515625" lon="37.752786241471767425537109375">
        <ele>152.8000030517578125</ele>
        <time>2026-01-28T13:54:51.000Z</time>
        <extensions>
          <ns3:TrackPointExtension>
            <ns3:atemp>25.0</ns3:atemp>
            <ns3:hr>110</ns3:hr>
            <ns3:cad>81</ns3:cad>
          </ns3:TrackPointExtension>
        </extensions>
      </trkpt>
      <trkpt lat="55.434424392879009246826171875" lon="37.752817086875438690185546875">
        <ele>152.8000030517578125</ele>
        <time>2026-01-28T13:54:52.000Z</time>
        <extensions>
          <ns3:TrackPointExtension>
            <ns3:atemp>25.0</ns3:atemp>
            <ns3:hr>114</ns3:hr>
            <ns3:cad>81</ns3:cad>
          </ns3:TrackPointExtension>
        </extensions>
      </trkpt>
      <trkpt lat="55.43440754525363445281982421875" lon="37.75283628143370151519775390625">
        <ele>152.8000030517578125</ele>
        <time>2026-01-28T13:54:53.000Z</time>
        <extensions>
          <ns3:TrackPointExtension>
            <ns3:atemp>25.0</ns3:atemp>
            <ns3:hr>116</ns3:hr>
            <ns3:cad>81</ns3:cad>
          </ns3:TrackPointExtension>
        </extensions>
      </trkpt>
      <trkpt lat="55.43439321219921112060546875" lon="37.7528603374958038330078125">
        <ele>153</ele>
        <time>2026-01-28T13:54:54.000Z</time>
        <extensions>
          <ns3:TrackPointExtension>
            <ns3:atemp>25.0</ns3:atemp>
            <ns3:hr>117</ns3:hr>
            <ns3:cad>79</ns3:cad>
          </ns3:TrackPointExtension>
        </extensions>
      </trkpt>
      <trkpt lat="55.43439597822725772857666015625" lon="37.7528856508433818817138671875">
        <ele>153</ele>
        <time>2026-01-28T13:54:55.000Z</time>
        <extensions>
          <ns3:TrackPointExtension>
            <ns3:atemp>25.0</ns3:atemp>
            <ns3:hr>118</ns3:hr>
            <ns3:cad>71</ns3:cad>
          </ns3:TrackPointExtension>
        </extensions>
      </trkpt>
      <trkpt lat="55.43440335430204868316650390625" lon="37.75293133221566677093505859375">
        <ele>153</ele>
        <time>2026-01-28T13:54:56.000Z</time>
        <extensions>
          <ns3:TrackPointExtension>
            <ns3:atemp>25.0</ns3:atemp>
            <ns3:hr>119</ns3:hr>
            <ns3:cad>71</ns3:cad>
          </ns3:TrackPointExtension>
        </extensions>
      </trkpt>
      <trkpt lat="55.43441064655780792236328125" lon="37.7529634349048137664794921875">
        <ele>153</ele>
        <time>2026-01-28T13:54:57.000Z</time>
        <extensions>
          <ns3:TrackPointExtension>
            <ns3:atemp>25.0</ns3:atemp>
            <ns3:hr>119</ns3:hr>
            <ns3:cad>71</ns3:cad>
          </ns3:TrackPointExtension>
        </extensions>
      </trkpt>
      <trkpt lat="55.43442028574645519256591796875" lon="37.7529922686517238616943359375">
        <ele>153</ele>
        <time>2026-01-28T13:54:58.000Z</time>
        <extensions>
          <ns3:TrackPointExtension>
            <ns3:atemp>25.0</ns3:atemp>
            <ns3:hr>120</ns3:hr>
            <ns3:cad>71</ns3:cad>
          </ns3:TrackPointExtension>
        </extensions>
      </trkpt>
      <trkpt lat="55.43442129157483577728271484375" lon="37.7530400454998016357421875">
        <ele>153.1999969482421875</ele>
        <time>2026-01-28T13:54:59.000Z</time>
        <extensions>
          <ns3:TrackPointExtension>
            <ns3:atemp>25.0</ns3:atemp>
            <ns3:hr>121</ns3:hr>
            <ns3:cad>71</ns3:cad>
          </ns3:TrackPointExtension>
        </extensions>
      </trkpt>
      <trkpt lat="55.43443000875413417816162109375" lon="37.7530682086944580078125">
        <ele>153.399993896484375</ele>
        <time>2026-01-28T13:55:00.000Z</time>
        <extensions>
          <ns3:TrackPointExtension>
            <ns3:atemp>25.0</ns3:atemp>
            <ns3:hr>121</ns3:hr>
            <ns3:cad>79</ns3:cad>
          </ns3:TrackPointExtension>
        </extensions>
      </trkpt>
      <trkpt lat="55.43443654663860797882080078125" lon="37.7530998922884464263916015625">
        <ele>153.600006103515625</ele>
        <time>2026-01-28T13:55:01.000Z</time>
        <extensions>
          <ns3:TrackPointExtension>
            <ns3:atemp>25.0</ns3:atemp>
            <ns3:hr>122</ns3:hr>
            <ns3:cad>80</ns3:cad>
          </ns3:TrackPointExtension>
        </extensions>
      </trkpt>
      <trkpt lat="55.43444023467600345611572265625" lon="37.7531387843191623687744140625">
        <ele>153.8000030517578125</ele>
        <time>2026-01-28T13:55:02.000Z</time>
        <extensions>
          <ns3:TrackPointExtension>
            <ns3:atemp>25.0</ns3:atemp>
            <ns3:hr>122</ns3:hr>
            <ns3:cad>80</ns3:cad>
          </ns3:TrackPointExtension>
        </extensions>
      </trkpt>
      <trkpt lat="55.43444761075079441070556640625" lon="37.75317155756056308746337890625">
        <ele>154</ele>
        <time>2026-01-28T13:55:03.000Z</time>
        <extensions>
          <ns3:TrackPointExtension>
            <ns3:atemp>25.0</ns3:atemp>
            <ns3:hr>123</ns3:hr>
            <ns3:cad>81</ns3:cad>
          </ns3:TrackPointExtension>
        </extensions>
      </trkpt>
      <trkpt lat="55.43445481918752193450927734375" lon="37.75320030748844146728515625">
        <ele>154</ele>
        <time>2026-01-28T13:55:04.000Z</time>
        <extensions>
          <ns3:TrackPointExtension>
            <ns3:atemp>25.0</ns3:atemp>
            <ns3:hr>124</ns3:hr>
            <ns3:cad>81</ns3:cad>
          </ns3:TrackPointExtension>
        </extensions>
      </trkpt>
      <trkpt lat="55.434455573558807373046875" lon="37.75324112735688686370849609375">
        <ele>154.1999969482421875</ele>
        <time>2026-01-28T13:55:05.000Z</time>
        <extensions>
          <ns3:TrackPointExtension>
            <ns3:atemp>24.0</ns3:atemp>
            <ns3:hr>125</ns3:hr>
            <ns3:cad>81</ns3:cad>
          </ns3:TrackPointExtension>
        </extensions>
      </trkpt>
      <trkpt lat="55.43444551527500152587890625" lon="37.75326007045805454254150390625">
        <ele>154.1999969482421875</ele>
        <time>2026-01-28T13:55:06.000Z</time>
        <extensions>
          <ns3:TrackPointExtension>
            <ns3:atemp>24.0</ns3:atemp>
            <ns3:hr>126</ns3:hr>
            <ns3:cad>81</ns3:cad>
          </ns3:TrackPointExtension>
        </extensions>
      </trkpt>
      <trkpt lat="55.43442363850772380828857421875" lon="37.75326811708509922027587890625">
        <ele>154.1999969482421875</ele>
        <time>2026-01-28T13:55:07.000Z</time>
        <extensions>
          <ns3:TrackPointExtension>
            <ns3:atemp>24.0</ns3:atemp>
            <ns3:hr>128</ns3:hr>
            <ns3:cad>79</ns3:cad>
          </ns3:TrackPointExtension>
        </extensions>
      </trkpt>
      <trkpt lat="55.43442070484161376953125" lon="37.753275744616985321044921875">
        <ele>154.399993896484375</ele>
        <time>2026-01-28T13:55:08.000Z</time>
        <extensions>
          <ns3:TrackPointExtension>
            <ns3:atemp>24.0</ns3:atemp>
            <ns3:hr>129</ns3:hr>
            <ns3:cad>79</ns3:cad>
          </ns3:TrackPointExtension>
        </extensions>
      </trkpt>
      <trkpt lat="55.4344225488603115081787109375" lon="37.75330851785838603973388671875">
        <ele>154.600006103515625</ele>
        <time>2026-01-28T13:55:09.000Z</time>
        <extensions>
          <ns3:TrackPointExtension>
            <ns3:atemp>24.0</ns3:atemp>
            <ns3:hr>130</ns3:hr>
            <ns3:cad>80</ns3:cad>
          </ns3:TrackPointExtension>
        </extensions>
      </trkpt>
      <trkpt lat="55.4344265721738338470458984375" lon="37.7533486671745777130126953125">
        <ele>154.8000030517578125</ele>
        <time>2026-01-28T13:55:10.000Z</time>
        <extensions>
          <ns3:TrackPointExtension>
            <ns3:atemp>24.0</ns3:atemp>
            <ns3:hr>130</ns3:hr>
            <ns3:cad>81</ns3:cad>
          </ns3:TrackPointExtension>
        </extensions>
      </trkpt>
      <trkpt lat="55.43443436734378337860107421875" lon="37.75337708182632923126220703125">
        <ele>154.600006103515625</ele>
        <time>2026-01-28T13:55:11.000Z</time>
        <extensions>
          <ns3:TrackPointExtension>
            <ns3:atemp>24.0</ns3:atemp>
            <ns3:hr>131</ns3:hr>
            <ns3:cad>81</ns3:cad>
          </ns3:TrackPointExtension>
        </extensions>
      </trkpt>
      <trkpt lat="55.434434451162815093994140625" lon="37.753420583903789520263671875">
        <ele>154.600006103515625</ele>
        <time>2026-01-28T13:55:12.000Z</time>
        <extensions>
          <ns3:TrackPointExtension>
            <ns3:atemp>24.0</ns3:atemp>
            <ns3:hr>132</ns3:hr>
            <ns3:cad>81</ns3:cad>
          </ns3:TrackPointExtension>
        </extensions>
      </trkpt>
      <trkpt lat="55.4344362951815128326416015625" lon="37.75345553644001483917236328125">
        <ele>154.399993896484375</ele>
        <time>2026-01-28T13:55:13.000Z</time>
        <extensions>
          <ns3:TrackPointExtension>
            <ns3:atemp>24.0</ns3:atemp>
            <ns3:hr>133</ns3:hr>
            <ns3:cad>81</ns3:cad>
          </ns3:TrackPointExtension>
        </extensions>
      </trkpt>
      <trkpt lat="55.43444140814244747161865234375" lon="37.7534868009388446807861328125">
        <ele>154.600006103515625</ele>
        <time>2026-01-28T13:55:14.000Z</time>
        <extensions>
          <ns3:TrackPointExtension>
            <ns3:atemp>24.0</ns3:atemp>
            <ns3:hr>133</ns3:hr>
            <ns3:cad>81</ns3:cad>
          </ns3:TrackPointExtension>
        </extensions>
      </trkpt>
      <trkpt lat="55.43443654663860797882080078125" lon="37.75353348813951015472412109375">
        <ele>154.8000030517578125</ele>
        <time>2026-01-28T13:55:15.000Z</time>
        <extensions>
          <ns3:TrackPointExtension>
            <ns3:atemp>24.0</ns3:atemp>
            <ns3:hr>134</ns3:hr>
            <ns3:cad>81</ns3:cad>
          </ns3:TrackPointExtension>
        </extensions>
      </trkpt>
      <trkpt lat="55.43443788774311542510986328125" lon="37.75356299243867397308349609375">
        <ele>154.8000030517578125</ele>
        <time>2026-01-28T13:55:16.000Z</time>
        <extensions>
          <ns3:TrackPointExtension>
            <ns3:atemp>24.0</ns3:atemp>
            <ns3:hr>135</ns3:hr>
            <ns3:cad>81</ns3:cad>
          </ns3:TrackPointExtension>
        </extensions>
      </trkpt>
      <trkpt lat="55.4344379715621471405029296875" lon="37.7535981126129627227783203125">
        <ele>154.8000030517578125</ele>
        <time>2026-01-28T13:55:17.000Z</time>
        <extensions>
          <ns3:TrackPointExtension>
            <ns3:atemp>24.0</ns3:atemp>
            <ns3:hr>135</ns3:hr>
            <ns3:cad>81</ns3:cad>
          </ns3:TrackPointExtension>
        </extensions>
      </trkpt>
      <trkpt lat="55.43442405760288238525390625" lon="37.75363373570144176483154296875">
        <ele>154.8000030517578125</ele>
        <time>2026-01-28T13:55:18.000Z</time>
        <extensions>
          <ns3:TrackPointExtension>
            <ns3:atemp>24.0</ns3:atemp>
            <ns3:hr>136</ns3:hr>
            <ns3:cad>81</ns3:cad>
          </ns3:TrackPointExtension>
        </extensions>
      </trkpt>
      <trkpt lat="55.43441240675747394561767578125" lon="37.753655947744846343994140625">
        <ele>154.8000030517578125</ele>
        <time>2026-01-28T13:55:19.000Z</time>
        <extensions>
          <ns3:TrackPointExtension>
            <ns3:atemp>24.0</ns3:atemp>
            <ns3:hr>136</ns3:hr>
            <ns3:cad>80</ns3:cad>
          </ns3:TrackPointExtension>
        </extensions>
      </trkpt>
      <trkpt lat="55.43440385721623897552490234375" lon="37.75368285365402698516845703125">
        <ele>154.600006103515625</ele>
        <time>2026-01-28T13:55:20.000Z</time>
        <extensions>
          <ns3:TrackPointExtension>
            <ns3:atemp>24.0</ns3:atemp>
            <ns3:hr>137</ns3:hr>
            <ns3:cad>80</ns3:cad>
          </ns3:TrackPointExtension>
        </extensions>
      </trkpt>
      <trkpt lat="55.4343947209417819976806640625" lon="37.75371839292347431182861328125">
        <ele>154.399993896484375</ele>
        <time>2026-01-28T13:55:21.000Z</time>
        <extensions>
          <ns3:TrackPointExtension>
            <ns3:atemp>24.0</ns3:atemp>
            <ns3:hr>138</ns3:hr>
            <ns3:cad>80</ns3:cad>
          </ns3:TrackPointExtension>
        </extensions>
      </trkpt>
      <trkpt lat="55.4343866743147373199462890625" lon="37.7537506632506847381591796875">
        <ele>154.399993896484375</ele>
        <time>2026-01-28T13:55:22.000Z</time>
        <extensions>
          <ns3:TrackPointExtension>
            <ns3:atemp>23.0</ns3:atemp>
            <ns3:hr>138</ns3:hr>
            <ns3:cad>80</ns3:cad>
          </ns3:TrackPointExtension>
        </extensions>
      </trkpt>
      <trkpt lat="55.43437334708869457244873046875" lon="37.753773964941501617431640625">
        <ele>154.399993896484375</ele>
        <time>2026-01-28T13:55:23.000Z</time>
        <extensions>
          <ns3:TrackPointExtension>
            <ns3:atemp>23.0</ns3:atemp>
            <ns3:hr>138</ns3:hr>
            <ns3:cad>80</ns3:cad>
          </ns3:TrackPointExtension>
        </extensions>
      </trkpt>
      <trkpt lat="55.434347949922084808349609375" lon="37.753785364329814910888671875">
        <ele>154.1999969482421875</ele>
        <time>2026-01-28T13:55:24.000Z</time>
        <extensions>
          <ns3:TrackPointExtension>
            <ns3:atemp>23.0</ns3:atemp>
            <ns3:hr>139</ns3:hr>
            <ns3:cad>80</ns3:cad>
          </ns3:TrackPointExtension>
        </extensions>
      </trkpt>
      <trkpt lat="55.43432992883026599884033203125" lon="37.75380020029842853546142578125">
        <ele>154</ele>
        <time>2026-01-28T13:55:25.000Z</time>
        <extensions>
          <ns3:TrackPointExtension>
            <ns3:atemp>23.0</ns3:atemp>
            <ns3:hr>139</ns3:hr>
            <ns3:cad>80</ns3:cad>
          </ns3:TrackPointExtension>
        </extensions>
      </trkpt>
      <trkpt lat="55.434310398995876312255859375" lon="37.75381721556186676025390625">
        <ele>153.8000030517578125</ele>
        <time>2026-01-28T13:55:26.000Z</time>
        <extensions>
          <ns3:TrackPointExtension>
            <ns3:atemp>23.0</ns3:atemp>
            <ns3:hr>139</ns3:hr>
            <ns3:cad>78</ns3:cad>
          </ns3:TrackPointExtension>
        </extensions>
      </trkpt>
      <trkpt lat="55.43428349308669567108154296875" lon="37.75382048450410366058349609375">
        <ele>153.8000030517578125</ele>
        <time>2026-01-28T13:55:27.000Z</time>
        <extensions>
          <ns3:TrackPointExtension>
            <ns3:atemp>23.0</ns3:atemp>
            <ns3:hr>139</ns3:hr>
            <ns3:cad>78</ns3:cad>
          </ns3:TrackPointExtension>
        </extensions>
      </trkpt>
      <trkpt lat="55.43426672928035259246826171875" lon="37.75383657775819301605224609375">
        <ele>153.8000030517578125</ele>
        <time>2026-01-28T13:55:28.000Z</time>
        <extensions>
          <ns3:TrackPointExtension>
            <ns3:atemp>23.0</ns3:atemp>
            <ns3:hr>138</ns3:hr>
            <ns3:cad>78</ns3:cad>
          </ns3:TrackPointExtension>
        </extensions>
      </trkpt>
      <trkpt lat="55.43424812145531177520751953125" lon="37.75384848006069660186767578125">
        <ele>154</ele>
        <time>2026-01-28T13:55:29.000Z</time>
        <extensions>
          <ns3:TrackPointExtension>
            <ns3:atemp>23.0</ns3:atemp>
            <ns3:hr>138</ns3:hr>
            <ns3:cad>80</ns3:cad>
          </ns3:TrackPointExtension>
        </extensions>
      </trkpt>
      <trkpt lat="55.434228591620922088623046875" lon="37.75384001433849334716796875">
        <ele>154</ele>
        <time>2026-01-28T13:55:30.000Z</time>
        <extensions>
          <ns3:TrackPointExtension>
            <ns3:atemp>23.0</ns3:atemp>
            <ns3:hr>138</ns3:hr>
            <ns3:cad>81</ns3:cad>
          </ns3:TrackPointExtension>
        </extensions>
      </trkpt>
      <trkpt lat="55.4342133365571498870849609375" lon="37.7538465522229671478271484375">
        <ele>154.1999969482421875</ele>
        <time>2026-01-28T13:55:31.000Z</time>
        <extensions>
          <ns3:TrackPointExtension>
            <ns3:atemp>23.0</ns3:atemp>
            <ns3:hr>137</ns3:hr>
            <ns3:cad>81</ns3:cad>
          </ns3:TrackPointExtension>
        </extensions>
      </trkpt>
      <trkpt lat="55.4341913759708404541015625" lon="37.753846384584903717041015625">
        <ele>154.1999969482421875</ele>
        <time>2026-01-28T13:55:32.000Z</time>
        <extensions>
          <ns3:TrackPointExtension>
            <ns3:atemp>23.0</ns3:atemp>
            <ns3:hr>137</ns3:hr>
            <ns3:cad>81</ns3:cad>
          </ns3:TrackPointExtension>
        </extensions>
      </trkpt>
      <trkpt lat="55.434173606336116790771484375" lon="37.75384361855685710906982421875">
        <ele>154</ele>
        <time>2026-01-28T13:55:33.000Z</time>
        <extensions>
          <ns3:TrackPointExtension>
            <ns3:atemp>23.0</ns3:atemp>
            <ns3:hr>136</ns3:hr>
            <ns3:cad>81</ns3:cad>
          </ns3:TrackPointExtension>
        </extensions>
      </trkpt>
      <trkpt lat="55.434156842529773712158203125" lon="37.7538475580513477325439453125">
        <ele>154</ele>
        <time>2026-01-28T13:55:34.000Z</time>
        <extensions>
          <ns3:TrackPointExtension>
            <ns3:atemp>23.0</ns3:atemp>
            <ns3:hr>136</ns3:hr>
            <ns3:cad>81</ns3:cad>
          </ns3:TrackPointExtension>
        </extensions>
      </trkpt>
      <trkpt lat="55.434136725962162017822265625" lon="37.753832973539829254150390625">
        <ele>154.1999969482421875</ele>
        <time>2026-01-28T13:55:35.000Z</time>
        <extensions>
          <ns3:TrackPointExtension>
            <ns3:atemp>23.0</ns3:atemp>
            <ns3:hr>137</ns3:hr>
            <ns3:cad>82</ns3:cad>
          </ns3:TrackPointExtension>
        </extensions>
      </trkpt>
      <trkpt lat="55.43411686085164546966552734375" lon="37.7538351528346538543701171875">
        <ele>154.1999969482421875</ele>
        <time>2026-01-28T13:55:36.000Z</time>
        <extensions>
          <ns3:TrackPointExtension>
            <ns3:atemp>23.0</ns3:atemp>
            <ns3:hr>137</ns3:hr>
            <ns3:cad>82</ns3:cad>
          </ns3:TrackPointExtension>
        </extensions>
      </trkpt>
      <trkpt lat="55.43409573845565319061279296875" lon="37.75384244509041309356689453125">
        <ele>154.1999969482421875</ele>
        <time>2026-01-28T13:55:37.000Z</time>
        <extensions>
          <ns3:TrackPointExtension>
            <ns3:atemp>23.0</ns3:atemp>
            <ns3:hr>137</ns3:hr>
            <ns3:cad>82</ns3:cad>
          </ns3:TrackPointExtension>
        </extensions>
      </trkpt>
      <trkpt lat="55.43407428078353404998779296875" lon="37.753836326301097869873046875">
        <ele>154.1999969482421875</ele>
        <time>2026-01-28T13:55:38.000Z</time>
        <extensions>
          <ns3:TrackPointExtension>
            <ns3:atemp>22.0</ns3:atemp>
            <ns3:hr>136</ns3:hr>
            <ns3:cad>82</ns3:cad>
          </ns3:TrackPointExtension>
        </extensions>
      </trkpt>
      <trkpt lat="55.43405332602560520172119140625" lon="37.75384227745234966278076171875">
        <ele>154.1999969482421875</ele>
        <time>2026-01-28T13:55:39.000Z</time>
        <extensions>
          <ns3:TrackPointExtension>
            <ns3:atemp>22.0</ns3:atemp>
            <ns3:hr>137</ns3:hr>
            <ns3:cad>82</ns3:cad>
          </ns3:TrackPointExtension>
        </extensions>
      </trkpt>
      <trkpt lat="55.43403203599154949188232421875" lon="37.75384428910911083221435546875">
        <ele>154.1999969482421875</ele>
        <time>2026-01-28T13:55:40.000Z</time>
        <extensions>
          <ns3:TrackPointExtension>
            <ns3:atemp>22.0</ns3:atemp>
            <ns3:hr>137</ns3:hr>
            <ns3:cad>82</ns3:cad>
          </ns3:TrackPointExtension>
        </extensions>
      </trkpt>
      <trkpt lat="55.43401342816650867462158203125" lon="37.75384512729942798614501953125">
        <ele>154.1999969482421875</ele>
        <time>2026-01-28T13:55:41.000Z</time>
        <extensions>
          <ns3:TrackPointExtension>
            <ns3:atemp>22.0</ns3:atemp>
            <ns3:hr>136</ns3:hr>
            <ns3:cad>82</ns3:cad>
          </ns3:TrackPointExtension>
        </extensions>
      </trkpt>
      <trkpt lat="55.4339970834553241729736328125" lon="37.75385166518390178680419921875">
        <ele>154.1999969482421875</ele>
        <time>2026-01-28T13:55:42.000Z</time>
        <extensions>
          <ns3:TrackPointExtension>
            <ns3:atemp>22.0</ns3:atemp>
            <ns3:hr>136</ns3:hr>
            <ns3:cad>82</ns3:cad>
          </ns3:TrackPointExtension>
        </extensions>
      </trkpt>
      <trkpt lat="55.433981157839298248291015625" lon="37.7538468874990940093994140625">
        <ele>154.399993896484375</ele>
        <time>2026-01-28T13:55:43.000Z</time>
        <extensions>
          <ns3:TrackPointExtension>
            <ns3:atemp>22.0</ns3:atemp>
            <ns3:hr>136</ns3:hr>
            <ns3:cad>79</ns3:cad>
          </ns3:TrackPointExtension>
        </extensions>
      </trkpt>
      <trkpt lat="55.43396833352744579315185546875" lon="37.75385568849742412567138671875">
        <ele>154.399993896484375</ele>
        <time>2026-01-28T13:55:44.000Z</time>
        <extensions>
          <ns3:TrackPointExtension>
            <ns3:atemp>22.0</ns3:atemp>
            <ns3:hr>136</ns3:hr>
            <ns3:cad>79</ns3:cad>
          </ns3:TrackPointExtension>
        </extensions>
      </trkpt>
      <trkpt lat="55.4339484684169292449951171875" lon="37.753846384584903717041015625">
        <ele>154.600006103515625</ele>
        <time>2026-01-28T13:55:45.000Z</time>
        <extensions>
          <ns3:TrackPointExtension>
            <ns3:atemp>22.0</ns3:atemp>
            <ns3:hr>137</ns3:hr>
            <ns3:cad>79</ns3:cad>
          </ns3:TrackPointExtension>
        </extensions>
      </trkpt>
      <trkpt lat="55.4339338839054107666015625" lon="37.75382719002664089202880859375">
        <ele>154.600006103515625</ele>
        <time>2026-01-28T13:55:46.000Z</time>
        <extensions>
          <ns3:TrackPointExtension>
            <ns3:atemp>22.0</ns3:atemp>
            <ns3:hr>136</ns3:hr>
            <ns3:cad>76</ns3:cad>
          </ns3:TrackPointExtension>
        </extensions>
      </trkpt>
      <trkpt lat="55.4339204728603363037109375" lon="37.75381059385836124420166015625">
        <ele>154.8000030517578125</ele>
        <time>2026-01-28T13:55:47.000Z</time>
        <extensions>
          <ns3:TrackPointExtension>
            <ns3:atemp>22.0</ns3:atemp>
            <ns3:hr>136</ns3:hr>
            <ns3:cad>76</ns3:cad>
          </ns3:TrackPointExtension>
        </extensions>
      </trkpt>
      <trkpt lat="55.43390664272010326385498046875" lon="37.7537754736840724945068359375">
        <ele>154.8000030517578125</ele>
        <time>2026-01-28T13:55:48.000Z</time>
        <extensions>
          <ns3:TrackPointExtension>
            <ns3:atemp>22.0</ns3:atemp>
            <ns3:hr>137</ns3:hr>
            <ns3:cad>76</ns3:cad>
          </ns3:TrackPointExtension>
        </extensions>
      </trkpt>
      <trkpt lat="55.43389876373112201690673828125" lon="37.75375426746904850006103515625">
        <ele>155</ele>
        <time>2026-01-28T13:55:49.000Z</time>
        <extensions>
          <ns3:TrackPointExtension>
            <ns3:atemp>22.0</ns3:atemp>
            <ns3:hr>136</ns3:hr>
            <ns3:cad>76</ns3:cad>
          </ns3:TrackPointExtension>
        </extensions>
      </trkpt>
      <trkpt lat="55.43388870544731616973876953125" lon="37.75373809039592742919921875">
        <ele>155.1999969482421875</ele>
        <time>2026-01-28T13:55:50.000Z</time>
        <extensions>
          <ns3:TrackPointExtension>
            <ns3:atemp>22.0</ns3:atemp>
            <ns3:hr>136</ns3:hr>
            <ns3:cad>76</ns3:cad>
          </ns3:TrackPointExtension>
        </extensions>
      </trkpt>
      <trkpt lat="55.43387395329773426055908203125" lon="37.7537218295037746429443359375">
        <ele>155.1999969482421875</ele>
        <time>2026-01-28T13:55:51.000Z</time>
        <extensions>
          <ns3:TrackPointExtension>
            <ns3:atemp>22.0</ns3:atemp>
            <ns3:hr>136</ns3:hr>
            <ns3:cad>80</ns3:cad>
          </ns3:TrackPointExtension>
        </extensions>
      </trkpt>
      <trkpt lat="55.43386188335716724395751953125" lon="37.753723002970218658447265625">
        <ele>155.399993896484375</ele>
        <time>2026-01-28T13:55:52.000Z</time>
        <extensions>
          <ns3:TrackPointExtension>
            <ns3:atemp>22.0</ns3:atemp>
            <ns3:hr>137</ns3:hr>
            <ns3:cad>81</ns3:cad>
          </ns3:TrackPointExtension>
        </extensions>
      </trkpt>
      <trkpt lat="55.43384604156017303466796875" lon="37.75372442789375782012939453125">
        <ele>155.399993896484375</ele>
        <time>2026-01-28T13:55:53.000Z</time>
        <extensions>
          <ns3:TrackPointExtension>
            <ns3:atemp>22.0</ns3:atemp>
            <ns3:hr>136</ns3:hr>
            <ns3:cad>81</ns3:cad>
          </ns3:TrackPointExtension>
        </extensions>
      </trkpt>
      <trkpt lat="55.4338270984590053558349609375" lon="37.75371252559125423431396484375">
        <ele>155.600006103515625</ele>
        <time>2026-01-28T13:55:54.000Z</time>
        <extensions>
          <ns3:TrackPointExtension>
            <ns3:atemp>22.0</ns3:atemp>
            <ns3:hr>136</ns3:hr>
            <ns3:cad>81</ns3:cad>
          </ns3:TrackPointExtension>
        </extensions>
      </trkpt>
      <trkpt lat="55.4338099993765354156494140625" lon="37.75371805764734745025634765625">
        <ele>155.600006103515625</ele>
        <time>2026-01-28T13:55:55.000Z</time>
        <extensions>
          <ns3:TrackPointExtension>
            <ns3:atemp>21.0</ns3:atemp>
            <ns3:hr>137</ns3:hr>
            <ns3:cad>81</ns3:cad>
          </ns3:TrackPointExtension>
        </extensions>
      </trkpt>
      <trkpt lat="55.43379248119890689849853515625" lon="37.753720991313457489013671875">
        <ele>155.600006103515625</ele>
        <time>2026-01-28T13:55:56.000Z</time>
        <extensions>
          <ns3:TrackPointExtension>
            <ns3:atemp>21.0</ns3:atemp>
            <ns3:hr>137</ns3:hr>
            <ns3:cad>81</ns3:cad>
          </ns3:TrackPointExtension>
        </extensions>
      </trkpt>
      <trkpt lat="55.4337828420102596282958984375" lon="37.7537191472947597503662109375">
        <ele>155.600006103515625</ele>
        <time>2026-01-28T13:55:57.000Z</time>
        <extensions>
          <ns3:TrackPointExtension>
            <ns3:atemp>21.0</ns3:atemp>
            <ns3:hr>137</ns3:hr>
            <ns3:cad>81</ns3:cad>
          </ns3:TrackPointExtension>
        </extensions>
      </trkpt>
      <trkpt lat="55.43377940542995929718017578125" lon="37.75371260941028594970703125">
        <ele>155.8000030517578125</ele>
        <time>2026-01-28T13:55:58.000Z</time>
        <extensions>
          <ns3:TrackPointExtension>
            <ns3:atemp>21.0</ns3:atemp>
            <ns3:hr>137</ns3:hr>
            <ns3:cad>81</ns3:cad>
          </ns3:TrackPointExtension>
        </extensions>
      </trkpt>
      <trkpt lat="55.43377839960157871246337890625" lon="37.7537077479064464569091796875">
        <ele>155.8000030517578125</ele>
        <time>2026-01-28T13:55:59.000Z</time>
        <extensions>
          <ns3:TrackPointExtension>
            <ns3:atemp>21.0</ns3:atemp>
            <ns3:hr>137</ns3:hr>
            <ns3:cad>81</ns3:cad>
          </ns3:TrackPointExtension>
        </extensions>
      </trkpt>
      <trkpt lat="55.43377068825066089630126953125" lon="37.753708921372890472412109375">
        <ele>155.8000030517578125</ele>
        <time>2026-01-28T13:56:00.000Z</time>
        <extensions>
          <ns3:TrackPointExtension>
            <ns3:atemp>21.0</ns3:atemp>
            <ns3:hr>138</ns3:hr>
            <ns3:cad>0</ns3:cad>
          </ns3:TrackPointExtension>
        </extensions>
      </trkpt>
      <trkpt lat="55.4337694309651851654052734375" lon="37.7537077479064464569091796875">
        <ele>155.8000030517578125</ele>
        <time>2026-01-28T13:56:01.000Z</time>
        <extensions>
          <ns3:TrackPointExtension>
            <ns3:atemp>21.0</ns3:atemp>
            <ns3:hr>138</ns3:hr>
            <ns3:cad>0</ns3:cad>
          </ns3:TrackPointExtension>
        </extensions>
      </trkpt>
      <trkpt lat="55.4337875358760356903076171875" lon="37.7535174787044525146484375">
        <ele>159.399993896484375</ele>
        <time>2026-01-28T13:59:42.000Z</time>
        <extensions>
          <ns3:TrackPointExtension>
            <ns3:atemp>16.0</ns3:atemp>
            <ns3:hr>120</ns3:hr>
            <ns3:cad>0</ns3:cad>
          </ns3:TrackPointExtension>
        </extensions>
      </trkpt>
      <trkpt lat="55.4337875358760356903076171875" lon="37.7535174787044525146484375">
        <ele>159.399993896484375</ele>
        <time>2026-01-28T13:59:43.000Z</time>
        <extensions>
          <ns3:TrackPointExtension>
            <ns3:atemp>16.0</ns3:atemp>
            <ns3:hr>120</ns3:hr>
            <ns3:cad>0</ns3:cad>
          </ns3:TrackPointExtension>
        </extensions>
      </trkpt>
      <trkpt lat="55.433788709342479705810546875" lon="37.753503732383251190185546875">
        <ele>159.399993896484375</ele>
        <time>2026-01-28T13:59:44.000Z</time>
        <extensions>
          <ns3:TrackPointExtension>
            <ns3:atemp>16.0</ns3:atemp>
            <ns3:hr>120</ns3:hr>
            <ns3:cad>0</ns3:cad>
          </ns3:TrackPointExtension>
        </extensions>
      </trkpt>
      <trkpt lat="55.43378376401960849761962890625" lon="37.75350532494485378265380859375">
        <ele>159.399993896484375</ele>
        <time>2026-01-28T13:59:45.000Z</time>
        <extensions>
          <ns3:TrackPointExtension>
            <ns3:atemp>16.0</ns3:atemp>
            <ns3:hr>120</ns3:hr>
            <ns3:cad>0</ns3:cad>
          </ns3:TrackPointExtension>
        </extensions>
      </trkpt>
      <trkpt lat="55.43377228081226348876953125" lon="37.7535092644393444061279296875">
        <ele>159.1999969482421875</ele>
        <time>2026-01-28T13:59:46.000Z</time>
        <extensions>
          <ns3:TrackPointExtension>
            <ns3:atemp>16.0</ns3:atemp>
            <ns3:hr>119</ns3:hr>
            <ns3:cad>0</ns3:cad>
          </ns3:TrackPointExtension>
        </extensions>
      </trkpt>
      <trkpt lat="55.4337714426219463348388671875" lon="37.75349132716655731201171875">
        <ele>159.1999969482421875</ele>
        <time>2026-01-28T13:59:47.000Z</time>
        <extensions>
          <ns3:TrackPointExtension>
            <ns3:atemp>16.0</ns3:atemp>
            <ns3:hr>119</ns3:hr>
            <ns3:cad>0</ns3:cad>
          </ns3:TrackPointExtension>
        </extensions>
      </trkpt>
      <trkpt lat="55.4337664134800434112548828125" lon="37.75348017923533916473388671875">
        <ele>159.1999969482421875</ele>
        <time>2026-01-28T13:59:48.000Z</time>
        <extensions>
          <ns3:TrackPointExtension>
            <ns3:atemp>16.0</ns3:atemp>
            <ns3:hr>119</ns3:hr>
            <ns3:cad>0</ns3:cad>
          </ns3:TrackPointExtension>
        </extensions>
      </trkpt>
      <trkpt lat="55.43375484645366668701171875" lon="37.7534650079905986785888671875">
        <ele>159.1999969482421875</ele>
        <time>2026-01-28T13:59:49.000Z</time>
        <extensions>
          <ns3:TrackPointExtension>
            <ns3:atemp>16.0</ns3:atemp>
            <ns3:hr>119</ns3:hr>
            <ns3:cad>0</ns3:cad>
          </ns3:TrackPointExtension>
        </extensions>
      </trkpt>
      <trkpt lat="55.43375023640692234039306640625" lon="37.75346945039927959442138671875">
        <ele>159.1999969482421875</ele>
        <time>2026-01-28T13:59:50.000Z</time>
        <extensions>
          <ns3:TrackPointExtension>
            <ns3:atemp>16.0</ns3:atemp>
            <ns3:hr>119</ns3:hr>
            <ns3:cad>0</ns3:cad>
          </ns3:TrackPointExtension>
        </extensions>
      </trkpt>
      <trkpt lat="55.43374604545533657073974609375" lon="37.7534804306924343109130859375">
        <ele>159.1999969482421875</ele>
        <time>2026-01-28T13:59:51.000Z</time>
        <extensions>
          <ns3:TrackPointExtension>
            <ns3:atemp>16.0</ns3:atemp>
            <ns3:hr>119</ns3:hr>
            <ns3:cad>0</ns3:cad>
          </ns3:TrackPointExtension>
        </extensions>
      </trkpt>
      <trkpt lat="55.4337369091808795928955078125" lon="37.75347246788442134857177734375">
        <ele>159.1999969482421875</ele>
        <time>2026-01-28T13:59:52.000Z</time>
        <extensions>
          <ns3:TrackPointExtension>
            <ns3:atemp>16.0</ns3:atemp>
            <ns3:hr>119</ns3:hr>
            <ns3:cad>0</ns3:cad>
          </ns3:TrackPointExtension>
        </extensions>
      </trkpt>
      <trkpt lat="55.43373213149607181549072265625" lon="37.7534626610577106475830078125">
        <ele>159.1999969482421875</ele>
        <time>2026-01-28T13:59:53.000Z</time>
        <extensions>
          <ns3:TrackPointExtension>
            <ns3:atemp>16.0</ns3:atemp>
            <ns3:hr>119</ns3:hr>
            <ns3:cad>0</ns3:cad>
          </ns3:TrackPointExtension>
        </extensions>
      </trkpt>
      <trkpt lat="55.43372324667870998382568359375" lon="37.75348319672048091888427734375">
        <ele>159.1999969482421875</ele>
        <time>2026-01-28T13:59:54.000Z</time>
        <extensions>
          <ns3:TrackPointExtension>
            <ns3:atemp>16.0</ns3:atemp>
            <ns3:hr>118</ns3:hr>
            <ns3:cad>0</ns3:cad>
          </ns3:TrackPointExtension>
        </extensions>
      </trkpt>
      <trkpt lat="55.43371084146201610565185546875" lon="37.75346961803734302520751953125">
        <ele>159.399993896484375</ele>
        <time>2026-01-28T13:59:55.000Z</time>
        <extensions>
          <ns3:TrackPointExtension>
            <ns3:atemp>16.0</ns3:atemp>
            <ns3:hr>118</ns3:hr>
            <ns3:cad>0</ns3:cad>
          </ns3:TrackPointExtension>
        </extensions>
      </trkpt>
      <trkpt lat="55.43370413593947887420654296875" lon="37.75344598107039928436279296875">
        <ele>159.399993896484375</ele>
        <time>2026-01-28T13:59:56.000Z</time>
        <extensions>
          <ns3:TrackPointExtension>
            <ns3:atemp>16.0</ns3:atemp>
            <ns3:hr>118</ns3:hr>
            <ns3:cad>0</ns3:cad>
          </ns3:TrackPointExtension>
        </extensions>
      </trkpt>
      <trkpt lat="55.433700866997241973876953125" lon="37.75342033244669437408447265625">
        <ele>159.1999969482421875</ele>
        <time>2026-01-28T13:59:57.000Z</time>
        <extensions>
          <ns3:TrackPointExtension>
            <ns3:atemp>16.0</ns3:atemp>
            <ns3:hr>118</ns3:hr>
            <ns3:cad>0</ns3:cad>
          </ns3:TrackPointExtension>
        </extensions>
      </trkpt>
      <trkpt lat="55.43369541876018047332763671875" lon="37.75337733328342437744140625">
        <ele>159</ele>
        <time>2026-01-28T13:59:58.000Z</time>
        <extensions>
          <ns3:TrackPointExtension>
            <ns3:atemp>16.0</ns3:atemp>
            <ns3:hr>118</ns3:hr>
            <ns3:cad>0</ns3:cad>
          </ns3:TrackPointExtension>
        </extensions>
      </trkpt>
      <trkpt lat="55.4336953349411487579345703125" lon="37.753331400454044342041015625">
        <ele>159</ele>
        <time>2026-01-28T13:59:59.000Z</time>
        <extensions>
          <ns3:TrackPointExtension>
            <ns3:atemp>16.0</ns3:atemp>
            <ns3:hr>118</ns3:hr>
            <ns3:cad>0</ns3:cad>
          </ns3:TrackPointExtension>
        </extensions>
      </trkpt>
      <trkpt lat="55.43369508348405361175537109375" lon="37.75329795666038990020751953125">
        <ele>159</ele>
        <time>2026-01-28T14:00:00.000Z</time>
        <extensions>
          <ns3:TrackPointExtension>
            <ns3:atemp>16.0</ns3:atemp>
            <ns3:hr>118</ns3:hr>
            <ns3:cad>0</ns3:cad>
          </ns3:TrackPointExtension>
        </extensions>
      </trkpt>
      <trkpt lat="55.43368234299123287200927734375" lon="37.75324313901364803314208984375">
        <ele>159</ele>
        <time>2026-01-28T14:00:01.000Z</time>
        <extensions>
          <ns3:TrackPointExtension>
            <ns3:atemp>16.0</ns3:atemp>
            <ns3:hr>118</ns3:hr>
            <ns3:cad>0</ns3:cad>
          </ns3:TrackPointExtension>
        </extensions>
      </trkpt>
      <trkpt lat="55.433685444295406341552734375" lon="37.7532095275819301605224609375">
        <ele>159.1999969482421875</ele>
        <time>2026-01-28T14:00:02.000Z</time>
        <extensions>
          <ns3:TrackPointExtension>
            <ns3:atemp>16.0</ns3:atemp>
            <ns3:hr>118</ns3:hr>
            <ns3:cad>81</ns3:cad>
          </ns3:TrackPointExtension>
        </extensions>
      </trkpt>
      <trkpt lat="55.4336909763514995574951171875" lon="37.75319150649011135101318359375">
        <ele>159.399993896484375</ele>
        <time>2026-01-28T14:00:03.000Z</time>
        <extensions>
          <ns3:TrackPointExtension>
            <ns3:atemp>16.0</ns3:atemp>
            <ns3:hr>119</ns3:hr>
            <ns3:cad>81</ns3:cad>
          </ns3:TrackPointExtension>
        </extensions>
      </trkpt>
      <trkpt lat="55.4336879588663578033447265625" lon="37.75314842350780963897705078125">
        <ele>159.399993896484375</ele>
        <time>2026-01-28T14:00:04.000Z</time>
        <extensions>
          <ns3:TrackPointExtension>
            <ns3:atemp>16.0</ns3:atemp>
            <ns3:hr>120</ns3:hr>
            <ns3:cad>81</ns3:cad>
          </ns3:TrackPointExtension>
        </extensions>
      </trkpt>
      <trkpt lat="55.4336892999708652496337890625" lon="37.7531300671398639678955078125">
        <ele>159.600006103515625</ele>
        <time>2026-01-28T14:00:05.000Z</time>
        <extensions>
          <ns3:TrackPointExtension>
            <ns3:atemp>16.0</ns3:atemp>
            <ns3:hr>121</ns3:hr>
            <ns3:cad>81</ns3:cad>
          </ns3:TrackPointExtension>
        </extensions>
      </trkpt>
      <trkpt lat="55.4336819238960742950439453125" lon="37.75312042795121669769287109375">
        <ele>159.600006103515625</ele>
        <time>2026-01-28T14:00:06.000Z</time>
        <extensions>
          <ns3:TrackPointExtension>
            <ns3:atemp>16.0</ns3:atemp>
            <ns3:hr>122</ns3:hr>
            <ns3:cad>80</ns3:cad>
          </ns3:TrackPointExtension>
        </extensions>
      </trkpt>
      <trkpt lat="55.43363657779991626739501953125" lon="37.753140628337860107421875">
        <ele>159.8000030517578125</ele>
        <time>2026-01-28T14:00:07.000Z</time>
        <extensions>
          <ns3:TrackPointExtension>
            <ns3:atemp>16.0</ns3:atemp>
            <ns3:hr>123</ns3:hr>
            <ns3:cad>80</ns3:cad>
          </ns3:TrackPointExtension>
        </extensions>
      </trkpt>
      <trkpt lat="55.43361595831811428070068359375" lon="37.75315931998193264007568359375">
        <ele>159.600006103515625</ele>
        <time>2026-01-28T14:00:08.000Z</time>
        <extensions>
          <ns3:TrackPointExtension>
            <ns3:atemp>16.0</ns3:atemp>
            <ns3:hr>124</ns3:hr>
            <ns3:cad>80</ns3:cad>
          </ns3:TrackPointExtension>
        </extensions>
      </trkpt>
      <trkpt lat="55.4335940815508365631103515625" lon="37.7531766705214977264404296875">
        <ele>159.600006103515625</ele>
        <time>2026-01-28T14:00:09.000Z</time>
        <extensions>
          <ns3:TrackPointExtension>
            <ns3:atemp>16.0</ns3:atemp>
            <ns3:hr>124</ns3:hr>
            <ns3:cad>82</ns3:cad>
          </ns3:TrackPointExtension>
        </extensions>
      </trkpt>
      <trkpt lat="55.43356566689908504486083984375" lon="37.7531822025775909423828125">
        <ele>159.600006103515625</ele>
        <time>2026-01-28T14:00:10.000Z</time>
        <extensions>
          <ns3:TrackPointExtension>
            <ns3:atemp>16.0</ns3:atemp>
            <ns3:hr>125</ns3:hr>
            <ns3:cad>82</ns3:cad>
          </ns3:TrackPointExtension>
        </extensions>
      </trkpt>
      <trkpt lat="55.433545969426631927490234375" lon="37.75319888256490230560302734375">
        <ele>159.600006103515625</ele>
        <time>2026-01-28T14:00:11.000Z</time>
        <extensions>
          <ns3:TrackPointExtension>
            <ns3:atemp>16.0</ns3:atemp>
            <ns3:hr>126</ns3:hr>
            <ns3:cad>79</ns3:cad>
          </ns3:TrackPointExtension>
        </extensions>
      </trkpt>
      <trkpt lat="55.4335260204970836639404296875" lon="37.75321413762867450714111328125">
        <ele>159.600006103515625</ele>
        <time>2026-01-28T14:00:12.000Z</time>
        <extensions>
          <ns3:TrackPointExtension>
            <ns3:atemp>16.0</ns3:atemp>
            <ns3:hr>128</ns3:hr>
            <ns3:cad>79</ns3:cad>
          </ns3:TrackPointExtension>
        </extensions>
      </trkpt>
      <trkpt lat="55.43349626474082469940185546875" lon="37.7532242797315120697021484375">
        <ele>159.8000030517578125</ele>
        <time>2026-01-28T14:00:13.000Z</time>
        <extensions>
          <ns3:TrackPointExtension>
            <ns3:atemp>16.0</ns3:atemp>
            <ns3:hr>129</ns3:hr>
            <ns3:cad>79</ns3:cad>
          </ns3:TrackPointExtension>
        </extensions>
      </trkpt>
      <trkpt lat="55.43347815982997417449951171875" lon="37.75324297137558460235595703125">
        <ele>159.8000030517578125</ele>
        <time>2026-01-28T14:00:14.000Z</time>
        <extensions>
          <ns3:TrackPointExtension>
            <ns3:atemp>16.0</ns3:atemp>
            <ns3:hr>130</ns3:hr>
            <ns3:cad>80</ns3:cad>
          </ns3:TrackPointExtension>
        </extensions>
      </trkpt>
      <trkpt lat="55.433458797633647918701171875" lon="37.75326191447675228118896484375">
        <ele>159.600006103515625</ele>
        <time>2026-01-28T14:00:15.000Z</time>
        <extensions>
          <ns3:TrackPointExtension>
            <ns3:atemp>16.0</ns3:atemp>
            <ns3:hr>131</ns3:hr>
            <ns3:cad>80</ns3:cad>
          </ns3:TrackPointExtension>
        </extensions>
      </trkpt>
      <trkpt lat="55.43343038298189640045166015625" lon="37.75326929055154323577880859375">
        <ele>159.600006103515625</ele>
        <time>2026-01-28T14:00:16.000Z</time>
        <extensions>
          <ns3:TrackPointExtension>
            <ns3:atemp>16.0</ns3:atemp>
            <ns3:hr>132</ns3:hr>
            <ns3:cad>80</ns3:cad>
          </ns3:TrackPointExtension>
        </extensions>
      </trkpt>
      <trkpt lat="55.43341278098523616790771484375" lon="37.75328353978693485260009765625">
        <ele>159.600006103515625</ele>
        <time>2026-01-28T14:00:17.000Z</time>
        <extensions>
          <ns3:TrackPointExtension>
            <ns3:atemp>16.0</ns3:atemp>
            <ns3:hr>133</ns3:hr>
            <ns3:cad>80</ns3:cad>
          </ns3:TrackPointExtension>
        </extensions>
      </trkpt>
      <trkpt lat="55.4333878867328166961669921875" lon="37.75329552590847015380859375">
        <ele>159.600006103515625</ele>
        <time>2026-01-28T14:00:18.000Z</time>
        <extensions>
          <ns3:TrackPointExtension>
            <ns3:atemp>16.0</ns3:atemp>
            <ns3:hr>133</ns3:hr>
            <ns3:cad>80</ns3:cad>
          </ns3:TrackPointExtension>
        </extensions>
      </trkpt>
      <trkpt lat="55.4333624057471752166748046875" lon="37.753295861184597015380859375">
        <ele>159.600006103515625</ele>
        <time>2026-01-28T14:00:19.000Z</time>
        <extensions>
          <ns3:TrackPointExtension>
            <ns3:atemp>16.0</ns3:atemp>
            <ns3:hr>133</ns3:hr>
            <ns3:cad>80</ns3:cad>
          </ns3:TrackPointExtension>
        </extensions>
      </trkpt>
      <trkpt lat="55.43334153480827808380126953125" lon="37.75331337936222553253173828125">
        <ele>159.600006103515625</ele>
        <time>2026-01-28T14:00:20.000Z</time>
        <extensions>
          <ns3:TrackPointExtension>
            <ns3:atemp>16.0</ns3:atemp>
            <ns3:hr>133</ns3:hr>
            <ns3:cad>80</ns3:cad>
          </ns3:TrackPointExtension>
        </extensions>
      </trkpt>
      <trkpt lat="55.43331471271812915802001953125" lon="37.7533158101141452789306640625">
        <ele>159.600006103515625</ele>
        <time>2026-01-28T14:00:21.000Z</time>
        <extensions>
          <ns3:TrackPointExtension>
            <ns3:atemp>16.0</ns3:atemp>
            <ns3:hr>133</ns3:hr>
            <ns3:cad>80</ns3:cad>
          </ns3:TrackPointExtension>
        </extensions>
      </trkpt>
      <trkpt lat="55.43329291976988315582275390625" lon="37.7533201687037944793701171875">
        <ele>159.600006103515625</ele>
        <time>2026-01-28T14:00:22.000Z</time>
        <extensions>
          <ns3:TrackPointExtension>
            <ns3:atemp>16.0</ns3:atemp>
            <ns3:hr>133</ns3:hr>
            <ns3:cad>81</ns3:cad>
          </ns3:TrackPointExtension>
        </extensions>
      </trkpt>
      <trkpt lat="55.4332728870213031768798828125" lon="37.75333684869110584259033203125">
        <ele>159.600006103515625</ele>
        <time>2026-01-28T14:00:23.000Z</time>
        <extensions>
          <ns3:TrackPointExtension>
            <ns3:atemp>16.0</ns3:atemp>
            <ns3:hr>133</ns3:hr>
            <ns3:cad>81</ns3:cad>
          </ns3:TrackPointExtension>
        </extensions>
      </trkpt>
      <trkpt lat="55.43324262835085391998291015625" lon="37.753341458737850189208984375">
        <ele>159.600006103515625</ele>
        <time>2026-01-28T14:00:24.000Z</time>
        <extensions>
          <ns3:TrackPointExtension>
            <ns3:atemp>15.0</ns3:atemp>
            <ns3:hr>133</ns3:hr>
            <ns3:cad>82</ns3:cad>
          </ns3:TrackPointExtension>
        </extensions>
      </trkpt>
      <trkpt lat="55.4332249425351619720458984375" lon="37.75334506295621395111083984375">
        <ele>159.600006103515625</ele>
        <time>2026-01-28T14:00:25.000Z</time>
        <extensions>
          <ns3:TrackPointExtension>
            <ns3:atemp>15.0</ns3:atemp>
            <ns3:hr>133</ns3:hr>
            <ns3:cad>82</ns3:cad>
          </ns3:TrackPointExtension>
        </extensions>
      </trkpt>
      <trkpt lat="55.43319904245436191558837890625" lon="37.75335788726806640625">
        <ele>159.600006103515625</ele>
        <time>2026-01-28T14:00:26.000Z</time>
        <extensions>
          <ns3:TrackPointExtension>
            <ns3:atemp>15.0</ns3:atemp>
            <ns3:hr>134</ns3:hr>
            <ns3:cad>82</ns3:cad>
          </ns3:TrackPointExtension>
        </extensions>
      </trkpt>
      <trkpt lat="55.43317104689776897430419921875" lon="37.75336098857223987579345703125">
        <ele>159.600006103515625</ele>
        <time>2026-01-28T14:00:27.000Z</time>
        <extensions>
          <ns3:TrackPointExtension>
            <ns3:atemp>15.0</ns3:atemp>
            <ns3:hr>134</ns3:hr>
            <ns3:cad>82</ns3:cad>
          </ns3:TrackPointExtension>
        </extensions>
      </trkpt>
      <trkpt lat="55.43315478600561618804931640625" lon="37.75337909348309040069580078125">
        <ele>159.600006103515625</ele>
        <time>2026-01-28T14:00:28.000Z</time>
        <extensions>
          <ns3:TrackPointExtension>
            <ns3:atemp>15.0</ns3:atemp>
            <ns3:hr>135</ns3:hr>
            <ns3:cad>81</ns3:cad>
          </ns3:TrackPointExtension>
        </extensions>
      </trkpt>
      <trkpt lat="55.433126874268054962158203125" lon="37.75338940322399139404296875">
        <ele>159.600006103515625</ele>
        <time>2026-01-28T14:00:29.000Z</time>
        <extensions>
          <ns3:TrackPointExtension>
            <ns3:atemp>15.0</ns3:atemp>
            <ns3:hr>135</ns3:hr>
            <ns3:cad>81</ns3:cad>
          </ns3:TrackPointExtension>
        </extensions>
      </trkpt>
      <trkpt lat="55.43310399167239665985107421875" lon="37.7534002996981143951416015625">
        <ele>159.600006103515625</ele>
        <time>2026-01-28T14:00:30.000Z</time>
        <extensions>
          <ns3:TrackPointExtension>
            <ns3:atemp>15.0</ns3:atemp>
            <ns3:hr>136</ns3:hr>
            <ns3:cad>81</ns3:cad>
          </ns3:TrackPointExtension>
        </extensions>
      </trkpt>
      <trkpt lat="55.4330827854573726654052734375" lon="37.753414548933506011962890625">
        <ele>159.8000030517578125</ele>
        <time>2026-01-28T14:00:31.000Z</time>
        <extensions>
          <ns3:TrackPointExtension>
            <ns3:atemp>15.0</ns3:atemp>
            <ns3:hr>136</ns3:hr>
            <ns3:cad>82</ns3:cad>
          </ns3:TrackPointExtension>
        </extensions>
      </trkpt>
      <trkpt lat="55.4330516047775745391845703125" lon="37.75342150591313838958740234375">
        <ele>159.8000030517578125</ele>
        <time>2026-01-28T14:00:32.000Z</time>
        <extensions>
          <ns3:TrackPointExtension>
            <ns3:atemp>15.0</ns3:atemp>
            <ns3:hr>137</ns3:hr>
            <ns3:cad>83</ns3:cad>
          </ns3:TrackPointExtension>
        </extensions>
      </trkpt>
      <trkpt lat="55.43303408659994602203369140625" lon="37.753439359366893768310546875">
        <ele>160</ele>
        <time>2026-01-28T14:00:33.000Z</time>
        <extensions>
          <ns3:TrackPointExtension>
            <ns3:atemp>15.0</ns3:atemp>
            <ns3:hr>137</ns3:hr>
            <ns3:cad>83</ns3:cad>
          </ns3:TrackPointExtension>
        </extensions>
      </trkpt>
      <trkpt lat="55.433007515966892242431640625" lon="37.75345805101096630096435546875">
        <ele>160</ele>
        <time>2026-01-28T14:00:34.000Z</time>
        <extensions>
          <ns3:TrackPointExtension>
            <ns3:atemp>15.0</ns3:atemp>
            <ns3:hr>137</ns3:hr>
            <ns3:cad>83</ns3:cad>
          </ns3:TrackPointExtension>
        </extensions>
      </trkpt>
      <trkpt lat="55.4329775087535381317138671875" lon="37.75346509180963039398193359375">
        <ele>160.1999969482421875</ele>
        <time>2026-01-28T14:00:35.000Z</time>
        <extensions>
          <ns3:TrackPointExtension>
            <ns3:atemp>15.0</ns3:atemp>
            <ns3:hr>137</ns3:hr>
            <ns3:cad>83</ns3:cad>
          </ns3:TrackPointExtension>
        </extensions>
      </trkpt>
      <trkpt lat="55.432957224547863006591796875" lon="37.7534770779311656951904296875">
        <ele>160.1999969482421875</ele>
        <time>2026-01-28T14:00:36.000Z</time>
        <extensions>
          <ns3:TrackPointExtension>
            <ns3:atemp>15.0</ns3:atemp>
            <ns3:hr>137</ns3:hr>
            <ns3:cad>82</ns3:cad>
          </ns3:TrackPointExtension>
        </extensions>
      </trkpt>
      <trkpt lat="55.43292813934385776519775390625" lon="37.75348604656755924224853515625">
        <ele>160.1999969482421875</ele>
        <time>2026-01-28T14:00:37.000Z</time>
        <extensions>
          <ns3:TrackPointExtension>
            <ns3:atemp>15.0</ns3:atemp>
            <ns3:hr>138</ns3:hr>
            <ns3:cad>82</ns3:cad>
          </ns3:TrackPointExtension>
        </extensions>
      </trkpt>
      <trkpt lat="55.43290500529110431671142578125" lon="37.7534971944987773895263671875">
        <ele>160.399993896484375</ele>
        <time>2026-01-28T14:00:38.000Z</time>
        <extensions>
          <ns3:TrackPointExtension>
            <ns3:atemp>15.0</ns3:atemp>
            <ns3:hr>138</ns3:hr>
            <ns3:cad>82</ns3:cad>
          </ns3:TrackPointExtension>
        </extensions>
      </trkpt>
      <trkpt lat="55.432888157665729522705078125" lon="37.7535166405141353607177734375">
        <ele>160.399993896484375</ele>
        <time>2026-01-28T14:00:39.000Z</time>
        <extensions>
          <ns3:TrackPointExtension>
            <ns3:atemp>15.0</ns3:atemp>
            <ns3:hr>138</ns3:hr>
            <ns3:cad>82</ns3:cad>
          </ns3:TrackPointExtension>
        </extensions>
      </trkpt>
      <trkpt lat="55.43285672552883625030517578125" lon="37.75352485477924346923828125">
        <ele>160.399993896484375</ele>
        <time>2026-01-28T14:00:40.000Z</time>
        <extensions>
          <ns3:TrackPointExtension>
            <ns3:atemp>15.0</ns3:atemp>
            <ns3:hr>138</ns3:hr>
            <ns3:cad>82</ns3:cad>
          </ns3:TrackPointExtension>
        </extensions>
      </trkpt>
      <trkpt lat="55.4328353516757488250732421875" lon="37.753543965518474578857421875">
        <ele>160.399993896484375</ele>
        <time>2026-01-28T14:00:41.000Z</time>
        <extensions>
          <ns3:TrackPointExtension>
            <ns3:atemp>15.0</ns3:atemp>
            <ns3:hr>139</ns3:hr>
            <ns3:cad>82</ns3:cad>
          </ns3:TrackPointExtension>
        </extensions>
      </trkpt>
      <trkpt lat="55.43281028978526592254638671875" lon="37.75355913676321506500244140625">
        <ele>160.399993896484375</ele>
        <time>2026-01-28T14:00:42.000Z</time>
        <extensions>
          <ns3:TrackPointExtension>
            <ns3:atemp>15.0</ns3:atemp>
            <ns3:hr>139</ns3:hr>
            <ns3:cad>82</ns3:cad>
          </ns3:TrackPointExtension>
        </extensions>
      </trkpt>
      <trkpt lat="55.4327800311148166656494140625" lon="37.7535603940486907958984375">
        <ele>160.399993896484375</ele>
        <time>2026-01-28T14:00:43.000Z</time>
        <extensions>
          <ns3:TrackPointExtension>
            <ns3:atemp>15.0</ns3:atemp>
            <ns3:hr>139</ns3:hr>
            <ns3:cad>82</ns3:cad>
          </ns3:TrackPointExtension>
        </extensions>
      </trkpt>
      <trkpt lat="55.43276133947074413299560546875" lon="37.753580175340175628662109375">
        <ele>160.600006103515625</ele>
        <time>2026-01-28T14:00:44.000Z</time>
        <extensions>
          <ns3:TrackPointExtension>
            <ns3:atemp>15.0</ns3:atemp>
            <ns3:hr>139</ns3:hr>
            <ns3:cad>81</ns3:cad>
          </ns3:TrackPointExtension>
        </extensions>
      </trkpt>
      <trkpt lat="55.432733260095119476318359375" lon="37.7535930834710597991943359375">
        <ele>160.600006103515625</ele>
        <time>2026-01-28T14:00:45.000Z</time>
        <extensions>
          <ns3:TrackPointExtension>
            <ns3:atemp>15.0</ns3:atemp>
            <ns3:hr>140</ns3:hr>
            <ns3:cad>81</ns3:cad>
          </ns3:TrackPointExtension>
        </extensions>
      </trkpt>
      <trkpt lat="55.4327076114714145660400390625" lon="37.7536059916019439697265625">
        <ele>160.600006103515625</ele>
        <time>2026-01-28T14:00:46.000Z</time>
        <extensions>
          <ns3:TrackPointExtension>
            <ns3:atemp>15.0</ns3:atemp>
            <ns3:hr>140</ns3:hr>
            <ns3:cad>82</ns3:cad>
          </ns3:TrackPointExtension>
        </extensions>
      </trkpt>
      <trkpt lat="55.43268841691315174102783203125" lon="37.7536222524940967559814453125">
        <ele>160.600006103515625</ele>
        <time>2026-01-28T14:00:47.000Z</time>
        <extensions>
          <ns3:TrackPointExtension>
            <ns3:atemp>15.0</ns3:atemp>
            <ns3:hr>140</ns3:hr>
            <ns3:cad>82</ns3:cad>
          </ns3:TrackPointExtension>
        </extensions>
      </trkpt>
      <trkpt lat="55.4326559789478778839111328125" lon="37.7536239288747310638427734375">
        <ele>160.600006103515625</ele>
        <time>2026-01-28T14:00:48.000Z</time>
        <extensions>
          <ns3:TrackPointExtension>
            <ns3:atemp>15.0</ns3:atemp>
            <ns3:hr>141</ns3:hr>
            <ns3:cad>82</ns3:cad>
          </ns3:TrackPointExtension>
        </extensions>
      </trkpt>
      <trkpt lat="55.43263594619929790496826171875" lon="37.75363524444401264190673828125">
        <ele>160.600006103515625</ele>
        <time>2026-01-28T14:00:49.000Z</time>
        <extensions>
          <ns3:TrackPointExtension>
            <ns3:atemp>15.0</ns3:atemp>
            <ns3:hr>141</ns3:hr>
            <ns3:cad>82</ns3:cad>
          </ns3:TrackPointExtension>
        </extensions>
      </trkpt>
      <trkpt lat="55.4326133988797664642333984375" lon="37.75364781729876995086669921875">
        <ele>160.600006103515625</ele>
        <time>2026-01-28T14:00:50.000Z</time>
        <extensions>
          <ns3:TrackPointExtension>
            <ns3:atemp>15.0</ns3:atemp>
            <ns3:hr>142</ns3:hr>
            <ns3:cad>83</ns3:cad>
          </ns3:TrackPointExtension>
        </extensions>
      </trkpt>
      <trkpt lat="55.43258314020931720733642578125" lon="37.7536462247371673583984375">
        <ele>160.600006103515625</ele>
        <time>2026-01-28T14:00:51.000Z</time>
        <extensions>
          <ns3:TrackPointExtension>
            <ns3:atemp>15.0</ns3:atemp>
            <ns3:hr>142</ns3:hr>
            <ns3:cad>82</ns3:cad>
          </ns3:TrackPointExtension>
        </extensions>
      </trkpt>
      <trkpt lat="55.4325641132891178131103515625" lon="37.75366022251546382904052734375">
        <ele>160.8000030517578125</ele>
        <time>2026-01-28T14:00:52.000Z</time>
        <extensions>
          <ns3:TrackPointExtension>
            <ns3:atemp>15.0</ns3:atemp>
            <ns3:hr>143</ns3:hr>
            <ns3:cad>82</ns3:cad>
          </ns3:TrackPointExtension>
        </extensions>
      </trkpt>
      <trkpt lat="55.4325376264750957489013671875" lon="37.75367463938891887664794921875">
        <ele>160.8000030517578125</ele>
        <time>2026-01-28T14:00:53.000Z</time>
        <extensions>
          <ns3:TrackPointExtension>
            <ns3:atemp>15.0</ns3:atemp>
            <ns3:hr>144</ns3:hr>
            <ns3:cad>82</ns3:cad>
          </ns3:TrackPointExtension>
        </extensions>
      </trkpt>
      <trkpt lat="55.43251491151750087738037109375" lon="37.7536836080253124237060546875">
        <ele>160.8000030517578125</ele>
        <time>2026-01-28T14:00:54.000Z</time>
        <extensions>
          <ns3:TrackPointExtension>
            <ns3:atemp>15.0</ns3:atemp>
            <ns3:hr>145</ns3:hr>
            <ns3:cad>82</ns3:cad>
          </ns3:TrackPointExtension>
        </extensions>
      </trkpt>
      <trkpt lat="55.4324962198734283447265625" lon="37.7537050656974315643310546875">
        <ele>160.8000030517578125</ele>
        <time>2026-01-28T14:00:55.000Z</time>
        <extensions>
          <ns3:TrackPointExtension>
            <ns3:atemp>15.0</ns3:atemp>
            <ns3:hr>145</ns3:hr>
            <ns3:cad>82</ns3:cad>
          </ns3:TrackPointExtension>
        </extensions>
      </trkpt>
      <trkpt lat="55.432465374469757080078125" lon="37.7537084184587001800537109375">
        <ele>161</ele>
        <time>2026-01-28T14:00:56.000Z</time>
        <extensions>
          <ns3:TrackPointExtension>
            <ns3:atemp>15.0</ns3:atemp>
            <ns3:hr>146</ns3:hr>
            <ns3:cad>82</ns3:cad>
          </ns3:TrackPointExtension>
        </extensions>
      </trkpt>
      <trkpt lat="55.4324447549879550933837890625" lon="37.75371604599058628082275390625">
        <ele>161</ele>
        <time>2026-01-28T14:00:57.000Z</time>
        <extensions>
          <ns3:TrackPointExtension>
            <ns3:atemp>15.0</ns3:atemp>
            <ns3:hr>146</ns3:hr>
            <ns3:cad>82</ns3:cad>
          </ns3:TrackPointExtension>
        </extensions>
      </trkpt>
      <trkpt lat="55.4324306733906269073486328125" lon="37.75372467935085296630859375">
        <ele>161</ele>
        <time>2026-01-28T14:00:58.000Z</time>
        <extensions>
          <ns3:TrackPointExtension>
            <ns3:atemp>15.0</ns3:atemp>
            <ns3:hr>146</ns3:hr>
            <ns3:cad>82</ns3:cad>
          </ns3:TrackPointExtension>
        </extensions>
      </trkpt>
      <trkpt lat="55.4324222914874553680419921875" lon="37.7537333965301513671875">
        <ele>161.1999969482421875</ele>
        <time>2026-01-28T14:00:59.000Z</time>
        <extensions>
          <ns3:TrackPointExtension>
            <ns3:atemp>15.0</ns3:atemp>
            <ns3:hr>147</ns3:hr>
            <ns3:cad>83</ns3:cad>
          </ns3:TrackPointExtension>
        </extensions>
      </trkpt>
      <trkpt lat="55.4324175976216793060302734375" lon="37.75374337099492549896240234375">
        <ele>161.1999969482421875</ele>
        <time>2026-01-28T14:01:00.000Z</time>
        <extensions>
          <ns3:TrackPointExtension>
            <ns3:atemp>15.0</ns3:atemp>
            <ns3:hr>147</ns3:hr>
            <ns3:cad>83</ns3:cad>
          </ns3:TrackPointExtension>
        </extensions>
      </trkpt>
      <trkpt lat="55.4324061982333660125732421875" lon="37.75376331992447376251220703125">
        <ele>161.1999969482421875</ele>
        <time>2026-01-28T14:01:01.000Z</time>
        <extensions>
          <ns3:TrackPointExtension>
            <ns3:atemp>15.0</ns3:atemp>
            <ns3:hr>147</ns3:hr>
            <ns3:cad>83</ns3:cad>
          </ns3:TrackPointExtension>
        </extensions>
      </trkpt>
      <trkpt lat="55.4323797114193439483642578125" lon="37.75377220474183559417724609375">
        <ele>161.1999969482421875</ele>
        <time>2026-01-28T14:01:02.000Z</time>
        <extensions>
          <ns3:TrackPointExtension>
            <ns3:atemp>15.0</ns3:atemp>
            <ns3:hr>147</ns3:hr>
            <ns3:cad>83</ns3:cad>
          </ns3:TrackPointExtension>
        </extensions>
      </trkpt>
      <trkpt lat="55.43236085213720798492431640625" lon="37.75378611870110034942626953125">
        <ele>161.1999969482421875</ele>
        <time>2026-01-28T14:01:03.000Z</time>
        <extensions>
          <ns3:TrackPointExtension>
            <ns3:atemp>15.0</ns3:atemp>
            <ns3:hr>147</ns3:hr>
            <ns3:cad>78</ns3:cad>
          </ns3:TrackPointExtension>
        </extensions>
      </trkpt>
      <trkpt lat="55.43233017437160015106201171875" lon="37.7537868730723857879638671875">
        <ele>161.1999969482421875</ele>
        <time>2026-01-28T14:01:04.000Z</time>
        <extensions>
          <ns3:TrackPointExtension>
            <ns3:atemp>15.0</ns3:atemp>
            <ns3:hr>147</ns3:hr>
            <ns3:cad>79</ns3:cad>
          </ns3:TrackPointExtension>
        </extensions>
      </trkpt>
      <trkpt lat="55.432309806346893310546875" lon="37.753790058195590972900390625">
        <ele>161.1999969482421875</ele>
        <time>2026-01-28T14:01:05.000Z</time>
        <extensions>
          <ns3:TrackPointExtension>
            <ns3:atemp>15.0</ns3:atemp>
            <ns3:hr>146</ns3:hr>
            <ns3:cad>79</ns3:cad>
          </ns3:TrackPointExtension>
        </extensions>
      </trkpt>
      <trkpt lat="55.43228658847510814666748046875" lon="37.753798104822635650634765625">
        <ele>161.1999969482421875</ele>
        <time>2026-01-28T14:01:06.000Z</time>
        <extensions>
          <ns3:TrackPointExtension>
            <ns3:atemp>15.0</ns3:atemp>
            <ns3:hr>146</ns3:hr>
            <ns3:cad>79</ns3:cad>
          </ns3:TrackPointExtension>
        </extensions>
      </trkpt>
      <trkpt lat="55.4322526417672634124755859375" lon="37.75379575788974761962890625">
        <ele>161.399993896484375</ele>
        <time>2026-01-28T14:01:07.000Z</time>
        <extensions>
          <ns3:TrackPointExtension>
            <ns3:atemp>15.0</ns3:atemp>
            <ns3:hr>145</ns3:hr>
            <ns3:cad>83</ns3:cad>
          </ns3:TrackPointExtension>
        </extensions>
      </trkpt>
      <trkpt lat="55.43223269283771514892578125" lon="37.75381394661962985992431640625">
        <ele>161.399993896484375</ele>
        <time>2026-01-28T14:01:08.000Z</time>
        <extensions>
          <ns3:TrackPointExtension>
            <ns3:atemp>14.0</ns3:atemp>
            <ns3:hr>144</ns3:hr>
            <ns3:cad>83</ns3:cad>
          </ns3:TrackPointExtension>
        </extensions>
      </trkpt>
      <trkpt lat="55.4322046972811222076416015625" lon="37.7538220770657062530517578125">
        <ele>161.399993896484375</ele>
        <time>2026-01-28T14:01:09.000Z</time>
        <extensions>
          <ns3:TrackPointExtension>
            <ns3:atemp>15.0</ns3:atemp>
            <ns3:hr>144</ns3:hr>
            <ns3:cad>83</ns3:cad>
          </ns3:TrackPointExtension>
        </extensions>
      </trkpt>
      <trkpt lat="55.4321795515716075897216796875" lon="37.7538291178643703460693359375">
        <ele>161.399993896484375</ele>
        <time>2026-01-28T14:01:10.000Z</time>
        <extensions>
          <ns3:TrackPointExtension>
            <ns3:atemp>14.0</ns3:atemp>
            <ns3:hr>144</ns3:hr>
            <ns3:cad>83</ns3:cad>
          </ns3:TrackPointExtension>
        </extensions>
      </trkpt>
      <trkpt lat="55.4321580938994884490966796875" lon="37.75384546257555484771728515625">
        <ele>161.600006103515625</ele>
        <time>2026-01-28T14:01:11.000Z</time>
        <extensions>
          <ns3:TrackPointExtension>
            <ns3:atemp>14.0</ns3:atemp>
            <ns3:hr>144</ns3:hr>
            <ns3:cad>83</ns3:cad>
          </ns3:TrackPointExtension>
        </extensions>
      </trkpt>
      <trkpt lat="55.432126410305500030517578125" lon="37.75386373512446880340576171875">
        <ele>161.600006103515625</ele>
        <time>2026-01-28T14:01:12.000Z</time>
        <extensions>
          <ns3:TrackPointExtension>
            <ns3:atemp>14.0</ns3:atemp>
            <ns3:hr>144</ns3:hr>
            <ns3:cad>82</ns3:cad>
          </ns3:TrackPointExtension>
        </extensions>
      </trkpt>
      <trkpt lat="55.43211308307945728302001953125" lon="37.75388921611011028289794921875">
        <ele>161.600006103515625</ele>
        <time>2026-01-28T14:01:13.000Z</time>
        <extensions>
          <ns3:TrackPointExtension>
            <ns3:atemp>14.0</ns3:atemp>
            <ns3:hr>145</ns3:hr>
            <ns3:cad>82</ns3:cad>
          </ns3:TrackPointExtension>
        </extensions>
      </trkpt>
      <trkpt lat="55.43210126459598541259765625" lon="37.75392894633114337921142578125">
        <ele>161.600006103515625</ele>
        <time>2026-01-28T14:01:14.000Z</time>
        <extensions>
          <ns3:TrackPointExtension>
            <ns3:atemp>14.0</ns3:atemp>
            <ns3:hr>145</ns3:hr>
            <ns3:cad>82</ns3:cad>
          </ns3:TrackPointExtension>
        </extensions>
      </trkpt>
      <trkpt lat="55.432088188827037811279296875" lon="37.75396876037120819091796875">
        <ele>161.8000030517578125</ele>
        <time>2026-01-28T14:01:15.000Z</time>
        <extensions>
          <ns3:TrackPointExtension>
            <ns3:atemp>14.0</ns3:atemp>
            <ns3:hr>145</ns3:hr>
            <ns3:cad>83</ns3:cad>
          </ns3:TrackPointExtension>
        </extensions>
      </trkpt>
      <trkpt lat="55.43208290822803974151611328125" lon="37.754004299640655517578125">
        <ele>161.8000030517578125</ele>
        <time>2026-01-28T14:01:16.000Z</time>
        <extensions>
          <ns3:TrackPointExtension>
            <ns3:atemp>14.0</ns3:atemp>
            <ns3:hr>145</ns3:hr>
            <ns3:cad>83</ns3:cad>
          </ns3:TrackPointExtension>
        </extensions>
      </trkpt>
      <trkpt lat="55.43206865899264812469482421875" lon="37.75403623469173908233642578125">
        <ele>161.8000030517578125</ele>
        <time>2026-01-28T14:01:17.000Z</time>
        <extensions>
          <ns3:TrackPointExtension>
            <ns3:atemp>14.0</ns3:atemp>
            <ns3:hr>146</ns3:hr>
            <ns3:cad>82</ns3:cad>
          </ns3:TrackPointExtension>
        </extensions>
      </trkpt>
      <trkpt lat="55.4320611990988254547119140625" lon="37.7540805749595165252685546875">
        <ele>161.8000030517578125</ele>
        <time>2026-01-28T14:01:18.000Z</time>
        <extensions>
          <ns3:TrackPointExtension>
            <ns3:atemp>14.0</ns3:atemp>
            <ns3:hr>146</ns3:hr>
            <ns3:cad>82</ns3:cad>
          </ns3:TrackPointExtension>
        </extensions>
      </trkpt>
      <trkpt lat="55.432070083916187286376953125" lon="37.75411234237253665924072265625">
        <ele>161.8000030517578125</ele>
        <time>2026-01-28T14:01:19.000Z</time>
        <extensions>
          <ns3:TrackPointExtension>
            <ns3:atemp>14.0</ns3:atemp>
            <ns3:hr>146</ns3:hr>
            <ns3:cad>82</ns3:cad>
          </ns3:TrackPointExtension>
        </extensions>
      </trkpt>
      <trkpt lat="55.43207578361034393310546875" lon="37.75416187942028045654296875">
        <ele>161.8000030517578125</ele>
        <time>2026-01-28T14:01:20.000Z</time>
        <extensions>
          <ns3:TrackPointExtension>
            <ns3:atemp>14.0</ns3:atemp>
            <ns3:hr>146</ns3:hr>
            <ns3:cad>81</ns3:cad>
          </ns3:TrackPointExtension>
        </extensions>
      </trkpt>
      <trkpt lat="55.43207787908613681793212890625" lon="37.7542106620967388153076171875">
        <ele>161.8000030517578125</ele>
        <time>2026-01-28T14:01:21.000Z</time>
        <extensions>
          <ns3:TrackPointExtension>
            <ns3:atemp>14.0</ns3:atemp>
            <ns3:hr>146</ns3:hr>
            <ns3:cad>81</ns3:cad>
          </ns3:TrackPointExtension>
        </extensions>
      </trkpt>
      <trkpt lat="55.432088859379291534423828125" lon="37.7542478777468204498291015625">
        <ele>161.8000030517578125</ele>
        <time>2026-01-28T14:01:22.000Z</time>
        <extensions>
          <ns3:TrackPointExtension>
            <ns3:atemp>14.0</ns3:atemp>
            <ns3:hr>145</ns3:hr>
            <ns3:cad>81</ns3:cad>
          </ns3:TrackPointExtension>
        </extensions>
      </trkpt>
      <trkpt lat="55.43209455907344818115234375" lon="37.7543038688600063323974609375">
        <ele>161.8000030517578125</ele>
        <time>2026-01-28T14:01:23.000Z</time>
        <extensions>
          <ns3:TrackPointExtension>
            <ns3:atemp>14.0</ns3:atemp>
            <ns3:hr>146</ns3:hr>
            <ns3:cad>80</ns3:cad>
          </ns3:TrackPointExtension>
        </extensions>
      </trkpt>
      <trkpt lat="55.43210327625274658203125" lon="37.75434435345232486724853515625">
        <ele>161.8000030517578125</ele>
        <time>2026-01-28T14:01:24.000Z</time>
        <extensions>
          <ns3:TrackPointExtension>
            <ns3:atemp>14.0</ns3:atemp>
            <ns3:hr>146</ns3:hr>
            <ns3:cad>80</ns3:cad>
          </ns3:TrackPointExtension>
        </extensions>
      </trkpt>
      <trkpt lat="55.4321108199656009674072265625" lon="37.7543865144252777099609375">
        <ele>161.8000030517578125</ele>
        <time>2026-01-28T14:01:25.000Z</time>
        <extensions>
          <ns3:TrackPointExtension>
            <ns3:atemp>14.0</ns3:atemp>
            <ns3:hr>146</ns3:hr>
            <ns3:cad>81</ns3:cad>
          </ns3:TrackPointExtension>
        </extensions>
      </trkpt>
      <trkpt lat="55.43210956268012523651123046875" lon="37.7544342912733554840087890625">
        <ele>161.8000030517578125</ele>
        <time>2026-01-28T14:01:26.000Z</time>
        <extensions>
          <ns3:TrackPointExtension>
            <ns3:atemp>14.0</ns3:atemp>
            <ns3:hr>146</ns3:hr>
            <ns3:cad>81</ns3:cad>
          </ns3:TrackPointExtension>
        </extensions>
      </trkpt>
      <trkpt lat="55.43212230317294597625732421875" lon="37.75446102954447269439697265625">
        <ele>161.600006103515625</ele>
        <time>2026-01-28T14:01:27.000Z</time>
        <extensions>
          <ns3:TrackPointExtension>
            <ns3:atemp>14.0</ns3:atemp>
            <ns3:hr>146</ns3:hr>
            <ns3:cad>81</ns3:cad>
          </ns3:TrackPointExtension>
        </extensions>
      </trkpt>
      <trkpt lat="55.4321289248764514923095703125" lon="37.75450126267969608306884765625">
        <ele>161.600006103515625</ele>
        <time>2026-01-28T14:01:28.000Z</time>
        <extensions>
          <ns3:TrackPointExtension>
            <ns3:atemp>14.0</ns3:atemp>
            <ns3:hr>147</ns3:hr>
            <ns3:cad>82</ns3:cad>
          </ns3:TrackPointExtension>
        </extensions>
      </trkpt>
      <trkpt lat="55.43212867341935634613037109375" lon="37.75454652495682239532470703125">
        <ele>161.600006103515625</ele>
        <time>2026-01-28T14:01:29.000Z</time>
        <extensions>
          <ns3:TrackPointExtension>
            <ns3:atemp>14.0</ns3:atemp>
            <ns3:hr>147</ns3:hr>
            <ns3:cad>82</ns3:cad>
          </ns3:TrackPointExtension>
        </extensions>
      </trkpt>
      <trkpt lat="55.43214024044573307037353515625" lon="37.75457837618887424468994140625">
        <ele>161.399993896484375</ele>
        <time>2026-01-28T14:01:30.000Z</time>
        <extensions>
          <ns3:TrackPointExtension>
            <ns3:atemp>14.0</ns3:atemp>
            <ns3:hr>147</ns3:hr>
            <ns3:cad>82</ns3:cad>
          </ns3:TrackPointExtension>
        </extensions>
      </trkpt>
      <trkpt lat="55.43214543722569942474365234375" lon="37.7546317689120769500732421875">
        <ele>161.399993896484375</ele>
        <time>2026-01-28T14:01:31.000Z</time>
        <extensions>
          <ns3:TrackPointExtension>
            <ns3:atemp>14.0</ns3:atemp>
            <ns3:hr>147</ns3:hr>
            <ns3:cad>82</ns3:cad>
          </ns3:TrackPointExtension>
        </extensions>
      </trkpt>
      <trkpt lat="55.43215029872953891754150390625" lon="37.75467577390372753143310546875">
        <ele>161.1999969482421875</ele>
        <time>2026-01-28T14:01:32.000Z</time>
        <extensions>
          <ns3:TrackPointExtension>
            <ns3:atemp>14.0</ns3:atemp>
            <ns3:hr>147</ns3:hr>
            <ns3:cad>82</ns3:cad>
          </ns3:TrackPointExtension>
        </extensions>
      </trkpt>
      <trkpt lat="55.43215650133788585662841796875" lon="37.7547118999063968658447265625">
        <ele>161.1999969482421875</ele>
        <time>2026-01-28T14:01:33.000Z</time>
        <extensions>
          <ns3:TrackPointExtension>
            <ns3:atemp>14.0</ns3:atemp>
            <ns3:hr>147</ns3:hr>
            <ns3:cad>82</ns3:cad>
          </ns3:TrackPointExtension>
        </extensions>
      </trkpt>
      <trkpt lat="55.432159267365932464599609375" lon="37.75476269423961639404296875">
        <ele>161</ele>
        <time>2026-01-28T14:01:34.000Z</time>
        <extensions>
          <ns3:TrackPointExtension>
            <ns3:atemp>14.0</ns3:atemp>
            <ns3:hr>147</ns3:hr>
            <ns3:cad>82</ns3:cad>
          </ns3:TrackPointExtension>
        </extensions>
      </trkpt>
      <trkpt lat="55.43217008002102375030517578125" lon="37.75479982607066631317138671875">
        <ele>161</ele>
        <time>2026-01-28T14:01:35.000Z</time>
        <extensions>
          <ns3:TrackPointExtension>
            <ns3:atemp>14.0</ns3:atemp>
            <ns3:hr>147</ns3:hr>
            <ns3:cad>82</ns3:cad>
          </ns3:TrackPointExtension>
        </extensions>
      </trkpt>
      <trkpt lat="55.432178042829036712646484375" lon="37.754838466644287109375">
        <ele>161</ele>
        <time>2026-01-28T14:01:36.000Z</time>
        <extensions>
          <ns3:TrackPointExtension>
            <ns3:atemp>14.0</ns3:atemp>
            <ns3:hr>147</ns3:hr>
            <ns3:cad>82</ns3:cad>
          </ns3:TrackPointExtension>
        </extensions>
      </trkpt>
      <trkpt lat="55.43217594735324382781982421875" lon="37.754885070025920867919921875">
        <ele>161</ele>
        <time>2026-01-28T14:01:37.000Z</time>
        <extensions>
          <ns3:TrackPointExtension>
            <ns3:atemp>14.0</ns3:atemp>
            <ns3:hr>147</ns3:hr>
            <ns3:cad>82</ns3:cad>
          </ns3:TrackPointExtension>
        </extensions>
      </trkpt>
      <trkpt lat="55.43218650855123996734619140625" lon="37.75491465814411640167236328125">
        <ele>161</ele>
        <time>2026-01-28T14:01:38.000Z</time>
        <extensions>
          <ns3:TrackPointExtension>
            <ns3:atemp>14.0</ns3:atemp>
            <ns3:hr>147</ns3:hr>
            <ns3:cad>82</ns3:cad>
          </ns3:TrackPointExtension>
        </extensions>
      </trkpt>
      <trkpt lat="55.43219204060733318328857421875" lon="37.7549564838409423828125">
        <ele>161</ele>
        <time>2026-01-28T14:01:39.000Z</time>
        <extensions>
          <ns3:TrackPointExtension>
            <ns3:atemp>14.0</ns3:atemp>
            <ns3:hr>147</ns3:hr>
            <ns3:cad>82</ns3:cad>
          </ns3:TrackPointExtension>
        </extensions>
      </trkpt>
      <trkpt lat="55.4321815632283687591552734375" lon="37.75499529205262660980224609375">
        <ele>161</ele>
        <time>2026-01-28T14:01:40.000Z</time>
        <extensions>
          <ns3:TrackPointExtension>
            <ns3:atemp>14.0</ns3:atemp>
            <ns3:hr>147</ns3:hr>
            <ns3:cad>82</ns3:cad>
          </ns3:TrackPointExtension>
        </extensions>
      </trkpt>
      <trkpt lat="55.43217628262937068939208984375" lon="37.75502555072307586669921875">
        <ele>160.8000030517578125</ele>
        <time>2026-01-28T14:01:41.000Z</time>
        <extensions>
          <ns3:TrackPointExtension>
            <ns3:atemp>14.0</ns3:atemp>
            <ns3:hr>147</ns3:hr>
            <ns3:cad>82</ns3:cad>
          </ns3:TrackPointExtension>
        </extensions>
      </trkpt>
      <trkpt lat="55.43216991238296031951904296875" lon="37.75505396537482738494873046875">
        <ele>160.8000030517578125</ele>
        <time>2026-01-28T14:01:42.000Z</time>
        <extensions>
          <ns3:TrackPointExtension>
            <ns3:atemp>14.0</ns3:atemp>
            <ns3:hr>147</ns3:hr>
            <ns3:cad>82</ns3:cad>
          </ns3:TrackPointExtension>
        </extensions>
      </trkpt>
      <trkpt lat="55.4321490414440631866455078125" lon="37.75506502948701381683349609375">
        <ele>160.600006103515625</ele>
        <time>2026-01-28T14:01:43.000Z</time>
        <extensions>
          <ns3:TrackPointExtension>
            <ns3:atemp>14.0</ns3:atemp>
            <ns3:hr>147</ns3:hr>
            <ns3:cad>82</ns3:cad>
          </ns3:TrackPointExtension>
        </extensions>
      </trkpt>
      <trkpt lat="55.4321292601525783538818359375" lon="37.7550689689815044403076171875">
        <ele>160.399993896484375</ele>
        <time>2026-01-28T14:01:44.000Z</time>
        <extensions>
          <ns3:TrackPointExtension>
            <ns3:atemp>14.0</ns3:atemp>
            <ns3:hr>146</ns3:hr>
            <ns3:cad>82</ns3:cad>
          </ns3:TrackPointExtension>
        </extensions>
      </trkpt>
      <trkpt lat="55.43210838921368122100830078125" lon="37.755074165761470794677734375">
        <ele>160.1999969482421875</ele>
        <time>2026-01-28T14:01:45.000Z</time>
        <extensions>
          <ns3:TrackPointExtension>
            <ns3:atemp>14.0</ns3:atemp>
            <ns3:hr>146</ns3:hr>
            <ns3:cad>82</ns3:cad>
          </ns3:TrackPointExtension>
        </extensions>
      </trkpt>
      <trkpt lat="55.43207620270550251007080078125" lon="37.7550785243511199951171875">
        <ele>160.1999969482421875</ele>
        <time>2026-01-28T14:01:46.000Z</time>
        <extensions>
          <ns3:TrackPointExtension>
            <ns3:atemp>14.0</ns3:atemp>
            <ns3:hr>146</ns3:hr>
            <ns3:cad>81</ns3:cad>
          </ns3:TrackPointExtension>
        </extensions>
      </trkpt>
      <trkpt lat="55.4320544935762882232666015625" lon="37.75509336031973361968994140625">
        <ele>160</ele>
        <time>2026-01-28T14:01:47.000Z</time>
        <extensions>
          <ns3:TrackPointExtension>
            <ns3:atemp>14.0</ns3:atemp>
            <ns3:hr>145</ns3:hr>
            <ns3:cad>81</ns3:cad>
          </ns3:TrackPointExtension>
        </extensions>
      </trkpt>
      <trkpt lat="55.432025156915187835693359375" lon="37.75510392151772975921630859375">
        <ele>160</ele>
        <time>2026-01-28T14:01:48.000Z</time>
        <extensions>
          <ns3:TrackPointExtension>
            <ns3:atemp>14.0</ns3:atemp>
            <ns3:hr>145</ns3:hr>
            <ns3:cad>81</ns3:cad>
          </ns3:TrackPointExtension>
        </extensions>
      </trkpt>
      <trkpt lat="55.43199707753956317901611328125" lon="37.7551075257360935211181640625">
        <ele>160</ele>
        <time>2026-01-28T14:01:49.000Z</time>
        <extensions>
          <ns3:TrackPointExtension>
            <ns3:atemp>14.0</ns3:atemp>
            <ns3:hr>144</ns3:hr>
            <ns3:cad>81</ns3:cad>
          </ns3:TrackPointExtension>
        </extensions>
      </trkpt>
      <trkpt lat="55.43197494931519031524658203125" lon="37.75512621738016605377197265625">
        <ele>160.1999969482421875</ele>
        <time>2026-01-28T14:01:50.000Z</time>
        <extensions>
          <ns3:TrackPointExtension>
            <ns3:atemp>14.0</ns3:atemp>
            <ns3:hr>143</ns3:hr>
            <ns3:cad>82</ns3:cad>
          </ns3:TrackPointExtension>
        </extensions>
      </trkpt>
      <trkpt lat="55.4319477081298828125" lon="37.7551340125501155853271484375">
        <ele>160.399993896484375</ele>
        <time>2026-01-28T14:01:51.000Z</time>
        <extensions>
          <ns3:TrackPointExtension>
            <ns3:atemp>13.0</ns3:atemp>
            <ns3:hr>143</ns3:hr>
            <ns3:cad>82</ns3:cad>
          </ns3:TrackPointExtension>
        </extensions>
      </trkpt>
      <trkpt lat="55.43192532844841480255126953125" lon="37.755125463008880615234375">
        <ele>160.399993896484375</ele>
        <time>2026-01-28T14:01:52.000Z</time>
        <extensions>
          <ns3:TrackPointExtension>
            <ns3:atemp>13.0</ns3:atemp>
            <ns3:hr>143</ns3:hr>
            <ns3:cad>82</ns3:cad>
          </ns3:TrackPointExtension>
        </extensions>
      </trkpt>
      <trkpt lat="55.43190680444240570068359375" lon="37.75510744191706180572509765625">
        <ele>160.600006103515625</ele>
        <time>2026-01-28T14:01:53.000Z</time>
        <extensions>
          <ns3:TrackPointExtension>
            <ns3:atemp>13.0</ns3:atemp>
            <ns3:hr>143</ns3:hr>
            <ns3:cad>82</ns3:cad>
          </ns3:TrackPointExtension>
        </extensions>
      </trkpt>
      <trkpt lat="55.431891717016696929931640625" lon="37.7550941146910190582275390625">
        <ele>160.600006103515625</ele>
        <time>2026-01-28T14:01:54.000Z</time>
        <extensions>
          <ns3:TrackPointExtension>
            <ns3:atemp>13.0</ns3:atemp>
            <ns3:hr>144</ns3:hr>
            <ns3:cad>82</ns3:cad>
          </ns3:TrackPointExtension>
        </extensions>
      </trkpt>
      <trkpt lat="55.431884340941905975341796875" lon="37.75510593317449092864990234375">
        <ele>160.8000030517578125</ele>
        <time>2026-01-28T14:01:55.000Z</time>
        <extensions>
          <ns3:TrackPointExtension>
            <ns3:atemp>13.0</ns3:atemp>
            <ns3:hr>144</ns3:hr>
            <ns3:cad>81</ns3:cad>
          </ns3:TrackPointExtension>
        </extensions>
      </trkpt>
      <trkpt lat="55.43186657130718231201171875" lon="37.75512856431305408477783203125">
        <ele>160.600006103515625</ele>
        <time>2026-01-28T14:01:56.000Z</time>
        <extensions>
          <ns3:TrackPointExtension>
            <ns3:atemp>13.0</ns3:atemp>
            <ns3:hr>144</ns3:hr>
            <ns3:cad>81</ns3:cad>
          </ns3:TrackPointExtension>
        </extensions>
      </trkpt>
      <trkpt lat="55.43185240589082241058349609375" lon="37.75514625012874603271484375">
        <ele>160.600006103515625</ele>
        <time>2026-01-28T14:01:57.000Z</time>
        <extensions>
          <ns3:TrackPointExtension>
            <ns3:atemp>13.0</ns3:atemp>
            <ns3:hr>144</ns3:hr>
            <ns3:cad>81</ns3:cad>
          </ns3:TrackPointExtension>
        </extensions>
      </trkpt>
      <trkpt lat="55.4318452812731266021728515625" lon="37.75516502559185028076171875">
        <ele>160.600006103515625</ele>
        <time>2026-01-28T14:01:58.000Z</time>
        <extensions>
          <ns3:TrackPointExtension>
            <ns3:atemp>13.0</ns3:atemp>
            <ns3:hr>144</ns3:hr>
            <ns3:cad>81</ns3:cad>
          </ns3:TrackPointExtension>
        </extensions>
      </trkpt>
      <trkpt lat="55.43183798901736736297607421875" lon="37.75517483241856098175048828125">
        <ele>160.600006103515625</ele>
        <time>2026-01-28T14:01:59.000Z</time>
        <extensions>
          <ns3:TrackPointExtension>
            <ns3:atemp>13.0</ns3:atemp>
            <ns3:hr>144</ns3:hr>
            <ns3:cad>79</ns3:cad>
          </ns3:TrackPointExtension>
        </extensions>
      </trkpt>
      <trkpt lat="55.4318278469145298004150390625" lon="37.75517449714243412017822265625">
        <ele>160.600006103515625</ele>
        <time>2026-01-28T14:02:00.000Z</time>
        <extensions>
          <ns3:TrackPointExtension>
            <ns3:atemp>13.0</ns3:atemp>
            <ns3:hr>144</ns3:hr>
            <ns3:cad>79</ns3:cad>
          </ns3:TrackPointExtension>
        </extensions>
      </trkpt>
      <trkpt lat="55.43181921355426311492919921875" lon="37.75517097674310207366943359375">
        <ele>160.8000030517578125</ele>
        <time>2026-01-28T14:02:01.000Z</time>
        <extensions>
          <ns3:TrackPointExtension>
            <ns3:atemp>13.0</ns3:atemp>
            <ns3:hr>144</ns3:hr>
            <ns3:cad>79</ns3:cad>
          </ns3:TrackPointExtension>
        </extensions>
      </trkpt>
      <trkpt lat="55.43180831708014011383056640625" lon="37.75517885573208332061767578125">
        <ele>161</ele>
        <time>2026-01-28T14:02:02.000Z</time>
        <extensions>
          <ns3:TrackPointExtension>
            <ns3:atemp>13.0</ns3:atemp>
            <ns3:hr>144</ns3:hr>
            <ns3:cad>79</ns3:cad>
          </ns3:TrackPointExtension>
        </extensions>
      </trkpt>
      <trkpt lat="55.43178744614124298095703125" lon="37.7551946975290775299072265625">
        <ele>161.1999969482421875</ele>
        <time>2026-01-28T14:02:03.000Z</time>
        <extensions>
          <ns3:TrackPointExtension>
            <ns3:atemp>13.0</ns3:atemp>
            <ns3:hr>145</ns3:hr>
            <ns3:cad>79</ns3:cad>
          </ns3:TrackPointExtension>
        </extensions>
      </trkpt>
      <trkpt lat="55.4317601211369037628173828125" lon="37.75521020404994487762451171875">
        <ele>161.1999969482421875</ele>
        <time>2026-01-28T14:02:04.000Z</time>
        <extensions>
          <ns3:TrackPointExtension>
            <ns3:atemp>13.0</ns3:atemp>
            <ns3:hr>144</ns3:hr>
            <ns3:cad>0</ns3:cad>
          </ns3:TrackPointExtension>
        </extensions>
      </trkpt>
      <trkpt lat="55.43174411170184612274169921875" lon="37.7552329190075397491455078125">
        <ele>161.1999969482421875</ele>
        <time>2026-01-28T14:02:05.000Z</time>
        <extensions>
          <ns3:TrackPointExtension>
            <ns3:atemp>13.0</ns3:atemp>
            <ns3:hr>144</ns3:hr>
            <ns3:cad>0</ns3:cad>
          </ns3:TrackPointExtension>
        </extensions>
      </trkpt>
      <trkpt lat="55.431712679564952850341796875" lon="37.75524172000586986541748046875">
        <ele>161.1999969482421875</ele>
        <time>2026-01-28T14:02:06.000Z</time>
        <extensions>
          <ns3:TrackPointExtension>
            <ns3:atemp>13.0</ns3:atemp>
            <ns3:hr>144</ns3:hr>
            <ns3:cad>0</ns3:cad>
          </ns3:TrackPointExtension>
        </extensions>
      </trkpt>
      <trkpt lat="55.431691892445087432861328125" lon="37.75525412522256374359130859375">
        <ele>161.1999969482421875</ele>
        <time>2026-01-28T14:02:07.000Z</time>
        <extensions>
          <ns3:TrackPointExtension>
            <ns3:atemp>13.0</ns3:atemp>
            <ns3:hr>144</ns3:hr>
            <ns3:cad>83</ns3:cad>
          </ns3:TrackPointExtension>
        </extensions>
      </trkpt>
      <trkpt lat="55.4316712729632854461669921875" lon="37.755274660885334014892578125">
        <ele>161.1999969482421875</ele>
        <time>2026-01-28T14:02:08.000Z</time>
        <extensions>
          <ns3:TrackPointExtension>
            <ns3:atemp>13.0</ns3:atemp>
            <ns3:hr>144</ns3:hr>
            <ns3:cad>83</ns3:cad>
          </ns3:TrackPointExtension>
        </extensions>
      </trkpt>
      <trkpt lat="55.43164419941604137420654296875" lon="37.75528564117848873138427734375">
        <ele>161.1999969482421875</ele>
        <time>2026-01-28T14:02:09.000Z</time>
        <extensions>
          <ns3:TrackPointExtension>
            <ns3:atemp>13.0</ns3:atemp>
            <ns3:hr>143</ns3:hr>
            <ns3:cad>83</ns3:cad>
          </ns3:TrackPointExtension>
        </extensions>
      </trkpt>
      <trkpt lat="55.4316270165145397186279296875" lon="37.755299471318721771240234375">
        <ele>161.1999969482421875</ele>
        <time>2026-01-28T14:02:10.000Z</time>
        <extensions>
          <ns3:TrackPointExtension>
            <ns3:atemp>13.0</ns3:atemp>
            <ns3:hr>144</ns3:hr>
            <ns3:cad>83</ns3:cad>
          </ns3:TrackPointExtension>
        </extensions>
      </trkpt>
      <trkpt lat="55.43160379864275455474853515625" lon="37.7553150616586208343505859375">
        <ele>161.1999969482421875</ele>
        <time>2026-01-28T14:02:11.000Z</time>
        <extensions>
          <ns3:TrackPointExtension>
            <ns3:atemp>13.0</ns3:atemp>
            <ns3:hr>144</ns3:hr>
            <ns3:cad>83</ns3:cad>
          </ns3:TrackPointExtension>
        </extensions>
      </trkpt>
      <trkpt lat="55.43157932348549365997314453125" lon="37.75532218627631664276123046875">
        <ele>161.1999969482421875</ele>
        <time>2026-01-28T14:02:12.000Z</time>
        <extensions>
          <ns3:TrackPointExtension>
            <ns3:atemp>13.0</ns3:atemp>
            <ns3:hr>144</ns3:hr>
            <ns3:cad>82</ns3:cad>
          </ns3:TrackPointExtension>
        </extensions>
      </trkpt>
      <trkpt lat="55.43156373314559459686279296875" lon="37.75534079410135746002197265625">
        <ele>161</ele>
        <time>2026-01-28T14:02:13.000Z</time>
        <extensions>
          <ns3:TrackPointExtension>
            <ns3:atemp>13.0</ns3:atemp>
            <ns3:hr>144</ns3:hr>
            <ns3:cad>82</ns3:cad>
          </ns3:TrackPointExtension>
        </extensions>
      </trkpt>
      <trkpt lat="55.43153942562639713287353515625" lon="37.755353450775146484375">
        <ele>161</ele>
        <time>2026-01-28T14:02:14.000Z</time>
        <extensions>
          <ns3:TrackPointExtension>
            <ns3:atemp>13.0</ns3:atemp>
            <ns3:hr>144</ns3:hr>
            <ns3:cad>82</ns3:cad>
          </ns3:TrackPointExtension>
        </extensions>
      </trkpt>
      <trkpt lat="55.43152500875294208526611328125" lon="37.75536350905895233154296875">
        <ele>161</ele>
        <time>2026-01-28T14:02:15.000Z</time>
        <extensions>
          <ns3:TrackPointExtension>
            <ns3:atemp>13.0</ns3:atemp>
            <ns3:hr>145</ns3:hr>
            <ns3:cad>82</ns3:cad>
          </ns3:TrackPointExtension>
        </extensions>
      </trkpt>
      <trkpt lat="55.4315059818327426910400390625" lon="37.75538002140820026397705078125">
        <ele>161</ele>
        <time>2026-01-28T14:02:16.000Z</time>
        <extensions>
          <ns3:TrackPointExtension>
            <ns3:atemp>13.0</ns3:atemp>
            <ns3:hr>144</ns3:hr>
            <ns3:cad>82</ns3:cad>
          </ns3:TrackPointExtension>
        </extensions>
      </trkpt>
      <trkpt lat="55.431483685970306396484375" lon="37.75538672693073749542236328125">
        <ele>161</ele>
        <time>2026-01-28T14:02:17.000Z</time>
        <extensions>
          <ns3:TrackPointExtension>
            <ns3:atemp>13.0</ns3:atemp>
            <ns3:hr>144</ns3:hr>
            <ns3:cad>82</ns3:cad>
          </ns3:TrackPointExtension>
        </extensions>
      </trkpt>
      <trkpt lat="55.4314701072871685028076171875" lon="37.75540147908031940460205078125">
        <ele>161</ele>
        <time>2026-01-28T14:02:18.000Z</time>
        <extensions>
          <ns3:TrackPointExtension>
            <ns3:atemp>13.0</ns3:atemp>
            <ns3:hr>144</ns3:hr>
            <ns3:cad>83</ns3:cad>
          </ns3:TrackPointExtension>
        </extensions>
      </trkpt>
      <trkpt lat="55.4314456321299076080322265625" lon="37.75541304610669612884521484375">
        <ele>161</ele>
        <time>2026-01-28T14:02:19.000Z</time>
        <extensions>
          <ns3:TrackPointExtension>
            <ns3:atemp>13.0</ns3:atemp>
            <ns3:hr>145</ns3:hr>
            <ns3:cad>83</ns3:cad>
          </ns3:TrackPointExtension>
        </extensions>
      </trkpt>
      <trkpt lat="55.43142660520970821380615234375" lon="37.7554240263998508453369140625">
        <ele>161</ele>
        <time>2026-01-28T14:02:20.000Z</time>
        <extensions>
          <ns3:TrackPointExtension>
            <ns3:atemp>13.0</ns3:atemp>
            <ns3:hr>145</ns3:hr>
            <ns3:cad>83</ns3:cad>
          </ns3:TrackPointExtension>
        </extensions>
      </trkpt>
      <trkpt lat="55.4314097575843334197998046875" lon="37.75544338859617710113525390625">
        <ele>161</ele>
        <time>2026-01-28T14:02:21.000Z</time>
        <extensions>
          <ns3:TrackPointExtension>
            <ns3:atemp>13.0</ns3:atemp>
            <ns3:hr>145</ns3:hr>
            <ns3:cad>83</ns3:cad>
          </ns3:TrackPointExtension>
        </extensions>
      </trkpt>
      <trkpt lat="55.43138201348483562469482421875" lon="37.755463756620883941650390625">
        <ele>161</ele>
        <time>2026-01-28T14:02:22.000Z</time>
        <extensions>
          <ns3:TrackPointExtension>
            <ns3:atemp>13.0</ns3:atemp>
            <ns3:hr>145</ns3:hr>
            <ns3:cad>83</ns3:cad>
          </ns3:TrackPointExtension>
        </extensions>
      </trkpt>
      <trkpt lat="55.431365668773651123046875" lon="37.75547540746629238128662109375">
        <ele>161</ele>
        <time>2026-01-28T14:02:23.000Z</time>
        <extensions>
          <ns3:TrackPointExtension>
            <ns3:atemp>13.0</ns3:atemp>
            <ns3:hr>146</ns3:hr>
            <ns3:cad>83</ns3:cad>
          </ns3:TrackPointExtension>
        </extensions>
      </trkpt>
      <trkpt lat="55.431337840855121612548828125" lon="37.75548865087330341339111328125">
        <ele>161.1999969482421875</ele>
        <time>2026-01-28T14:02:24.000Z</time>
        <extensions>
          <ns3:TrackPointExtension>
            <ns3:atemp>13.0</ns3:atemp>
            <ns3:hr>146</ns3:hr>
            <ns3:cad>83</ns3:cad>
          </ns3:TrackPointExtension>
        </extensions>
      </trkpt>
      <trkpt lat="55.4313175566494464874267578125" lon="37.75549569167196750640869140625">
        <ele>161.1999969482421875</ele>
        <time>2026-01-28T14:02:25.000Z</time>
        <extensions>
          <ns3:TrackPointExtension>
            <ns3:atemp>13.0</ns3:atemp>
            <ns3:hr>147</ns3:hr>
            <ns3:cad>83</ns3:cad>
          </ns3:TrackPointExtension>
        </extensions>
      </trkpt>
      <trkpt lat="55.43129903264343738555908203125" lon="37.75551346130669116973876953125">
        <ele>161.1999969482421875</ele>
        <time>2026-01-28T14:02:26.000Z</time>
        <extensions>
          <ns3:TrackPointExtension>
            <ns3:atemp>13.0</ns3:atemp>
            <ns3:hr>146</ns3:hr>
            <ns3:cad>83</ns3:cad>
          </ns3:TrackPointExtension>
        </extensions>
      </trkpt>
      <trkpt lat="55.43127170763909816741943359375" lon="37.75552519597113132476806640625">
        <ele>161.399993896484375</ele>
        <time>2026-01-28T14:02:27.000Z</time>
        <extensions>
          <ns3:TrackPointExtension>
            <ns3:atemp>13.0</ns3:atemp>
            <ns3:hr>146</ns3:hr>
            <ns3:cad>83</ns3:cad>
          </ns3:TrackPointExtension>
        </extensions>
      </trkpt>
      <trkpt lat="55.4312543570995330810546875" lon="37.75553843937814235687255859375">
        <ele>161.399993896484375</ele>
        <time>2026-01-28T14:02:28.000Z</time>
        <extensions>
          <ns3:TrackPointExtension>
            <ns3:atemp>13.0</ns3:atemp>
            <ns3:hr>146</ns3:hr>
            <ns3:cad>83</ns3:cad>
          </ns3:TrackPointExtension>
        </extensions>
      </trkpt>
      <trkpt lat="55.43123356997966766357421875" lon="37.75554983876645565032958984375">
        <ele>161.399993896484375</ele>
        <time>2026-01-28T14:02:29.000Z</time>
        <extensions>
          <ns3:TrackPointExtension>
            <ns3:atemp>13.0</ns3:atemp>
            <ns3:hr>145</ns3:hr>
            <ns3:cad>84</ns3:cad>
          </ns3:TrackPointExtension>
        </extensions>
      </trkpt>
      <trkpt lat="55.43121018446981906890869140625" lon="37.7555591426789760589599609375">
        <ele>161.399993896484375</ele>
        <time>2026-01-28T14:02:30.000Z</time>
        <extensions>
          <ns3:TrackPointExtension>
            <ns3:atemp>13.0</ns3:atemp>
            <ns3:hr>144</ns3:hr>
            <ns3:cad>84</ns3:cad>
          </ns3:TrackPointExtension>
        </extensions>
      </trkpt>
      <trkpt lat="55.431194007396697998046875" lon="37.75558353401720523834228515625">
        <ele>161.399993896484375</ele>
        <time>2026-01-28T14:02:31.000Z</time>
        <extensions>
          <ns3:TrackPointExtension>
            <ns3:atemp>13.0</ns3:atemp>
            <ns3:hr>145</ns3:hr>
            <ns3:cad>84</ns3:cad>
          </ns3:TrackPointExtension>
        </extensions>
      </trkpt>
      <trkpt lat="55.4311640001833438873291015625" lon="37.75559292174875736236572265625">
        <ele>161.399993896484375</ele>
        <time>2026-01-28T14:02:32.000Z</time>
        <extensions>
          <ns3:TrackPointExtension>
            <ns3:atemp>13.0</ns3:atemp>
            <ns3:hr>145</ns3:hr>
            <ns3:cad>84</ns3:cad>
          </ns3:TrackPointExtension>
        </extensions>
      </trkpt>
      <trkpt lat="55.43114748783409595489501953125" lon="37.75560281239449977874755859375">
        <ele>161.399993896484375</ele>
        <time>2026-01-28T14:02:33.000Z</time>
        <extensions>
          <ns3:TrackPointExtension>
            <ns3:atemp>13.0</ns3:atemp>
            <ns3:hr>146</ns3:hr>
            <ns3:cad>83</ns3:cad>
          </ns3:TrackPointExtension>
        </extensions>
      </trkpt>
      <trkpt lat="55.43112720362842082977294921875" lon="37.75561320595443248748779296875">
        <ele>161.399993896484375</ele>
        <time>2026-01-28T14:02:34.000Z</time>
        <extensions>
          <ns3:TrackPointExtension>
            <ns3:atemp>13.0</ns3:atemp>
            <ns3:hr>146</ns3:hr>
            <ns3:cad>83</ns3:cad>
          </ns3:TrackPointExtension>
        </extensions>
      </trkpt>
      <trkpt lat="55.43110591359436511993408203125" lon="37.7556261979043483734130859375">
        <ele>161.399993896484375</ele>
        <time>2026-01-28T14:02:35.000Z</time>
        <extensions>
          <ns3:TrackPointExtension>
            <ns3:atemp>13.0</ns3:atemp>
            <ns3:hr>146</ns3:hr>
            <ns3:cad>83</ns3:cad>
          </ns3:TrackPointExtension>
        </extensions>
      </trkpt>
      <trkpt lat="55.43109049089252948760986328125" lon="37.75564472191035747528076171875">
        <ele>161.399993896484375</ele>
        <time>2026-01-28T14:02:36.000Z</time>
        <extensions>
          <ns3:TrackPointExtension>
            <ns3:atemp>13.0</ns3:atemp>
            <ns3:hr>146</ns3:hr>
            <ns3:cad>83</ns3:cad>
          </ns3:TrackPointExtension>
        </extensions>
      </trkpt>
      <trkpt lat="55.431058220565319061279296875" lon="37.7556578814983367919921875">
        <ele>161.399993896484375</ele>
        <time>2026-01-28T14:02:37.000Z</time>
        <extensions>
          <ns3:TrackPointExtension>
            <ns3:atemp>13.0</ns3:atemp>
            <ns3:hr>146</ns3:hr>
            <ns3:cad>84</ns3:cad>
          </ns3:TrackPointExtension>
        </extensions>
      </trkpt>
      <trkpt lat="55.43104137293994426727294921875" lon="37.75567204691469669342041015625">
        <ele>161.399993896484375</ele>
        <time>2026-01-28T14:02:38.000Z</time>
        <extensions>
          <ns3:TrackPointExtension>
            <ns3:atemp>13.0</ns3:atemp>
            <ns3:hr>146</ns3:hr>
            <ns3:cad>85</ns3:cad>
          </ns3:TrackPointExtension>
        </extensions>
      </trkpt>
      <trkpt lat="55.43102025054395198822021484375" lon="37.7556847035884857177734375">
        <ele>161.399993896484375</ele>
        <time>2026-01-28T14:02:39.000Z</time>
        <extensions>
          <ns3:TrackPointExtension>
            <ns3:atemp>12.0</ns3:atemp>
            <ns3:hr>146</ns3:hr>
            <ns3:cad>84</ns3:cad>
          </ns3:TrackPointExtension>
        </extensions>
      </trkpt>
      <trkpt lat="55.43099443428218364715576171875" lon="37.75569551624357700347900390625">
        <ele>161.399993896484375</ele>
        <time>2026-01-28T14:02:40.000Z</time>
        <extensions>
          <ns3:TrackPointExtension>
            <ns3:atemp>12.0</ns3:atemp>
            <ns3:hr>146</ns3:hr>
            <ns3:cad>84</ns3:cad>
          </ns3:TrackPointExtension>
        </extensions>
      </trkpt>
      <trkpt lat="55.43097951449453830718994140625" lon="37.75571781210601329803466796875">
        <ele>161.399993896484375</ele>
        <time>2026-01-28T14:02:41.000Z</time>
        <extensions>
          <ns3:TrackPointExtension>
            <ns3:atemp>13.0</ns3:atemp>
            <ns3:hr>147</ns3:hr>
            <ns3:cad>84</ns3:cad>
          </ns3:TrackPointExtension>
        </extensions>
      </trkpt>
      <trkpt lat="55.43095554225146770477294921875" lon="37.7557308040559291839599609375">
        <ele>161.399993896484375</ele>
        <time>2026-01-28T14:02:42.000Z</time>
        <extensions>
          <ns3:TrackPointExtension>
            <ns3:atemp>12.0</ns3:atemp>
            <ns3:hr>147</ns3:hr>
            <ns3:cad>83</ns3:cad>
          </ns3:TrackPointExtension>
        </extensions>
      </trkpt>
      <trkpt lat="55.4309403710067272186279296875" lon="37.755740694701671600341796875">
        <ele>161.399993896484375</ele>
        <time>2026-01-28T14:02:43.000Z</time>
        <extensions>
          <ns3:TrackPointExtension>
            <ns3:atemp>12.0</ns3:atemp>
            <ns3:hr>147</ns3:hr>
            <ns3:cad>83</ns3:cad>
          </ns3:TrackPointExtension>
        </extensions>
      </trkpt>
      <trkpt lat="55.4309244453907012939453125" lon="37.755756117403507232666015625">
        <ele>161.399993896484375</ele>
        <time>2026-01-28T14:02:44.000Z</time>
        <extensions>
          <ns3:TrackPointExtension>
            <ns3:atemp>12.0</ns3:atemp>
            <ns3:hr>148</ns3:hr>
            <ns3:cad>82</ns3:cad>
          </ns3:TrackPointExtension>
        </extensions>
      </trkpt>
      <trkpt lat="55.43089829385280609130859375" lon="37.75577313266694545745849609375">
        <ele>161.399993896484375</ele>
        <time>2026-01-28T14:02:45.000Z</time>
        <extensions>
          <ns3:TrackPointExtension>
            <ns3:atemp>12.0</ns3:atemp>
            <ns3:hr>147</ns3:hr>
            <ns3:cad>82</ns3:cad>
          </ns3:TrackPointExtension>
        </extensions>
      </trkpt>
      <trkpt lat="55.43088278733193874359130859375" lon="37.7557891421020030975341796875">
        <ele>161.399993896484375</ele>
        <time>2026-01-28T14:02:46.000Z</time>
        <extensions>
          <ns3:TrackPointExtension>
            <ns3:atemp>12.0</ns3:atemp>
            <ns3:hr>147</ns3:hr>
            <ns3:cad>82</ns3:cad>
          </ns3:TrackPointExtension>
        </extensions>
      </trkpt>
      <trkpt lat="55.43085671961307525634765625" lon="37.7558069117367267608642578125">
        <ele>161.399993896484375</ele>
        <time>2026-01-28T14:02:47.000Z</time>
        <extensions>
          <ns3:TrackPointExtension>
            <ns3:atemp>12.0</ns3:atemp>
            <ns3:hr>147</ns3:hr>
            <ns3:cad>83</ns3:cad>
          </ns3:TrackPointExtension>
        </extensions>
      </trkpt>
      <trkpt lat="55.43083651922643184661865234375" lon="37.75582216680049896240234375">
        <ele>161.399993896484375</ele>
        <time>2026-01-28T14:02:48.000Z</time>
        <extensions>
          <ns3:TrackPointExtension>
            <ns3:atemp>12.0</ns3:atemp>
            <ns3:hr>147</ns3:hr>
            <ns3:cad>83</ns3:cad>
          </ns3:TrackPointExtension>
        </extensions>
      </trkpt>
      <trkpt lat="55.43081690557301044464111328125" lon="37.75584069080650806427001953125">
        <ele>161.399993896484375</ele>
        <time>2026-01-28T14:02:49.000Z</time>
        <extensions>
          <ns3:TrackPointExtension>
            <ns3:atemp>12.0</ns3:atemp>
            <ns3:hr>148</ns3:hr>
            <ns3:cad>84</ns3:cad>
          </ns3:TrackPointExtension>
        </extensions>
      </trkpt>
      <trkpt lat="55.43079058639705181121826171875" lon="37.75584152899682521820068359375">
        <ele>161.399993896484375</ele>
        <time>2026-01-28T14:02:50.000Z</time>
        <extensions>
          <ns3:TrackPointExtension>
            <ns3:atemp>12.0</ns3:atemp>
            <ns3:hr>148</ns3:hr>
            <ns3:cad>84</ns3:cad>
          </ns3:TrackPointExtension>
        </extensions>
      </trkpt>
      <trkpt lat="55.4307697154581546783447265625" lon="37.7558521740138530731201171875">
        <ele>161.399993896484375</ele>
        <time>2026-01-28T14:02:51.000Z</time>
        <extensions>
          <ns3:TrackPointExtension>
            <ns3:atemp>12.0</ns3:atemp>
            <ns3:hr>148</ns3:hr>
            <ns3:cad>84</ns3:cad>
          </ns3:TrackPointExtension>
        </extensions>
      </trkpt>
      <trkpt lat="55.4307435639202594757080078125" lon="37.75584806688129901885986328125">
        <ele>161.600006103515625</ele>
        <time>2026-01-28T14:02:52.000Z</time>
        <extensions>
          <ns3:TrackPointExtension>
            <ns3:atemp>12.0</ns3:atemp>
            <ns3:hr>148</ns3:hr>
            <ns3:cad>83</ns3:cad>
          </ns3:TrackPointExtension>
        </extensions>
      </trkpt>
      <trkpt lat="55.43072260916233062744140625" lon="37.75584890507161617279052734375">
        <ele>161.600006103515625</ele>
        <time>2026-01-28T14:02:53.000Z</time>
        <extensions>
          <ns3:TrackPointExtension>
            <ns3:atemp>12.0</ns3:atemp>
            <ns3:hr>148</ns3:hr>
            <ns3:cad>84</ns3:cad>
          </ns3:TrackPointExtension>
        </extensions>
      </trkpt>
      <trkpt lat="55.43069972656667232513427734375" lon="37.755847983062267303466796875">
        <ele>161.600006103515625</ele>
        <time>2026-01-28T14:02:54.000Z</time>
        <extensions>
          <ns3:TrackPointExtension>
            <ns3:atemp>12.0</ns3:atemp>
            <ns3:hr>149</ns3:hr>
            <ns3:cad>84</ns3:cad>
          </ns3:TrackPointExtension>
        </extensions>
      </trkpt>
      <trkpt lat="55.43067424558103084564208984375" lon="37.7558357454836368560791015625">
        <ele>161.600006103515625</ele>
        <time>2026-01-28T14:02:55.000Z</time>
        <extensions>
          <ns3:TrackPointExtension>
            <ns3:atemp>12.0</ns3:atemp>
            <ns3:hr>148</ns3:hr>
            <ns3:cad>84</ns3:cad>
          </ns3:TrackPointExtension>
        </extensions>
      </trkpt>
      <trkpt lat="55.4306563921272754669189453125" lon="37.75584496557712554931640625">
        <ele>161.600006103515625</ele>
        <time>2026-01-28T14:02:56.000Z</time>
        <extensions>
          <ns3:TrackPointExtension>
            <ns3:atemp>12.0</ns3:atemp>
            <ns3:hr>147</ns3:hr>
            <ns3:cad>84</ns3:cad>
          </ns3:TrackPointExtension>
        </extensions>
      </trkpt>
      <trkpt lat="55.43063149787485599517822265625" lon="37.75583398528397083282470703125">
        <ele>161.600006103515625</ele>
        <time>2026-01-28T14:02:57.000Z</time>
        <extensions>
          <ns3:TrackPointExtension>
            <ns3:atemp>12.0</ns3:atemp>
            <ns3:hr>148</ns3:hr>
            <ns3:cad>84</ns3:cad>
          </ns3:TrackPointExtension>
        </extensions>
      </trkpt>
      <trkpt lat="55.43061221949756145477294921875" lon="37.7558240108191967010498046875">
        <ele>161.600006103515625</ele>
        <time>2026-01-28T14:02:58.000Z</time>
        <extensions>
          <ns3:TrackPointExtension>
            <ns3:atemp>12.0</ns3:atemp>
            <ns3:hr>148</ns3:hr>
            <ns3:cad>84</ns3:cad>
          </ns3:TrackPointExtension>
        </extensions>
      </trkpt>
      <trkpt lat="55.430597551167011260986328125" lon="37.75580984540283679962158203125">
        <ele>161.8000030517578125</ele>
        <time>2026-01-28T14:02:59.000Z</time>
        <extensions>
          <ns3:TrackPointExtension>
            <ns3:atemp>12.0</ns3:atemp>
            <ns3:hr>148</ns3:hr>
            <ns3:cad>84</ns3:cad>
          </ns3:TrackPointExtension>
        </extensions>
      </trkpt>
      <trkpt lat="55.43057911098003387451171875" lon="37.75578386150300502777099609375">
        <ele>161.8000030517578125</ele>
        <time>2026-01-28T14:03:00.000Z</time>
        <extensions>
          <ns3:TrackPointExtension>
            <ns3:atemp>12.0</ns3:atemp>
            <ns3:hr>148</ns3:hr>
            <ns3:cad>84</ns3:cad>
          </ns3:TrackPointExtension>
        </extensions>
      </trkpt>
      <trkpt lat="55.4305608384311199188232421875" lon="37.75578352622687816619873046875">
        <ele>161.8000030517578125</ele>
        <time>2026-01-28T14:03:01.000Z</time>
        <extensions>
          <ns3:TrackPointExtension>
            <ns3:atemp>12.0</ns3:atemp>
            <ns3:hr>148</ns3:hr>
            <ns3:cad>84</ns3:cad>
          </ns3:TrackPointExtension>
        </extensions>
      </trkpt>
      <trkpt lat="55.4305403865873813629150390625" lon="37.75578469969332218170166015625">
        <ele>161.8000030517578125</ele>
        <time>2026-01-28T14:03:02.000Z</time>
        <extensions>
          <ns3:TrackPointExtension>
            <ns3:atemp>12.0</ns3:atemp>
            <ns3:hr>148</ns3:hr>
            <ns3:cad>84</ns3:cad>
          </ns3:TrackPointExtension>
        </extensions>
      </trkpt>
      <trkpt lat="55.43052270077168941497802734375" lon="37.7557740546762943267822265625">
        <ele>161.8000030517578125</ele>
        <time>2026-01-28T14:03:03.000Z</time>
        <extensions>
          <ns3:TrackPointExtension>
            <ns3:atemp>12.0</ns3:atemp>
            <ns3:hr>149</ns3:hr>
            <ns3:cad>84</ns3:cad>
          </ns3:TrackPointExtension>
        </extensions>
      </trkpt>
      <trkpt lat="55.430509708821773529052734375" lon="37.75577112101018428802490234375">
        <ele>161.8000030517578125</ele>
        <time>2026-01-28T14:03:04.000Z</time>
        <extensions>
          <ns3:TrackPointExtension>
            <ns3:atemp>12.0</ns3:atemp>
            <ns3:hr>149</ns3:hr>
            <ns3:cad>83</ns3:cad>
          </ns3:TrackPointExtension>
        </extensions>
      </trkpt>
      <trkpt lat="55.43050543405115604400634765625" lon="37.755742371082305908203125">
        <ele>161.8000030517578125</ele>
        <time>2026-01-28T14:03:05.000Z</time>
        <extensions>
          <ns3:TrackPointExtension>
            <ns3:atemp>12.0</ns3:atemp>
            <ns3:hr>149</ns3:hr>
            <ns3:cad>81</ns3:cad>
          </ns3:TrackPointExtension>
        </extensions>
      </trkpt>
      <trkpt lat="55.4305135644972324371337890625" lon="37.75569853372871875762939453125">
        <ele>161.8000030517578125</ele>
        <time>2026-01-28T14:03:06.000Z</time>
        <extensions>
          <ns3:TrackPointExtension>
            <ns3:atemp>12.0</ns3:atemp>
            <ns3:hr>149</ns3:hr>
            <ns3:cad>81</ns3:cad>
          </ns3:TrackPointExtension>
        </extensions>
      </trkpt>
      <trkpt lat="55.4305149056017398834228515625" lon="37.755666263401508331298828125">
        <ele>161.8000030517578125</ele>
        <time>2026-01-28T14:03:07.000Z</time>
        <extensions>
          <ns3:TrackPointExtension>
            <ns3:atemp>12.0</ns3:atemp>
            <ns3:hr>149</ns3:hr>
            <ns3:cad>81</ns3:cad>
          </ns3:TrackPointExtension>
        </extensions>
      </trkpt>
      <trkpt lat="55.43051616288721561431884765625" lon="37.755624689161777496337890625">
        <ele>161.8000030517578125</ele>
        <time>2026-01-28T14:03:08.000Z</time>
        <extensions>
          <ns3:TrackPointExtension>
            <ns3:atemp>12.0</ns3:atemp>
            <ns3:hr>149</ns3:hr>
            <ns3:cad>81</ns3:cad>
          </ns3:TrackPointExtension>
        </extensions>
      </trkpt>
      <trkpt lat="55.4305242933332920074462890625" lon="37.75558076798915863037109375">
        <ele>161.600006103515625</ele>
        <time>2026-01-28T14:03:09.000Z</time>
        <extensions>
          <ns3:TrackPointExtension>
            <ns3:atemp>12.0</ns3:atemp>
            <ns3:hr>149</ns3:hr>
            <ns3:cad>79</ns3:cad>
          </ns3:TrackPointExtension>
        </extensions>
      </trkpt>
      <trkpt lat="55.430521778762340545654296875" lon="37.7555450610816478729248046875">
        <ele>161.8000030517578125</ele>
        <time>2026-01-28T14:03:10.000Z</time>
        <extensions>
          <ns3:TrackPointExtension>
            <ns3:atemp>12.0</ns3:atemp>
            <ns3:hr>149</ns3:hr>
            <ns3:cad>79</ns3:cad>
          </ns3:TrackPointExtension>
        </extensions>
      </trkpt>
      <trkpt lat="55.4305246286094188690185546875" lon="37.7555024810135364532470703125">
        <ele>161.8000030517578125</ele>
        <time>2026-01-28T14:03:11.000Z</time>
        <extensions>
          <ns3:TrackPointExtension>
            <ns3:atemp>12.0</ns3:atemp>
            <ns3:hr>149</ns3:hr>
            <ns3:cad>80</ns3:cad>
          </ns3:TrackPointExtension>
        </extensions>
      </trkpt>
      <trkpt lat="55.43052789755165576934814453125" lon="37.75546467863023281097412109375">
        <ele>161.8000030517578125</ele>
        <time>2026-01-28T14:03:12.000Z</time>
        <extensions>
          <ns3:TrackPointExtension>
            <ns3:atemp>12.0</ns3:atemp>
            <ns3:hr>148</ns3:hr>
            <ns3:cad>80</ns3:cad>
          </ns3:TrackPointExtension>
        </extensions>
      </trkpt>
      <trkpt lat="55.43052672408521175384521484375" lon="37.75542813353240489959716796875">
        <ele>161.8000030517578125</ele>
        <time>2026-01-28T14:03:13.000Z</time>
        <extensions>
          <ns3:TrackPointExtension>
            <ns3:atemp>12.0</ns3:atemp>
            <ns3:hr>149</ns3:hr>
            <ns3:cad>81</ns3:cad>
          </ns3:TrackPointExtension>
        </extensions>
      </trkpt>
      <trkpt lat="55.43053158558905124664306640625" lon="37.75538136251270771026611328125">
        <ele>161.8000030517578125</ele>
        <time>2026-01-28T14:03:14.000Z</time>
        <extensions>
          <ns3:TrackPointExtension>
            <ns3:atemp>12.0</ns3:atemp>
            <ns3:hr>149</ns3:hr>
            <ns3:cad>82</ns3:cad>
          </ns3:TrackPointExtension>
        </extensions>
      </trkpt>
      <trkpt lat="55.43053225614130496978759765625" lon="37.7553432248532772064208984375">
        <ele>161.8000030517578125</ele>
        <time>2026-01-28T14:03:15.000Z</time>
        <extensions>
          <ns3:TrackPointExtension>
            <ns3:atemp>12.0</ns3:atemp>
            <ns3:hr>149</ns3:hr>
            <ns3:cad>82</ns3:cad>
          </ns3:TrackPointExtension>
        </extensions>
      </trkpt>
      <trkpt lat="55.4305328428745269775390625" lon="37.755302824079990386962890625">
        <ele>161.8000030517578125</ele>
        <time>2026-01-28T14:03:16.000Z</time>
        <extensions>
          <ns3:TrackPointExtension>
            <ns3:atemp>12.0</ns3:atemp>
            <ns3:hr>148</ns3:hr>
            <ns3:cad>82</ns3:cad>
          </ns3:TrackPointExtension>
        </extensions>
      </trkpt>
      <trkpt lat="55.43054281733930110931396484375" lon="37.7552610822021961212158203125">
        <ele>161.600006103515625</ele>
        <time>2026-01-28T14:03:17.000Z</time>
        <extensions>
          <ns3:TrackPointExtension>
            <ns3:atemp>12.0</ns3:atemp>
            <ns3:hr>148</ns3:hr>
            <ns3:cad>82</ns3:cad>
          </ns3:TrackPointExtension>
        </extensions>
      </trkpt>
      <trkpt lat="55.43054415844380855560302734375" lon="37.75523132644593715667724609375">
        <ele>161.600006103515625</ele>
        <time>2026-01-28T14:03:18.000Z</time>
        <extensions>
          <ns3:TrackPointExtension>
            <ns3:atemp>12.0</ns3:atemp>
            <ns3:hr>148</ns3:hr>
            <ns3:cad>82</ns3:cad>
          </ns3:TrackPointExtension>
        </extensions>
      </trkpt>
      <trkpt lat="55.4305462539196014404296875" lon="37.7551993913948535919189453125">
        <ele>161.600006103515625</ele>
        <time>2026-01-28T14:03:19.000Z</time>
        <extensions>
          <ns3:TrackPointExtension>
            <ns3:atemp>12.0</ns3:atemp>
            <ns3:hr>148</ns3:hr>
            <ns3:cad>82</ns3:cad>
          </ns3:TrackPointExtension>
        </extensions>
      </trkpt>
      <trkpt lat="55.43055572547018527984619140625" lon="37.75518153794109821319580078125">
        <ele>161.600006103515625</ele>
        <time>2026-01-28T14:03:20.000Z</time>
        <extensions>
          <ns3:TrackPointExtension>
            <ns3:atemp>12.0</ns3:atemp>
            <ns3:hr>149</ns3:hr>
            <ns3:cad>82</ns3:cad>
          </ns3:TrackPointExtension>
        </extensions>
      </trkpt>
      <trkpt lat="55.43056461028754711151123046875" lon="37.755176760256290435791015625">
        <ele>161.8000030517578125</ele>
        <time>2026-01-28T14:03:21.000Z</time>
        <extensions>
          <ns3:TrackPointExtension>
            <ns3:atemp>12.0</ns3:atemp>
            <ns3:hr>148</ns3:hr>
            <ns3:cad>82</ns3:cad>
          </ns3:TrackPointExtension>
        </extensions>
      </trkpt>
      <trkpt lat="55.4305739142000675201416015625" lon="37.75517013855278491973876953125">
        <ele>161.8000030517578125</ele>
        <time>2026-01-28T14:03:22.000Z</time>
        <extensions>
          <ns3:TrackPointExtension>
            <ns3:atemp>12.0</ns3:atemp>
            <ns3:hr>148</ns3:hr>
            <ns3:cad>82</ns3:cad>
          </ns3:TrackPointExtension>
        </extensions>
      </trkpt>
      <trkpt lat="55.43059176765382289886474609375" lon="37.75516309775412082672119140625">
        <ele>161.8000030517578125</ele>
        <time>2026-01-28T14:03:23.000Z</time>
        <extensions>
          <ns3:TrackPointExtension>
            <ns3:atemp>12.0</ns3:atemp>
            <ns3:hr>149</ns3:hr>
            <ns3:cad>82</ns3:cad>
          </ns3:TrackPointExtension>
        </extensions>
      </trkpt>
      <trkpt lat="55.43061456643044948577880859375" lon="37.7551604993641376495361328125">
        <ele>161.8000030517578125</ele>
        <time>2026-01-28T14:03:24.000Z</time>
        <extensions>
          <ns3:TrackPointExtension>
            <ns3:atemp>12.0</ns3:atemp>
            <ns3:hr>149</ns3:hr>
            <ns3:cad>82</ns3:cad>
          </ns3:TrackPointExtension>
        </extensions>
      </trkpt>
      <trkpt lat="55.43062361888587474822998046875" lon="37.7551437355577945709228515625">
        <ele>161.8000030517578125</ele>
        <time>2026-01-28T14:03:25.000Z</time>
        <extensions>
          <ns3:TrackPointExtension>
            <ns3:atemp>12.0</ns3:atemp>
            <ns3:hr>149</ns3:hr>
            <ns3:cad>82</ns3:cad>
          </ns3:TrackPointExtension>
        </extensions>
      </trkpt>
      <trkpt lat="55.4306382872164249420166015625" lon="37.75511163286864757537841796875">
        <ele>161.8000030517578125</ele>
        <time>2026-01-28T14:03:26.000Z</time>
        <extensions>
          <ns3:TrackPointExtension>
            <ns3:atemp>12.0</ns3:atemp>
            <ns3:hr>149</ns3:hr>
            <ns3:cad>77</ns3:cad>
          </ns3:TrackPointExtension>
        </extensions>
      </trkpt>
      <trkpt lat="55.43064038269221782684326171875" lon="37.75508590042591094970703125">
        <ele>161.8000030517578125</ele>
        <time>2026-01-28T14:03:27.000Z</time>
        <extensions>
          <ns3:TrackPointExtension>
            <ns3:atemp>12.0</ns3:atemp>
            <ns3:hr>149</ns3:hr>
            <ns3:cad>0</ns3:cad>
          </ns3:TrackPointExtension>
        </extensions>
      </trkpt>
      <trkpt lat="55.43063937686383724212646484375" lon="37.75504072196781635284423828125">
        <ele>161.8000030517578125</ele>
        <time>2026-01-28T14:03:28.000Z</time>
        <extensions>
          <ns3:TrackPointExtension>
            <ns3:atemp>12.0</ns3:atemp>
            <ns3:hr>149</ns3:hr>
            <ns3:cad>0</ns3:cad>
          </ns3:TrackPointExtension>
        </extensions>
      </trkpt>
      <trkpt lat="55.43064591474831104278564453125" lon="37.754999734461307525634765625">
        <ele>161.8000030517578125</ele>
        <time>2026-01-28T14:03:29.000Z</time>
        <extensions>
          <ns3:TrackPointExtension>
            <ns3:atemp>12.0</ns3:atemp>
            <ns3:hr>149</ns3:hr>
            <ns3:cad>0</ns3:cad>
          </ns3:TrackPointExtension>
        </extensions>
      </trkpt>
      <trkpt lat="55.43064239434897899627685546875" lon="37.7549660392105579376220703125">
        <ele>161.8000030517578125</ele>
        <time>2026-01-28T14:03:30.000Z</time>
        <extensions>
          <ns3:TrackPointExtension>
            <ns3:atemp>12.0</ns3:atemp>
            <ns3:hr>148</ns3:hr>
            <ns3:cad>0</ns3:cad>
          </ns3:TrackPointExtension>
        </extensions>
      </trkpt>
      <trkpt lat="55.4306456632912158966064453125" lon="37.754913233220577239990234375">
        <ele>161.8000030517578125</ele>
        <time>2026-01-28T14:03:31.000Z</time>
        <extensions>
          <ns3:TrackPointExtension>
            <ns3:atemp>12.0</ns3:atemp>
            <ns3:hr>149</ns3:hr>
            <ns3:cad>0</ns3:cad>
          </ns3:TrackPointExtension>
        </extensions>
      </trkpt>
      <trkpt lat="55.4306486807763576507568359375" lon="37.75486906059086322784423828125">
        <ele>161.8000030517578125</ele>
        <time>2026-01-28T14:03:32.000Z</time>
        <extensions>
          <ns3:TrackPointExtension>
            <ns3:atemp>12.0</ns3:atemp>
            <ns3:hr>148</ns3:hr>
            <ns3:cad>82</ns3:cad>
          </ns3:TrackPointExtension>
        </extensions>
      </trkpt>
      <trkpt lat="55.43064993806183338165283203125" lon="37.7548245526850223541259765625">
        <ele>161.8000030517578125</ele>
        <time>2026-01-28T14:03:33.000Z</time>
        <extensions>
          <ns3:TrackPointExtension>
            <ns3:atemp>12.0</ns3:atemp>
            <ns3:hr>148</ns3:hr>
            <ns3:cad>82</ns3:cad>
          </ns3:TrackPointExtension>
        </extensions>
      </trkpt>
      <trkpt lat="55.43065412901341915130615234375" lon="37.7547796256840229034423828125">
        <ele>161.8000030517578125</ele>
        <time>2026-01-28T14:03:34.000Z</time>
        <extensions>
          <ns3:TrackPointExtension>
            <ns3:atemp>12.0</ns3:atemp>
            <ns3:hr>148</ns3:hr>
            <ns3:cad>82</ns3:cad>
          </ns3:TrackPointExtension>
        </extensions>
      </trkpt>
      <trkpt lat="55.4306570626795291900634765625" lon="37.75473855435848236083984375">
        <ele>161.8000030517578125</ele>
        <time>2026-01-28T14:03:35.000Z</time>
        <extensions>
          <ns3:TrackPointExtension>
            <ns3:atemp>12.0</ns3:atemp>
            <ns3:hr>147</ns3:hr>
            <ns3:cad>82</ns3:cad>
          </ns3:TrackPointExtension>
        </extensions>
      </trkpt>
      <trkpt lat="55.43065681122243404388427734375" lon="37.7546964772045612335205078125">
        <ele>161.8000030517578125</ele>
        <time>2026-01-28T14:03:36.000Z</time>
        <extensions>
          <ns3:TrackPointExtension>
            <ns3:atemp>12.0</ns3:atemp>
            <ns3:hr>147</ns3:hr>
            <ns3:cad>82</ns3:cad>
          </ns3:TrackPointExtension>
        </extensions>
      </trkpt>
      <trkpt lat="55.4306617565453052520751953125" lon="37.7546520531177520751953125">
        <ele>161.8000030517578125</ele>
        <time>2026-01-28T14:03:37.000Z</time>
        <extensions>
          <ns3:TrackPointExtension>
            <ns3:atemp>12.0</ns3:atemp>
            <ns3:hr>147</ns3:hr>
            <ns3:cad>82</ns3:cad>
          </ns3:TrackPointExtension>
        </extensions>
      </trkpt>
      <trkpt lat="55.43065614067018032073974609375" lon="37.7546180225908756256103515625">
        <ele>161.8000030517578125</ele>
        <time>2026-01-28T14:03:38.000Z</time>
        <extensions>
          <ns3:TrackPointExtension>
            <ns3:atemp>12.0</ns3:atemp>
            <ns3:hr>147</ns3:hr>
            <ns3:cad>82</ns3:cad>
          </ns3:TrackPointExtension>
        </extensions>
      </trkpt>
      <trkpt lat="55.430663935840129852294921875" lon="37.7545677311718463897705078125">
        <ele>161.8000030517578125</ele>
        <time>2026-01-28T14:03:39.000Z</time>
        <extensions>
          <ns3:TrackPointExtension>
            <ns3:atemp>12.0</ns3:atemp>
            <ns3:hr>147</ns3:hr>
            <ns3:cad>82</ns3:cad>
          </ns3:TrackPointExtension>
        </extensions>
      </trkpt>
      <trkpt lat="55.43066217564046382904052734375" lon="37.754531688988208770751953125">
        <ele>161.600006103515625</ele>
        <time>2026-01-28T14:03:40.000Z</time>
        <extensions>
          <ns3:TrackPointExtension>
            <ns3:atemp>12.0</ns3:atemp>
            <ns3:hr>147</ns3:hr>
            <ns3:cad>82</ns3:cad>
          </ns3:TrackPointExtension>
        </extensions>
      </trkpt>
      <trkpt lat="55.4306624270975589752197265625" lon="37.75448315776884555816650390625">
        <ele>161.600006103515625</ele>
        <time>2026-01-28T14:03:41.000Z</time>
        <extensions>
          <ns3:TrackPointExtension>
            <ns3:atemp>12.0</ns3:atemp>
            <ns3:hr>147</ns3:hr>
            <ns3:cad>83</ns3:cad>
          </ns3:TrackPointExtension>
        </extensions>
      </trkpt>
      <trkpt lat="55.430671982467174530029296875" lon="37.75443806312978267669677734375">
        <ele>161.600006103515625</ele>
        <time>2026-01-28T14:03:42.000Z</time>
        <extensions>
          <ns3:TrackPointExtension>
            <ns3:atemp>12.0</ns3:atemp>
            <ns3:hr>147</ns3:hr>
            <ns3:cad>83</ns3:cad>
          </ns3:TrackPointExtension>
        </extensions>
      </trkpt>
      <trkpt lat="55.43066896498203277587890625" lon="37.754398249089717864990234375">
        <ele>161.600006103515625</ele>
        <time>2026-01-28T14:03:43.000Z</time>
        <extensions>
          <ns3:TrackPointExtension>
            <ns3:atemp>12.0</ns3:atemp>
            <ns3:hr>147</ns3:hr>
            <ns3:cad>83</ns3:cad>
          </ns3:TrackPointExtension>
        </extensions>
      </trkpt>
      <trkpt lat="55.43067692779004573822021484375" lon="37.7543451078236103057861328125">
        <ele>161.600006103515625</ele>
        <time>2026-01-28T14:03:44.000Z</time>
        <extensions>
          <ns3:TrackPointExtension>
            <ns3:atemp>12.0</ns3:atemp>
            <ns3:hr>147</ns3:hr>
            <ns3:cad>83</ns3:cad>
          </ns3:TrackPointExtension>
        </extensions>
      </trkpt>
      <trkpt lat="55.43067608959972858428955078125" lon="37.75430562905967235565185546875">
        <ele>161.600006103515625</ele>
        <time>2026-01-28T14:03:45.000Z</time>
        <extensions>
          <ns3:TrackPointExtension>
            <ns3:atemp>12.0</ns3:atemp>
            <ns3:hr>147</ns3:hr>
            <ns3:cad>83</ns3:cad>
          </ns3:TrackPointExtension>
        </extensions>
      </trkpt>
      <trkpt lat="55.43067676015198230743408203125" lon="37.754261791706085205078125">
        <ele>161.600006103515625</ele>
        <time>2026-01-28T14:03:46.000Z</time>
        <extensions>
          <ns3:TrackPointExtension>
            <ns3:atemp>12.0</ns3:atemp>
            <ns3:hr>147</ns3:hr>
            <ns3:cad>83</ns3:cad>
          </ns3:TrackPointExtension>
        </extensions>
      </trkpt>
      <trkpt lat="55.4306852258741855621337890625" lon="37.75421820580959320068359375">
        <ele>161.600006103515625</ele>
        <time>2026-01-28T14:03:47.000Z</time>
        <extensions>
          <ns3:TrackPointExtension>
            <ns3:atemp>11.0</ns3:atemp>
            <ns3:hr>147</ns3:hr>
            <ns3:cad>83</ns3:cad>
          </ns3:TrackPointExtension>
        </extensions>
      </trkpt>
      <trkpt lat="55.4306828789412975311279296875" lon="37.7541831694543361663818359375">
        <ele>161.600006103515625</ele>
        <time>2026-01-28T14:03:48.000Z</time>
        <extensions>
          <ns3:TrackPointExtension>
            <ns3:atemp>12.0</ns3:atemp>
            <ns3:hr>148</ns3:hr>
            <ns3:cad>83</ns3:cad>
          </ns3:TrackPointExtension>
        </extensions>
      </trkpt>
      <trkpt lat="55.430688075721263885498046875" lon="37.75413799099624156951904296875">
        <ele>161.600006103515625</ele>
        <time>2026-01-28T14:03:49.000Z</time>
        <extensions>
          <ns3:TrackPointExtension>
            <ns3:atemp>12.0</ns3:atemp>
            <ns3:hr>148</ns3:hr>
            <ns3:cad>83</ns3:cad>
          </ns3:TrackPointExtension>
        </extensions>
      </trkpt>
      <trkpt lat="55.43069084174931049346923828125" lon="37.75410681031644344329833984375">
        <ele>161.600006103515625</ele>
        <time>2026-01-28T14:03:50.000Z</time>
        <extensions>
          <ns3:TrackPointExtension>
            <ns3:atemp>12.0</ns3:atemp>
            <ns3:hr>148</ns3:hr>
            <ns3:cad>83</ns3:cad>
          </ns3:TrackPointExtension>
        </extensions>
      </trkpt>
      <trkpt lat="55.43068916536867618560791015625" lon="37.7540807425975799560546875">
        <ele>161.600006103515625</ele>
        <time>2026-01-28T14:03:51.000Z</time>
        <extensions>
          <ns3:TrackPointExtension>
            <ns3:atemp>11.0</ns3:atemp>
            <ns3:hr>149</ns3:hr>
            <ns3:cad>83</ns3:cad>
          </ns3:TrackPointExtension>
        </extensions>
      </trkpt>
      <trkpt lat="55.43069285340607166290283203125" lon="37.75404863990843296051025390625">
        <ele>161.600006103515625</ele>
        <time>2026-01-28T14:03:52.000Z</time>
        <extensions>
          <ns3:TrackPointExtension>
            <ns3:atemp>11.0</ns3:atemp>
            <ns3:hr>149</ns3:hr>
            <ns3:cad>84</ns3:cad>
          </ns3:TrackPointExtension>
        </extensions>
      </trkpt>
      <trkpt lat="55.43069712817668914794921875" lon="37.75401226244866847991943359375">
        <ele>161.399993896484375</ele>
        <time>2026-01-28T14:03:53.000Z</time>
        <extensions>
          <ns3:TrackPointExtension>
            <ns3:atemp>11.0</ns3:atemp>
            <ns3:hr>149</ns3:hr>
            <ns3:cad>84</ns3:cad>
          </ns3:TrackPointExtension>
        </extensions>
      </trkpt>
      <trkpt lat="55.43069436214864253997802734375" lon="37.75397873483598232269287109375">
        <ele>161.399993896484375</ele>
        <time>2026-01-28T14:03:54.000Z</time>
        <extensions>
          <ns3:TrackPointExtension>
            <ns3:atemp>11.0</ns3:atemp>
            <ns3:hr>150</ns3:hr>
            <ns3:cad>83</ns3:cad>
          </ns3:TrackPointExtension>
        </extensions>
      </trkpt>
      <trkpt lat="55.430700145661830902099609375" lon="37.75392777286469936370849609375">
        <ele>161.399993896484375</ele>
        <time>2026-01-28T14:03:55.000Z</time>
        <extensions>
          <ns3:TrackPointExtension>
            <ns3:atemp>11.0</ns3:atemp>
            <ns3:hr>150</ns3:hr>
            <ns3:cad>83</ns3:cad>
          </ns3:TrackPointExtension>
        </extensions>
      </trkpt>
      <trkpt lat="55.43070090003311634063720703125" lon="37.753889970481395721435546875">
        <ele>161.399993896484375</ele>
        <time>2026-01-28T14:03:56.000Z</time>
        <extensions>
          <ns3:TrackPointExtension>
            <ns3:atemp>11.0</ns3:atemp>
            <ns3:hr>150</ns3:hr>
            <ns3:cad>80</ns3:cad>
          </ns3:TrackPointExtension>
        </extensions>
      </trkpt>
      <trkpt lat="55.43070249259471893310546875" lon="37.7538554370403289794921875">
        <ele>161.1999969482421875</ele>
        <time>2026-01-28T14:03:57.000Z</time>
        <extensions>
          <ns3:TrackPointExtension>
            <ns3:atemp>11.0</ns3:atemp>
            <ns3:hr>149</ns3:hr>
            <ns3:cad>78</ns3:cad>
          </ns3:TrackPointExtension>
        </extensions>
      </trkpt>
      <trkpt lat="55.430710203945636749267578125" lon="37.75380489416420459747314453125">
        <ele>161.1999969482421875</ele>
        <time>2026-01-28T14:03:58.000Z</time>
        <extensions>
          <ns3:TrackPointExtension>
            <ns3:atemp>11.0</ns3:atemp>
            <ns3:hr>149</ns3:hr>
            <ns3:cad>78</ns3:cad>
          </ns3:TrackPointExtension>
        </extensions>
      </trkpt>
      <trkpt lat="55.4307066835463047027587890625" lon="37.75376868434250354766845703125">
        <ele>161.1999969482421875</ele>
        <time>2026-01-28T14:03:59.000Z</time>
        <extensions>
          <ns3:TrackPointExtension>
            <ns3:atemp>11.0</ns3:atemp>
            <ns3:hr>149</ns3:hr>
            <ns3:cad>81</ns3:cad>
          </ns3:TrackPointExtension>
        </extensions>
      </trkpt>
      <trkpt lat="55.4307120479643344879150390625" lon="37.753718309104442596435546875">
        <ele>161.1999969482421875</ele>
        <time>2026-01-28T14:04:00.000Z</time>
        <extensions>
          <ns3:TrackPointExtension>
            <ns3:atemp>11.0</ns3:atemp>
            <ns3:hr>149</ns3:hr>
            <ns3:cad>81</ns3:cad>
          </ns3:TrackPointExtension>
        </extensions>
      </trkpt>
      <trkpt lat="55.430713556706905364990234375" lon="37.7536779083311557769775390625">
        <ele>161.1999969482421875</ele>
        <time>2026-01-28T14:04:01.000Z</time>
        <extensions>
          <ns3:TrackPointExtension>
            <ns3:atemp>11.0</ns3:atemp>
            <ns3:hr>149</ns3:hr>
            <ns3:cad>82</ns3:cad>
          </ns3:TrackPointExtension>
        </extensions>
      </trkpt>
      <trkpt lat="55.43071649037301540374755859375" lon="37.75364094413816928863525390625">
        <ele>161.1999969482421875</ele>
        <time>2026-01-28T14:04:02.000Z</time>
        <extensions>
          <ns3:TrackPointExtension>
            <ns3:atemp>12.0</ns3:atemp>
            <ns3:hr>149</ns3:hr>
            <ns3:cad>83</ns3:cad>
          </ns3:TrackPointExtension>
        </extensions>
      </trkpt>
      <trkpt lat="55.43072537519037723541259765625" lon="37.7535964362323284149169921875">
        <ele>161.1999969482421875</ele>
        <time>2026-01-28T14:04:03.000Z</time>
        <extensions>
          <ns3:TrackPointExtension>
            <ns3:atemp>11.0</ns3:atemp>
            <ns3:hr>149</ns3:hr>
            <ns3:cad>84</ns3:cad>
          </ns3:TrackPointExtension>
        </extensions>
      </trkpt>
      <trkpt lat="55.43072470463812351226806640625" lon="37.7535582147538661956787109375">
        <ele>161.1999969482421875</ele>
        <time>2026-01-28T14:04:04.000Z</time>
        <extensions>
          <ns3:TrackPointExtension>
            <ns3:atemp>11.0</ns3:atemp>
            <ns3:hr>150</ns3:hr>
            <ns3:cad>84</ns3:cad>
          </ns3:TrackPointExtension>
        </extensions>
      </trkpt>
      <trkpt lat="55.430719591677188873291015625" lon="37.7535354159772396087646484375">
        <ele>161.1999969482421875</ele>
        <time>2026-01-28T14:04:05.000Z</time>
        <extensions>
          <ns3:TrackPointExtension>
            <ns3:atemp>11.0</ns3:atemp>
            <ns3:hr>150</ns3:hr>
            <ns3:cad>84</ns3:cad>
          </ns3:TrackPointExtension>
        </extensions>
      </trkpt>
      <trkpt lat="55.430703498423099517822265625" lon="37.7535186521708965301513671875">
        <ele>161.1999969482421875</ele>
        <time>2026-01-28T14:04:06.000Z</time>
        <extensions>
          <ns3:TrackPointExtension>
            <ns3:atemp>11.0</ns3:atemp>
            <ns3:hr>150</ns3:hr>
            <ns3:cad>84</ns3:cad>
          </ns3:TrackPointExtension>
        </extensions>
      </trkpt>
      <trkpt lat="55.430686734616756439208984375" lon="37.75351873598992824554443359375">
        <ele>161.1999969482421875</ele>
        <time>2026-01-28T14:04:07.000Z</time>
        <extensions>
          <ns3:TrackPointExtension>
            <ns3:atemp>11.0</ns3:atemp>
            <ns3:hr>149</ns3:hr>
            <ns3:cad>83</ns3:cad>
          </ns3:TrackPointExtension>
        </extensions>
      </trkpt>
      <trkpt lat="55.43066452257335186004638671875" lon="37.75351035408675670623779296875">
        <ele>161.1999969482421875</ele>
        <time>2026-01-28T14:04:08.000Z</time>
        <extensions>
          <ns3:TrackPointExtension>
            <ns3:atemp>11.0</ns3:atemp>
            <ns3:hr>150</ns3:hr>
            <ns3:cad>81</ns3:cad>
          </ns3:TrackPointExtension>
        </extensions>
      </trkpt>
      <trkpt lat="55.4306426458060741424560546875" lon="37.75348906405270099639892578125">
        <ele>161.1999969482421875</ele>
        <time>2026-01-28T14:04:09.000Z</time>
        <extensions>
          <ns3:TrackPointExtension>
            <ns3:atemp>11.0</ns3:atemp>
            <ns3:hr>150</ns3:hr>
            <ns3:cad>81</ns3:cad>
          </ns3:TrackPointExtension>
        </extensions>
      </trkpt>
      <trkpt lat="55.43062462471425533294677734375" lon="37.75348193943500518798828125">
        <ele>161.1999969482421875</ele>
        <time>2026-01-28T14:04:10.000Z</time>
        <extensions>
          <ns3:TrackPointExtension>
            <ns3:atemp>11.0</ns3:atemp>
            <ns3:hr>150</ns3:hr>
            <ns3:cad>81</ns3:cad>
          </ns3:TrackPointExtension>
        </extensions>
      </trkpt>
      <trkpt lat="55.4306087829172611236572265625" lon="37.75347255170345306396484375">
        <ele>161.1999969482421875</ele>
        <time>2026-01-28T14:04:11.000Z</time>
        <extensions>
          <ns3:TrackPointExtension>
            <ns3:atemp>11.0</ns3:atemp>
            <ns3:hr>150</ns3:hr>
            <ns3:cad>79</ns3:cad>
          </ns3:TrackPointExtension>
        </extensions>
      </trkpt>
      <trkpt lat="55.43060132302343845367431640625" lon="37.7534743957221508026123046875">
        <ele>161.399993896484375</ele>
        <time>2026-01-28T14:04:12.000Z</time>
        <extensions>
          <ns3:TrackPointExtension>
            <ns3:atemp>11.0</ns3:atemp>
            <ns3:hr>150</ns3:hr>
            <ns3:cad>79</ns3:cad>
          </ns3:TrackPointExtension>
        </extensions>
      </trkpt>
      <trkpt lat="55.4306030832231044769287109375" lon="37.75346643291413784027099609375">
        <ele>159</ele>
        <time>2026-01-28T14:05:09.000Z</time>
        <extensions>
          <ns3:TrackPointExtension>
            <ns3:atemp>11.0</ns3:atemp>
            <ns3:hr>112</ns3:hr>
            <ns3:cad>0</ns3:cad>
          </ns3:TrackPointExtension>
        </extensions>
      </trkpt>
      <trkpt lat="55.43059478513896465301513671875" lon="37.75346039794385433197021484375">
        <ele>159</ele>
        <time>2026-01-28T14:05:10.000Z</time>
        <extensions>
          <ns3:TrackPointExtension>
            <ns3:atemp>11.0</ns3:atemp>
            <ns3:hr>111</ns3:hr>
            <ns3:cad>0</ns3:cad>
          </ns3:TrackPointExtension>
        </extensions>
      </trkpt>
      <trkpt lat="55.4305799491703510284423828125" lon="37.7534549497067928314208984375">
        <ele>158.8000030517578125</ele>
        <time>2026-01-28T14:05:11.000Z</time>
        <extensions>
          <ns3:TrackPointExtension>
            <ns3:atemp>11.0</ns3:atemp>
            <ns3:hr>111</ns3:hr>
            <ns3:cad>0</ns3:cad>
          </ns3:TrackPointExtension>
        </extensions>
      </trkpt>
      <trkpt lat="55.43055765330791473388671875" lon="37.75345536880195140838623046875">
        <ele>158.8000030517578125</ele>
        <time>2026-01-28T14:05:12.000Z</time>
        <extensions>
          <ns3:TrackPointExtension>
            <ns3:atemp>11.0</ns3:atemp>
            <ns3:hr>111</ns3:hr>
            <ns3:cad>0</ns3:cad>
          </ns3:TrackPointExtension>
        </extensions>
      </trkpt>
      <trkpt lat="55.43052823282778263092041015625" lon="37.75347380898892879486083984375">
        <ele>158.600006103515625</ele>
        <time>2026-01-28T14:05:13.000Z</time>
        <extensions>
          <ns3:TrackPointExtension>
            <ns3:atemp>11.0</ns3:atemp>
            <ns3:hr>110</ns3:hr>
            <ns3:cad>0</ns3:cad>
          </ns3:TrackPointExtension>
        </extensions>
      </trkpt>
      <trkpt lat="55.43051540851593017578125" lon="37.75350197218358516693115234375">
        <ele>158.399993896484375</ele>
        <time>2026-01-28T14:05:14.000Z</time>
        <extensions>
          <ns3:TrackPointExtension>
            <ns3:atemp>11.0</ns3:atemp>
            <ns3:hr>110</ns3:hr>
            <ns3:cad>0</ns3:cad>
          </ns3:TrackPointExtension>
        </extensions>
      </trkpt>
      <trkpt lat="55.43048783205449581146240234375" lon="37.75351546704769134521484375">
        <ele>158.399993896484375</ele>
        <time>2026-01-28T14:05:15.000Z</time>
        <extensions>
          <ns3:TrackPointExtension>
            <ns3:atemp>11.0</ns3:atemp>
            <ns3:hr>110</ns3:hr>
            <ns3:cad>0</ns3:cad>
          </ns3:TrackPointExtension>
        </extensions>
      </trkpt>
      <trkpt lat="55.43046503327786922454833984375" lon="37.75352778844535350799560546875">
        <ele>158.399993896484375</ele>
        <time>2026-01-28T14:05:16.000Z</time>
        <extensions>
          <ns3:TrackPointExtension>
            <ns3:atemp>11.0</ns3:atemp>
            <ns3:hr>110</ns3:hr>
            <ns3:cad>0</ns3:cad>
          </ns3:TrackPointExtension>
        </extensions>
      </trkpt>
      <trkpt lat="55.43043653480708599090576171875" lon="37.753510773181915283203125">
        <ele>158.600006103515625</ele>
        <time>2026-01-28T14:05:17.000Z</time>
        <extensions>
          <ns3:TrackPointExtension>
            <ns3:atemp>11.0</ns3:atemp>
            <ns3:hr>111</ns3:hr>
            <ns3:cad>86</ns3:cad>
          </ns3:TrackPointExtension>
        </extensions>
      </trkpt>
      <trkpt lat="55.4304109700024127960205078125" lon="37.75349660776555538177490234375">
        <ele>158.8000030517578125</ele>
        <time>2026-01-28T14:05:18.000Z</time>
        <extensions>
          <ns3:TrackPointExtension>
            <ns3:atemp>11.0</ns3:atemp>
            <ns3:hr>112</ns3:hr>
            <ns3:cad>86</ns3:cad>
          </ns3:TrackPointExtension>
        </extensions>
      </trkpt>
      <trkpt lat="55.43038205243647098541259765625" lon="37.7534784190356731414794921875">
        <ele>158.8000030517578125</ele>
        <time>2026-01-28T14:05:19.000Z</time>
        <extensions>
          <ns3:TrackPointExtension>
            <ns3:atemp>11.0</ns3:atemp>
            <ns3:hr>113</ns3:hr>
            <ns3:cad>86</ns3:cad>
          </ns3:TrackPointExtension>
        </extensions>
      </trkpt>
      <trkpt lat="55.4303539730608463287353515625" lon="37.75346978567540645599365234375">
        <ele>158.8000030517578125</ele>
        <time>2026-01-28T14:05:20.000Z</time>
        <extensions>
          <ns3:TrackPointExtension>
            <ns3:atemp>11.0</ns3:atemp>
            <ns3:hr>114</ns3:hr>
            <ns3:cad>86</ns3:cad>
          </ns3:TrackPointExtension>
        </extensions>
      </trkpt>
      <trkpt lat="55.43032606132328510284423828125" lon="37.75346810929477214813232421875">
        <ele>158.8000030517578125</ele>
        <time>2026-01-28T14:05:21.000Z</time>
        <extensions>
          <ns3:TrackPointExtension>
            <ns3:atemp>11.0</ns3:atemp>
            <ns3:hr>115</ns3:hr>
            <ns3:cad>86</ns3:cad>
          </ns3:TrackPointExtension>
        </extensions>
      </trkpt>
      <trkpt lat="55.43029504828155040740966796875" lon="37.75346048176288604736328125">
        <ele>158.8000030517578125</ele>
        <time>2026-01-28T14:05:22.000Z</time>
        <extensions>
          <ns3:TrackPointExtension>
            <ns3:atemp>11.0</ns3:atemp>
            <ns3:hr>115</ns3:hr>
            <ns3:cad>86</ns3:cad>
          </ns3:TrackPointExtension>
        </extensions>
      </trkpt>
      <trkpt lat="55.430272333323955535888671875" lon="37.75346358306705951690673828125">
        <ele>158.8000030517578125</ele>
        <time>2026-01-28T14:05:23.000Z</time>
        <extensions>
          <ns3:TrackPointExtension>
            <ns3:atemp>11.0</ns3:atemp>
            <ns3:hr>113</ns3:hr>
            <ns3:cad>86</ns3:cad>
          </ns3:TrackPointExtension>
        </extensions>
      </trkpt>
      <trkpt lat="55.43024240992963314056396484375" lon="37.7534613199532032012939453125">
        <ele>158.8000030517578125</ele>
        <time>2026-01-28T14:05:24.000Z</time>
        <extensions>
          <ns3:TrackPointExtension>
            <ns3:atemp>11.0</ns3:atemp>
            <ns3:hr>114</ns3:hr>
            <ns3:cad>86</ns3:cad>
          </ns3:TrackPointExtension>
        </extensions>
      </trkpt>
      <trkpt lat="55.43021567165851593017578125" lon="37.7534638345241546630859375">
        <ele>158.8000030517578125</ele>
        <time>2026-01-28T14:05:25.000Z</time>
        <extensions>
          <ns3:TrackPointExtension>
            <ns3:atemp>11.0</ns3:atemp>
            <ns3:hr>115</ns3:hr>
            <ns3:cad>85</ns3:cad>
          </ns3:TrackPointExtension>
        </extensions>
      </trkpt>
      <trkpt lat="55.43018977157771587371826171875" lon="37.7534720487892627716064453125">
        <ele>158.8000030517578125</ele>
        <time>2026-01-28T14:05:26.000Z</time>
        <extensions>
          <ns3:TrackPointExtension>
            <ns3:atemp>11.0</ns3:atemp>
            <ns3:hr>116</ns3:hr>
            <ns3:cad>84</ns3:cad>
          </ns3:TrackPointExtension>
        </extensions>
      </trkpt>
      <trkpt lat="55.43015959672629833221435546875" lon="37.7534697018563747406005859375">
        <ele>159</ele>
        <time>2026-01-28T14:05:27.000Z</time>
        <extensions>
          <ns3:TrackPointExtension>
            <ns3:atemp>11.0</ns3:atemp>
            <ns3:hr>116</ns3:hr>
            <ns3:cad>84</ns3:cad>
          </ns3:TrackPointExtension>
        </extensions>
      </trkpt>
      <trkpt lat="55.43013663031160831451416015625" lon="37.75348084978759288787841796875">
        <ele>159</ele>
        <time>2026-01-28T14:05:28.000Z</time>
        <extensions>
          <ns3:TrackPointExtension>
            <ns3:atemp>11.0</ns3:atemp>
            <ns3:hr>117</ns3:hr>
            <ns3:cad>84</ns3:cad>
          </ns3:TrackPointExtension>
        </extensions>
      </trkpt>
      <trkpt lat="55.4301051981747150421142578125" lon="37.7534857951104640960693359375">
        <ele>159</ele>
        <time>2026-01-28T14:05:29.000Z</time>
        <extensions>
          <ns3:TrackPointExtension>
            <ns3:atemp>11.0</ns3:atemp>
            <ns3:hr>117</ns3:hr>
            <ns3:cad>84</ns3:cad>
          </ns3:TrackPointExtension>
        </extensions>
      </trkpt>
      <trkpt lat="55.430080555379390716552734375" lon="37.75348889641463756561279296875">
        <ele>159</ele>
        <time>2026-01-28T14:05:30.000Z</time>
        <extensions>
          <ns3:TrackPointExtension>
            <ns3:atemp>11.0</ns3:atemp>
            <ns3:hr>118</ns3:hr>
            <ns3:cad>84</ns3:cad>
          </ns3:TrackPointExtension>
        </extensions>
      </trkpt>
      <trkpt lat="55.43005549348890781402587890625" lon="37.75350071489810943603515625">
        <ele>158.8000030517578125</ele>
        <time>2026-01-28T14:05:31.000Z</time>
        <extensions>
          <ns3:TrackPointExtension>
            <ns3:atemp>11.0</ns3:atemp>
            <ns3:hr>118</ns3:hr>
            <ns3:cad>84</ns3:cad>
          </ns3:TrackPointExtension>
        </extensions>
      </trkpt>
      <trkpt lat="55.43002582155168056488037109375" lon="37.7535025589168071746826171875">
        <ele>158.8000030517578125</ele>
        <time>2026-01-28T14:05:32.000Z</time>
        <extensions>
          <ns3:TrackPointExtension>
            <ns3:atemp>11.0</ns3:atemp>
            <ns3:hr>118</ns3:hr>
            <ns3:cad>84</ns3:cad>
          </ns3:TrackPointExtension>
        </extensions>
      </trkpt>
      <trkpt lat="55.4300029389560222625732421875" lon="37.75351504795253276824951171875">
        <ele>158.8000030517578125</ele>
        <time>2026-01-28T14:05:33.000Z</time>
        <extensions>
          <ns3:TrackPointExtension>
            <ns3:atemp>11.0</ns3:atemp>
            <ns3:hr>118</ns3:hr>
            <ns3:cad>84</ns3:cad>
          </ns3:TrackPointExtension>
        </extensions>
      </trkpt>
      <trkpt lat="55.4299727641046047210693359375" lon="37.7535203285515308380126953125">
        <ele>159</ele>
        <time>2026-01-28T14:05:34.000Z</time>
        <extensions>
          <ns3:TrackPointExtension>
            <ns3:atemp>11.0</ns3:atemp>
            <ns3:hr>118</ns3:hr>
            <ns3:cad>84</ns3:cad>
          </ns3:TrackPointExtension>
        </extensions>
      </trkpt>
      <trkpt lat="55.4299479536712169647216796875" lon="37.753527201712131500244140625">
        <ele>159</ele>
        <time>2026-01-28T14:05:35.000Z</time>
        <extensions>
          <ns3:TrackPointExtension>
            <ns3:atemp>11.0</ns3:atemp>
            <ns3:hr>119</ns3:hr>
            <ns3:cad>84</ns3:cad>
          </ns3:TrackPointExtension>
        </extensions>
      </trkpt>
      <trkpt lat="55.4299197904765605926513671875" lon="37.75353348813951015472412109375">
        <ele>159</ele>
        <time>2026-01-28T14:05:36.000Z</time>
        <extensions>
          <ns3:TrackPointExtension>
            <ns3:atemp>11.0</ns3:atemp>
            <ns3:hr>119</ns3:hr>
            <ns3:cad>83</ns3:cad>
          </ns3:TrackPointExtension>
        </extensions>
      </trkpt>
      <trkpt lat="55.4298882745206356048583984375" lon="37.75353097356855869293212890625">
        <ele>159</ele>
        <time>2026-01-28T14:05:37.000Z</time>
        <extensions>
          <ns3:TrackPointExtension>
            <ns3:atemp>11.0</ns3:atemp>
            <ns3:hr>119</ns3:hr>
            <ns3:cad>83</ns3:cad>
          </ns3:TrackPointExtension>
        </extensions>
      </trkpt>
      <trkpt lat="55.42986304499208927154541015625" lon="37.753541283309459686279296875">
        <ele>159</ele>
        <time>2026-01-28T14:05:38.000Z</time>
        <extensions>
          <ns3:TrackPointExtension>
            <ns3:atemp>11.0</ns3:atemp>
            <ns3:hr>120</ns3:hr>
            <ns3:cad>83</ns3:cad>
          </ns3:TrackPointExtension>
        </extensions>
      </trkpt>
      <trkpt lat="55.4298299364745616912841796875" lon="37.7535443007946014404296875">
        <ele>159</ele>
        <time>2026-01-28T14:05:39.000Z</time>
        <extensions>
          <ns3:TrackPointExtension>
            <ns3:atemp>11.0</ns3:atemp>
            <ns3:hr>121</ns3:hr>
            <ns3:cad>84</ns3:cad>
          </ns3:TrackPointExtension>
        </extensions>
      </trkpt>
      <trkpt lat="55.4298071376979351043701171875" lon="37.75354924611747264862060546875">
        <ele>159</ele>
        <time>2026-01-28T14:05:40.000Z</time>
        <extensions>
          <ns3:TrackPointExtension>
            <ns3:atemp>11.0</ns3:atemp>
            <ns3:hr>121</ns3:hr>
            <ns3:cad>84</ns3:cad>
          </ns3:TrackPointExtension>
        </extensions>
      </trkpt>
      <trkpt lat="55.4297809861600399017333984375" lon="37.75355595164000988006591796875">
        <ele>159</ele>
        <time>2026-01-28T14:05:41.000Z</time>
        <extensions>
          <ns3:TrackPointExtension>
            <ns3:atemp>11.0</ns3:atemp>
            <ns3:hr>122</ns3:hr>
            <ns3:cad>84</ns3:cad>
          </ns3:TrackPointExtension>
        </extensions>
      </trkpt>
      <trkpt lat="55.429752655327320098876953125" lon="37.75355578400194644927978515625">
        <ele>158.8000030517578125</ele>
        <time>2026-01-28T14:05:42.000Z</time>
        <extensions>
          <ns3:TrackPointExtension>
            <ns3:atemp>11.0</ns3:atemp>
            <ns3:hr>123</ns3:hr>
            <ns3:cad>84</ns3:cad>
          </ns3:TrackPointExtension>
        </extensions>
      </trkpt>
      <trkpt lat="55.42972424067556858062744140625" lon="37.75356718339025974273681640625">
        <ele>158.8000030517578125</ele>
        <time>2026-01-28T14:05:43.000Z</time>
        <extensions>
          <ns3:TrackPointExtension>
            <ns3:atemp>11.0</ns3:atemp>
            <ns3:hr>124</ns3:hr>
            <ns3:cad>84</ns3:cad>
          </ns3:TrackPointExtension>
        </extensions>
      </trkpt>
      <trkpt lat="55.42969373054802417755126953125" lon="37.75357137434184551239013671875">
        <ele>158.8000030517578125</ele>
        <time>2026-01-28T14:05:44.000Z</time>
        <extensions>
          <ns3:TrackPointExtension>
            <ns3:atemp>11.0</ns3:atemp>
            <ns3:hr>126</ns3:hr>
            <ns3:cad>85</ns3:cad>
          </ns3:TrackPointExtension>
        </extensions>
      </trkpt>
      <trkpt lat="55.42966959066689014434814453125" lon="37.75358562357723712921142578125">
        <ele>158.8000030517578125</ele>
        <time>2026-01-28T14:05:45.000Z</time>
        <extensions>
          <ns3:TrackPointExtension>
            <ns3:atemp>11.0</ns3:atemp>
            <ns3:hr>129</ns3:hr>
            <ns3:cad>85</ns3:cad>
          </ns3:TrackPointExtension>
        </extensions>
      </trkpt>
      <trkpt lat="55.429638326168060302734375" lon="37.7535880543291568756103515625">
        <ele>159</ele>
        <time>2026-01-28T14:05:46.000Z</time>
        <extensions>
          <ns3:TrackPointExtension>
            <ns3:atemp>11.0</ns3:atemp>
            <ns3:hr>131</ns3:hr>
            <ns3:cad>85</ns3:cad>
          </ns3:TrackPointExtension>
        </extensions>
      </trkpt>
      <trkpt lat="55.42961418628692626953125" lon="37.7536014653742313385009765625">
        <ele>159</ele>
        <time>2026-01-28T14:05:47.000Z</time>
        <extensions>
          <ns3:TrackPointExtension>
            <ns3:atemp>11.0</ns3:atemp>
            <ns3:hr>135</ns3:hr>
            <ns3:cad>86</ns3:cad>
          </ns3:TrackPointExtension>
        </extensions>
      </trkpt>
      <trkpt lat="55.42958811856806278228759765625" lon="37.7536140382289886474609375">
        <ele>159.1999969482421875</ele>
        <time>2026-01-28T14:05:48.000Z</time>
        <extensions>
          <ns3:TrackPointExtension>
            <ns3:atemp>11.0</ns3:atemp>
            <ns3:hr>137</ns3:hr>
            <ns3:cad>87</ns3:cad>
          </ns3:TrackPointExtension>
        </extensions>
      </trkpt>
      <trkpt lat="55.4295607097446918487548828125" lon="37.75361965410411357879638671875">
        <ele>159.1999969482421875</ele>
        <time>2026-01-28T14:05:49.000Z</time>
        <extensions>
          <ns3:TrackPointExtension>
            <ns3:atemp>11.0</ns3:atemp>
            <ns3:hr>138</ns3:hr>
            <ns3:cad>86</ns3:cad>
          </ns3:TrackPointExtension>
        </extensions>
      </trkpt>
      <trkpt lat="55.42953816242516040802001953125" lon="37.75363708846271038055419921875">
        <ele>159.1999969482421875</ele>
        <time>2026-01-28T14:05:50.000Z</time>
        <extensions>
          <ns3:TrackPointExtension>
            <ns3:atemp>11.0</ns3:atemp>
            <ns3:hr>139</ns3:hr>
            <ns3:cad>86</ns3:cad>
          </ns3:TrackPointExtension>
        </extensions>
      </trkpt>
      <trkpt lat="55.429505892097949981689453125" lon="37.75364262051880359649658203125">
        <ele>159.1999969482421875</ele>
        <time>2026-01-28T14:05:51.000Z</time>
        <extensions>
          <ns3:TrackPointExtension>
            <ns3:atemp>11.0</ns3:atemp>
            <ns3:hr>140</ns3:hr>
            <ns3:cad>84</ns3:cad>
          </ns3:TrackPointExtension>
        </extensions>
      </trkpt>
      <trkpt lat="55.4294862784445285797119140625" lon="37.7536604739725589752197265625">
        <ele>159</ele>
        <time>2026-01-28T14:05:52.000Z</time>
        <extensions>
          <ns3:TrackPointExtension>
            <ns3:atemp>11.0</ns3:atemp>
            <ns3:hr>141</ns3:hr>
            <ns3:cad>84</ns3:cad>
          </ns3:TrackPointExtension>
        </extensions>
      </trkpt>
      <trkpt lat="55.42945886962115764617919921875" lon="37.75367497466504573822021484375">
        <ele>159</ele>
        <time>2026-01-28T14:05:53.000Z</time>
        <extensions>
          <ns3:TrackPointExtension>
            <ns3:atemp>11.0</ns3:atemp>
            <ns3:hr>141</ns3:hr>
            <ns3:cad>84</ns3:cad>
          </ns3:TrackPointExtension>
        </extensions>
      </trkpt>
      <trkpt lat="55.4294329695403575897216796875" lon="37.75368067435920238494873046875">
        <ele>159</ele>
        <time>2026-01-28T14:05:54.000Z</time>
        <extensions>
          <ns3:TrackPointExtension>
            <ns3:atemp>11.0</ns3:atemp>
            <ns3:hr>141</ns3:hr>
            <ns3:cad>84</ns3:cad>
          </ns3:TrackPointExtension>
        </extensions>
      </trkpt>
      <trkpt lat="55.4294098354876041412353515625" lon="37.75369676761329174041748046875">
        <ele>159</ele>
        <time>2026-01-28T14:05:55.000Z</time>
        <extensions>
          <ns3:TrackPointExtension>
            <ns3:atemp>11.0</ns3:atemp>
            <ns3:hr>142</ns3:hr>
            <ns3:cad>85</ns3:cad>
          </ns3:TrackPointExtension>
        </extensions>
      </trkpt>
      <trkpt lat="55.42937555350363254547119140625" lon="37.7537027187645435333251953125">
        <ele>159</ele>
        <time>2026-01-28T14:05:56.000Z</time>
        <extensions>
          <ns3:TrackPointExtension>
            <ns3:atemp>11.0</ns3:atemp>
            <ns3:hr>142</ns3:hr>
            <ns3:cad>85</ns3:cad>
          </ns3:TrackPointExtension>
        </extensions>
      </trkpt>
      <trkpt lat="55.4293553531169891357421875" lon="37.753718979656696319580078125">
        <ele>159.1999969482421875</ele>
        <time>2026-01-28T14:05:57.000Z</time>
        <extensions>
          <ns3:TrackPointExtension>
            <ns3:atemp>11.0</ns3:atemp>
            <ns3:hr>142</ns3:hr>
            <ns3:cad>84</ns3:cad>
          </ns3:TrackPointExtension>
        </extensions>
      </trkpt>
      <trkpt lat="55.42932710610330104827880859375" lon="37.75372803211212158203125">
        <ele>159.1999969482421875</ele>
        <time>2026-01-28T14:05:58.000Z</time>
        <extensions>
          <ns3:TrackPointExtension>
            <ns3:atemp>11.0</ns3:atemp>
            <ns3:hr>142</ns3:hr>
            <ns3:cad>84</ns3:cad>
          </ns3:TrackPointExtension>
        </extensions>
      </trkpt>
      <trkpt lat="55.42930011637508869171142578125" lon="37.75373767130076885223388671875">
        <ele>159.399993896484375</ele>
        <time>2026-01-28T14:05:59.000Z</time>
        <extensions>
          <ns3:TrackPointExtension>
            <ns3:atemp>11.0</ns3:atemp>
            <ns3:hr>143</ns3:hr>
            <ns3:cad>84</ns3:cad>
          </ns3:TrackPointExtension>
        </extensions>
      </trkpt>
      <trkpt lat="55.42927832342684268951416015625" lon="37.7537516690790653228759765625">
        <ele>159.399993896484375</ele>
        <time>2026-01-28T14:06:00.000Z</time>
        <extensions>
          <ns3:TrackPointExtension>
            <ns3:atemp>11.0</ns3:atemp>
            <ns3:hr>143</ns3:hr>
            <ns3:cad>83</ns3:cad>
          </ns3:TrackPointExtension>
        </extensions>
      </trkpt>
      <trkpt lat="55.42924739420413970947265625" lon="37.7537580393254756927490234375">
        <ele>159.399993896484375</ele>
        <time>2026-01-28T14:06:01.000Z</time>
        <extensions>
          <ns3:TrackPointExtension>
            <ns3:atemp>11.0</ns3:atemp>
            <ns3:hr>143</ns3:hr>
            <ns3:cad>84</ns3:cad>
          </ns3:TrackPointExtension>
        </extensions>
      </trkpt>
      <trkpt lat="55.42922568507492542266845703125" lon="37.75377069599926471710205078125">
        <ele>159.399993896484375</ele>
        <time>2026-01-28T14:06:02.000Z</time>
        <extensions>
          <ns3:TrackPointExtension>
            <ns3:atemp>11.0</ns3:atemp>
            <ns3:hr>143</ns3:hr>
            <ns3:cad>85</ns3:cad>
          </ns3:TrackPointExtension>
        </extensions>
      </trkpt>
      <trkpt lat="55.42919685132801532745361328125" lon="37.7537794969975948333740234375">
        <ele>159.399993896484375</ele>
        <time>2026-01-28T14:06:03.000Z</time>
        <extensions>
          <ns3:TrackPointExtension>
            <ns3:atemp>11.0</ns3:atemp>
            <ns3:hr>143</ns3:hr>
            <ns3:cad>85</ns3:cad>
          </ns3:TrackPointExtension>
        </extensions>
      </trkpt>
      <trkpt lat="55.42917120270431041717529296875" lon="37.7537935785949230194091796875">
        <ele>159.399993896484375</ele>
        <time>2026-01-28T14:06:04.000Z</time>
        <extensions>
          <ns3:TrackPointExtension>
            <ns3:atemp>11.0</ns3:atemp>
            <ns3:hr>143</ns3:hr>
            <ns3:cad>85</ns3:cad>
          </ns3:TrackPointExtension>
        </extensions>
      </trkpt>
      <trkpt lat="55.42914739809930324554443359375" lon="37.75380992330610752105712890625">
        <ele>159.399993896484375</ele>
        <time>2026-01-28T14:06:05.000Z</time>
        <extensions>
          <ns3:TrackPointExtension>
            <ns3:atemp>11.0</ns3:atemp>
            <ns3:hr>143</ns3:hr>
            <ns3:cad>85</ns3:cad>
          </ns3:TrackPointExtension>
        </extensions>
      </trkpt>
      <trkpt lat="55.42911487631499767303466796875" lon="37.7538224123418331146240234375">
        <ele>159.399993896484375</ele>
        <time>2026-01-28T14:06:06.000Z</time>
        <extensions>
          <ns3:TrackPointExtension>
            <ns3:atemp>11.0</ns3:atemp>
            <ns3:hr>144</ns3:hr>
            <ns3:cad>84</ns3:cad>
          </ns3:TrackPointExtension>
        </extensions>
      </trkpt>
      <trkpt lat="55.4290926642715930938720703125" lon="37.75383909232914447784423828125">
        <ele>159.600006103515625</ele>
        <time>2026-01-28T14:06:07.000Z</time>
        <extensions>
          <ns3:TrackPointExtension>
            <ns3:atemp>11.0</ns3:atemp>
            <ns3:hr>144</ns3:hr>
            <ns3:cad>84</ns3:cad>
          </ns3:TrackPointExtension>
        </extensions>
      </trkpt>
      <trkpt lat="55.4290611483156681060791015625" lon="37.75385065935552120208740234375">
        <ele>159.600006103515625</ele>
        <time>2026-01-28T14:06:08.000Z</time>
        <extensions>
          <ns3:TrackPointExtension>
            <ns3:atemp>11.0</ns3:atemp>
            <ns3:hr>144</ns3:hr>
            <ns3:cad>84</ns3:cad>
          </ns3:TrackPointExtension>
        </extensions>
      </trkpt>
      <trkpt lat="55.42903893627226352691650390625" lon="37.75386683642864227294921875">
        <ele>159.8000030517578125</ele>
        <time>2026-01-28T14:06:09.000Z</time>
        <extensions>
          <ns3:TrackPointExtension>
            <ns3:atemp>11.0</ns3:atemp>
            <ns3:hr>145</ns3:hr>
            <ns3:cad>84</ns3:cad>
          </ns3:TrackPointExtension>
        </extensions>
      </trkpt>
      <trkpt lat="55.42901596985757350921630859375" lon="37.75388536043465137481689453125">
        <ele>160</ele>
        <time>2026-01-28T14:06:10.000Z</time>
        <extensions>
          <ns3:TrackPointExtension>
            <ns3:atemp>11.0</ns3:atemp>
            <ns3:hr>146</ns3:hr>
            <ns3:cad>85</ns3:cad>
          </ns3:TrackPointExtension>
        </extensions>
      </trkpt>
      <trkpt lat="55.4289857111871242523193359375" lon="37.7538965083658695220947265625">
        <ele>160.1999969482421875</ele>
        <time>2026-01-28T14:06:11.000Z</time>
        <extensions>
          <ns3:TrackPointExtension>
            <ns3:atemp>11.0</ns3:atemp>
            <ns3:hr>146</ns3:hr>
            <ns3:cad>84</ns3:cad>
          </ns3:TrackPointExtension>
        </extensions>
      </trkpt>
      <trkpt lat="55.4289635829627513885498046875" lon="37.75391151197254657745361328125">
        <ele>160.1999969482421875</ele>
        <time>2026-01-28T14:06:12.000Z</time>
        <extensions>
          <ns3:TrackPointExtension>
            <ns3:atemp>11.0</ns3:atemp>
            <ns3:hr>147</ns3:hr>
            <ns3:cad>84</ns3:cad>
          </ns3:TrackPointExtension>
        </extensions>
      </trkpt>
      <trkpt lat="55.42893416248261928558349609375" lon="37.75392257608473300933837890625">
        <ele>160.1999969482421875</ele>
        <time>2026-01-28T14:06:13.000Z</time>
        <extensions>
          <ns3:TrackPointExtension>
            <ns3:atemp>11.0</ns3:atemp>
            <ns3:hr>147</ns3:hr>
            <ns3:cad>83</ns3:cad>
          </ns3:TrackPointExtension>
        </extensions>
      </trkpt>
      <trkpt lat="55.42890951968729496002197265625" lon="37.75393598712980747222900390625">
        <ele>160.1999969482421875</ele>
        <time>2026-01-28T14:06:14.000Z</time>
        <extensions>
          <ns3:TrackPointExtension>
            <ns3:atemp>11.0</ns3:atemp>
            <ns3:hr>147</ns3:hr>
            <ns3:cad>84</ns3:cad>
          </ns3:TrackPointExtension>
        </extensions>
      </trkpt>
      <trkpt lat="55.428886972367763519287109375" lon="37.75395534932613372802734375">
        <ele>160.1999969482421875</ele>
        <time>2026-01-28T14:06:15.000Z</time>
        <extensions>
          <ns3:TrackPointExtension>
            <ns3:atemp>11.0</ns3:atemp>
            <ns3:hr>148</ns3:hr>
            <ns3:cad>84</ns3:cad>
          </ns3:TrackPointExtension>
        </extensions>
      </trkpt>
      <trkpt lat="55.428856797516345977783203125" lon="37.7539652399718761444091796875">
        <ele>160.1999969482421875</ele>
        <time>2026-01-28T14:06:16.000Z</time>
        <extensions>
          <ns3:TrackPointExtension>
            <ns3:atemp>11.0</ns3:atemp>
            <ns3:hr>149</ns3:hr>
            <ns3:cad>84</ns3:cad>
          </ns3:TrackPointExtension>
        </extensions>
      </trkpt>
      <trkpt lat="55.42883701622486114501953125" lon="37.75397957302629947662353515625">
        <ele>160.1999969482421875</ele>
        <time>2026-01-28T14:06:17.000Z</time>
        <extensions>
          <ns3:TrackPointExtension>
            <ns3:atemp>11.0</ns3:atemp>
            <ns3:hr>149</ns3:hr>
            <ns3:cad>84</ns3:cad>
          </ns3:TrackPointExtension>
        </extensions>
      </trkpt>
      <trkpt lat="55.42880759574472904205322265625" lon="37.75399298407137393951416015625">
        <ele>160.1999969482421875</ele>
        <time>2026-01-28T14:06:18.000Z</time>
        <extensions>
          <ns3:TrackPointExtension>
            <ns3:atemp>11.0</ns3:atemp>
            <ns3:hr>150</ns3:hr>
            <ns3:cad>84</ns3:cad>
          </ns3:TrackPointExtension>
        </extensions>
      </trkpt>
      <trkpt lat="55.42878077365458011627197265625" lon="37.7540007792413234710693359375">
        <ele>160.1999969482421875</ele>
        <time>2026-01-28T14:06:19.000Z</time>
        <extensions>
          <ns3:TrackPointExtension>
            <ns3:atemp>11.0</ns3:atemp>
            <ns3:hr>150</ns3:hr>
            <ns3:cad>82</ns3:cad>
          </ns3:TrackPointExtension>
        </extensions>
      </trkpt>
      <trkpt lat="55.42876350693404674530029296875" lon="37.75402064435184001922607421875">
        <ele>160.1999969482421875</ele>
        <time>2026-01-28T14:06:20.000Z</time>
        <extensions>
          <ns3:TrackPointExtension>
            <ns3:atemp>11.0</ns3:atemp>
            <ns3:hr>151</ns3:hr>
            <ns3:cad>82</ns3:cad>
          </ns3:TrackPointExtension>
        </extensions>
      </trkpt>
      <trkpt lat="55.42873534373939037322998046875" lon="37.7540292777121067047119140625">
        <ele>160.1999969482421875</ele>
        <time>2026-01-28T14:06:21.000Z</time>
        <extensions>
          <ns3:TrackPointExtension>
            <ns3:atemp>11.0</ns3:atemp>
            <ns3:hr>151</ns3:hr>
            <ns3:cad>82</ns3:cad>
          </ns3:TrackPointExtension>
        </extensions>
      </trkpt>
      <trkpt lat="55.42871757410466670989990234375" lon="37.75404520332813262939453125">
        <ele>160.1999969482421875</ele>
        <time>2026-01-28T14:06:22.000Z</time>
        <extensions>
          <ns3:TrackPointExtension>
            <ns3:atemp>11.0</ns3:atemp>
            <ns3:hr>152</ns3:hr>
            <ns3:cad>83</ns3:cad>
          </ns3:TrackPointExtension>
        </extensions>
      </trkpt>
      <trkpt lat="55.4286982119083404541015625" lon="37.75406288914382457733154296875">
        <ele>160.1999969482421875</ele>
        <time>2026-01-28T14:06:23.000Z</time>
        <extensions>
          <ns3:TrackPointExtension>
            <ns3:atemp>11.0</ns3:atemp>
            <ns3:hr>152</ns3:hr>
            <ns3:cad>83</ns3:cad>
          </ns3:TrackPointExtension>
        </extensions>
      </trkpt>
      <trkpt lat="55.42867717333137989044189453125" lon="37.754072360694408416748046875">
        <ele>160.1999969482421875</ele>
        <time>2026-01-28T14:06:24.000Z</time>
        <extensions>
          <ns3:TrackPointExtension>
            <ns3:atemp>11.0</ns3:atemp>
            <ns3:hr>152</ns3:hr>
            <ns3:cad>82</ns3:cad>
          </ns3:TrackPointExtension>
        </extensions>
      </trkpt>
      <trkpt lat="55.4286571405827999114990234375" lon="37.75408552028238773345947265625">
        <ele>160.1999969482421875</ele>
        <time>2026-01-28T14:06:25.000Z</time>
        <extensions>
          <ns3:TrackPointExtension>
            <ns3:atemp>11.0</ns3:atemp>
            <ns3:hr>153</ns3:hr>
            <ns3:cad>82</ns3:cad>
          </ns3:TrackPointExtension>
        </extensions>
      </trkpt>
      <trkpt lat="55.42862671427428722381591796875" lon="37.7540767192840576171875">
        <ele>160.1999969482421875</ele>
        <time>2026-01-28T14:06:26.000Z</time>
        <extensions>
          <ns3:TrackPointExtension>
            <ns3:atemp>11.0</ns3:atemp>
            <ns3:hr>153</ns3:hr>
            <ns3:cad>82</ns3:cad>
          </ns3:TrackPointExtension>
        </extensions>
      </trkpt>
      <trkpt lat="55.4286071844398975372314453125" lon="37.75408677756786346435546875">
        <ele>160</ele>
        <time>2026-01-28T14:06:27.000Z</time>
        <extensions>
          <ns3:TrackPointExtension>
            <ns3:atemp>11.0</ns3:atemp>
            <ns3:hr>153</ns3:hr>
            <ns3:cad>82</ns3:cad>
          </ns3:TrackPointExtension>
        </extensions>
      </trkpt>
      <trkpt lat="55.4285817034542560577392578125" lon="37.7540933154523372650146484375">
        <ele>160</ele>
        <time>2026-01-28T14:06:28.000Z</time>
        <extensions>
          <ns3:TrackPointExtension>
            <ns3:atemp>11.0</ns3:atemp>
            <ns3:hr>153</ns3:hr>
            <ns3:cad>83</ns3:cad>
          </ns3:TrackPointExtension>
        </extensions>
      </trkpt>
      <trkpt lat="55.42856074869632720947265625" lon="37.75410312227904796600341796875">
        <ele>160</ele>
        <time>2026-01-28T14:06:29.000Z</time>
        <extensions>
          <ns3:TrackPointExtension>
            <ns3:atemp>10.0</ns3:atemp>
            <ns3:hr>154</ns3:hr>
            <ns3:cad>86</ns3:cad>
          </ns3:TrackPointExtension>
        </extensions>
      </trkpt>
      <trkpt lat="55.42854222469031810760498046875" lon="37.75412173010408878326416015625">
        <ele>160</ele>
        <time>2026-01-28T14:06:30.000Z</time>
        <extensions>
          <ns3:TrackPointExtension>
            <ns3:atemp>11.0</ns3:atemp>
            <ns3:hr>153</ns3:hr>
            <ns3:cad>86</ns3:cad>
          </ns3:TrackPointExtension>
        </extensions>
      </trkpt>
      <trkpt lat="55.42851406149566173553466796875" lon="37.75413447059690952301025390625">
        <ele>160.1999969482421875</ele>
        <time>2026-01-28T14:06:31.000Z</time>
        <extensions>
          <ns3:TrackPointExtension>
            <ns3:atemp>11.0</ns3:atemp>
            <ns3:hr>153</ns3:hr>
            <ns3:cad>86</ns3:cad>
          </ns3:TrackPointExtension>
        </extensions>
      </trkpt>
      <trkpt lat="55.42849830351769924163818359375" lon="37.754152826964855194091796875">
        <ele>160.1999969482421875</ele>
        <time>2026-01-28T14:06:32.000Z</time>
        <extensions>
          <ns3:TrackPointExtension>
            <ns3:atemp>11.0</ns3:atemp>
            <ns3:hr>153</ns3:hr>
            <ns3:cad>84</ns3:cad>
          </ns3:TrackPointExtension>
        </extensions>
      </trkpt>
      <trkpt lat="55.42847416363656520843505859375" lon="37.7541717700660228729248046875">
        <ele>160.399993896484375</ele>
        <time>2026-01-28T14:06:33.000Z</time>
        <extensions>
          <ns3:TrackPointExtension>
            <ns3:atemp>11.0</ns3:atemp>
            <ns3:hr>153</ns3:hr>
            <ns3:cad>83</ns3:cad>
          </ns3:TrackPointExtension>
        </extensions>
      </trkpt>
      <trkpt lat="55.4284475930035114288330078125" lon="37.7541794814169406890869140625">
        <ele>160.399993896484375</ele>
        <time>2026-01-28T14:06:34.000Z</time>
        <extensions>
          <ns3:TrackPointExtension>
            <ns3:atemp>10.0</ns3:atemp>
            <ns3:hr>153</ns3:hr>
            <ns3:cad>83</ns3:cad>
          </ns3:TrackPointExtension>
        </extensions>
      </trkpt>
      <trkpt lat="55.428425632417201995849609375" lon="37.7541915513575077056884765625">
        <ele>160.600006103515625</ele>
        <time>2026-01-28T14:06:35.000Z</time>
        <extensions>
          <ns3:TrackPointExtension>
            <ns3:atemp>10.0</ns3:atemp>
            <ns3:hr>153</ns3:hr>
            <ns3:cad>83</ns3:cad>
          </ns3:TrackPointExtension>
        </extensions>
      </trkpt>
      <trkpt lat="55.42839554138481616973876953125" lon="37.75420638732612133026123046875">
        <ele>160.600006103515625</ele>
        <time>2026-01-28T14:06:36.000Z</time>
        <extensions>
          <ns3:TrackPointExtension>
            <ns3:atemp>10.0</ns3:atemp>
            <ns3:hr>154</ns3:hr>
            <ns3:cad>83</ns3:cad>
          </ns3:TrackPointExtension>
        </extensions>
      </trkpt>
      <trkpt lat="55.42836955748498439788818359375" lon="37.75421510450541973114013671875">
        <ele>160.600006103515625</ele>
        <time>2026-01-28T14:06:37.000Z</time>
        <extensions>
          <ns3:TrackPointExtension>
            <ns3:atemp>10.0</ns3:atemp>
            <ns3:hr>153</ns3:hr>
            <ns3:cad>84</ns3:cad>
          </ns3:TrackPointExtension>
        </extensions>
      </trkpt>
      <trkpt lat="55.42834944091737270355224609375" lon="37.7542354725301265716552734375">
        <ele>160.8000030517578125</ele>
        <time>2026-01-28T14:06:38.000Z</time>
        <extensions>
          <ns3:TrackPointExtension>
            <ns3:atemp>10.0</ns3:atemp>
            <ns3:hr>153</ns3:hr>
            <ns3:cad>84</ns3:cad>
          </ns3:TrackPointExtension>
        </extensions>
      </trkpt>
      <trkpt lat="55.4283320903778076171875" lon="37.75426439009606838226318359375">
        <ele>160.8000030517578125</ele>
        <time>2026-01-28T14:06:39.000Z</time>
        <extensions>
          <ns3:TrackPointExtension>
            <ns3:atemp>10.0</ns3:atemp>
            <ns3:hr>154</ns3:hr>
            <ns3:cad>84</ns3:cad>
          </ns3:TrackPointExtension>
        </extensions>
      </trkpt>
      <trkpt lat="55.42832479812204837799072265625" lon="37.7542872726917266845703125">
        <ele>160.8000030517578125</ele>
        <time>2026-01-28T14:06:40.000Z</time>
        <extensions>
          <ns3:TrackPointExtension>
            <ns3:atemp>10.0</ns3:atemp>
            <ns3:hr>154</ns3:hr>
            <ns3:cad>84</ns3:cad>
          </ns3:TrackPointExtension>
        </extensions>
      </trkpt>
      <trkpt lat="55.42831842787563800811767578125" lon="37.7543290145695209503173828125">
        <ele>160.600006103515625</ele>
        <time>2026-01-28T14:06:41.000Z</time>
        <extensions>
          <ns3:TrackPointExtension>
            <ns3:atemp>10.0</ns3:atemp>
            <ns3:hr>154</ns3:hr>
            <ns3:cad>83</ns3:cad>
          </ns3:TrackPointExtension>
        </extensions>
      </trkpt>
      <trkpt lat="55.42832245118916034698486328125" lon="37.7543669007718563079833984375">
        <ele>160.600006103515625</ele>
        <time>2026-01-28T14:06:42.000Z</time>
        <extensions>
          <ns3:TrackPointExtension>
            <ns3:atemp>10.0</ns3:atemp>
            <ns3:hr>155</ns3:hr>
            <ns3:cad>82</ns3:cad>
          </ns3:TrackPointExtension>
        </extensions>
      </trkpt>
      <trkpt lat="55.42833318002521991729736328125" lon="37.75440520606935024261474609375">
        <ele>160.399993896484375</ele>
        <time>2026-01-28T14:06:43.000Z</time>
        <extensions>
          <ns3:TrackPointExtension>
            <ns3:atemp>10.0</ns3:atemp>
            <ns3:hr>155</ns3:hr>
            <ns3:cad>82</ns3:cad>
          </ns3:TrackPointExtension>
        </extensions>
      </trkpt>
      <trkpt lat="55.42834617197513580322265625" lon="37.75445080362260341644287109375">
        <ele>160.399993896484375</ele>
        <time>2026-01-28T14:06:44.000Z</time>
        <extensions>
          <ns3:TrackPointExtension>
            <ns3:atemp>10.0</ns3:atemp>
            <ns3:hr>155</ns3:hr>
            <ns3:cad>82</ns3:cad>
          </ns3:TrackPointExtension>
        </extensions>
      </trkpt>
      <trkpt lat="55.42836134321987628936767578125" lon="37.754481732845306396484375">
        <ele>160.1999969482421875</ele>
        <time>2026-01-28T14:06:45.000Z</time>
        <extensions>
          <ns3:TrackPointExtension>
            <ns3:atemp>10.0</ns3:atemp>
            <ns3:hr>154</ns3:hr>
            <ns3:cad>83</ns3:cad>
          </ns3:TrackPointExtension>
        </extensions>
      </trkpt>
      <trkpt lat="55.428376011550426483154296875" lon="37.75452573783695697784423828125">
        <ele>160.1999969482421875</ele>
        <time>2026-01-28T14:06:46.000Z</time>
        <extensions>
          <ns3:TrackPointExtension>
            <ns3:atemp>10.0</ns3:atemp>
            <ns3:hr>155</ns3:hr>
            <ns3:cad>83</ns3:cad>
          </ns3:TrackPointExtension>
        </extensions>
      </trkpt>
      <trkpt lat="55.4283852316439151763916015625" lon="37.75456664152443408966064453125">
        <ele>160.1999969482421875</ele>
        <time>2026-01-28T14:06:47.000Z</time>
        <extensions>
          <ns3:TrackPointExtension>
            <ns3:atemp>10.0</ns3:atemp>
            <ns3:hr>154</ns3:hr>
            <ns3:cad>83</ns3:cad>
          </ns3:TrackPointExtension>
        </extensions>
      </trkpt>
      <trkpt lat="55.42839084751904010772705078125" lon="37.7546066232025623321533203125">
        <ele>160.1999969482421875</ele>
        <time>2026-01-28T14:06:48.000Z</time>
        <extensions>
          <ns3:TrackPointExtension>
            <ns3:atemp>10.0</ns3:atemp>
            <ns3:hr>154</ns3:hr>
            <ns3:cad>83</ns3:cad>
          </ns3:TrackPointExtension>
        </extensions>
      </trkpt>
      <trkpt lat="55.4283989779651165008544921875" lon="37.7546612732112407684326171875">
        <ele>160</ele>
        <time>2026-01-28T14:06:49.000Z</time>
        <extensions>
          <ns3:TrackPointExtension>
            <ns3:atemp>10.0</ns3:atemp>
            <ns3:hr>154</ns3:hr>
            <ns3:cad>83</ns3:cad>
          </ns3:TrackPointExtension>
        </extensions>
      </trkpt>
      <trkpt lat="55.428405515849590301513671875" lon="37.754693962633609771728515625">
        <ele>160</ele>
        <time>2026-01-28T14:06:50.000Z</time>
        <extensions>
          <ns3:TrackPointExtension>
            <ns3:atemp>10.0</ns3:atemp>
            <ns3:hr>154</ns3:hr>
            <ns3:cad>83</ns3:cad>
          </ns3:TrackPointExtension>
        </extensions>
      </trkpt>
      <trkpt lat="55.4284120537340641021728515625" lon="37.75473813526332378387451171875">
        <ele>160.1999969482421875</ele>
        <time>2026-01-28T14:06:51.000Z</time>
        <extensions>
          <ns3:TrackPointExtension>
            <ns3:atemp>10.0</ns3:atemp>
            <ns3:hr>154</ns3:hr>
            <ns3:cad>83</ns3:cad>
          </ns3:TrackPointExtension>
        </extensions>
      </trkpt>
      <trkpt lat="55.42841280810534954071044921875" lon="37.75478155352175235748291015625">
        <ele>160.1999969482421875</ele>
        <time>2026-01-28T14:06:52.000Z</time>
        <extensions>
          <ns3:TrackPointExtension>
            <ns3:atemp>10.0</ns3:atemp>
            <ns3:hr>154</ns3:hr>
            <ns3:cad>83</ns3:cad>
          </ns3:TrackPointExtension>
        </extensions>
      </trkpt>
      <trkpt lat="55.4284180887043476104736328125" lon="37.75481323711574077606201171875">
        <ele>160.1999969482421875</ele>
        <time>2026-01-28T14:06:53.000Z</time>
        <extensions>
          <ns3:TrackPointExtension>
            <ns3:atemp>10.0</ns3:atemp>
            <ns3:hr>154</ns3:hr>
            <ns3:cad>83</ns3:cad>
          </ns3:TrackPointExtension>
        </extensions>
      </trkpt>
      <trkpt lat="55.42842906899750232696533203125" lon="37.754860930144786834716796875">
        <ele>160.1999969482421875</ele>
        <time>2026-01-28T14:06:54.000Z</time>
        <extensions>
          <ns3:TrackPointExtension>
            <ns3:atemp>10.0</ns3:atemp>
            <ns3:hr>154</ns3:hr>
            <ns3:cad>83</ns3:cad>
          </ns3:TrackPointExtension>
        </extensions>
      </trkpt>
      <trkpt lat="55.42844683863222599029541015625" lon="37.75489051826298236846923828125">
        <ele>160.399993896484375</ele>
        <time>2026-01-28T14:06:55.000Z</time>
        <extensions>
          <ns3:TrackPointExtension>
            <ns3:atemp>10.0</ns3:atemp>
            <ns3:hr>154</ns3:hr>
            <ns3:cad>82</ns3:cad>
          </ns3:TrackPointExtension>
        </extensions>
      </trkpt>
      <trkpt lat="55.42846226133406162261962890625" lon="37.75492421351373195648193359375">
        <ele>160.399993896484375</ele>
        <time>2026-01-28T14:06:56.000Z</time>
        <extensions>
          <ns3:TrackPointExtension>
            <ns3:atemp>10.0</ns3:atemp>
            <ns3:hr>153</ns3:hr>
            <ns3:cad>82</ns3:cad>
          </ns3:TrackPointExtension>
        </extensions>
      </trkpt>
      <trkpt lat="55.4284734092652797698974609375" lon="37.75497299619019031524658203125">
        <ele>160.399993896484375</ele>
        <time>2026-01-28T14:06:57.000Z</time>
        <extensions>
          <ns3:TrackPointExtension>
            <ns3:atemp>10.0</ns3:atemp>
            <ns3:hr>153</ns3:hr>
            <ns3:cad>82</ns3:cad>
          </ns3:TrackPointExtension>
        </extensions>
      </trkpt>
      <trkpt lat="55.42848698794841766357421875" lon="37.75500141084194183349609375">
        <ele>160.399993896484375</ele>
        <time>2026-01-28T14:06:58.000Z</time>
        <extensions>
          <ns3:TrackPointExtension>
            <ns3:atemp>10.0</ns3:atemp>
            <ns3:hr>153</ns3:hr>
            <ns3:cad>83</ns3:cad>
          </ns3:TrackPointExtension>
        </extensions>
      </trkpt>
      <trkpt lat="55.42850039899349212646484375" lon="37.7550428174436092376708984375">
        <ele>160.399993896484375</ele>
        <time>2026-01-28T14:06:59.000Z</time>
        <extensions>
          <ns3:TrackPointExtension>
            <ns3:atemp>10.0</ns3:atemp>
            <ns3:hr>153</ns3:hr>
            <ns3:cad>83</ns3:cad>
          </ns3:TrackPointExtension>
        </extensions>
      </trkpt>
      <trkpt lat="55.4285106249153614044189453125" lon="37.75507517158985137939453125">
        <ele>160.399993896484375</ele>
        <time>2026-01-28T14:07:00.000Z</time>
        <extensions>
          <ns3:TrackPointExtension>
            <ns3:atemp>10.0</ns3:atemp>
            <ns3:hr>153</ns3:hr>
            <ns3:cad>83</ns3:cad>
          </ns3:TrackPointExtension>
        </extensions>
      </trkpt>
      <trkpt lat="55.4285220243036746978759765625" lon="37.75510660372674465179443359375">
        <ele>160.399993896484375</ele>
        <time>2026-01-28T14:07:01.000Z</time>
        <extensions>
          <ns3:TrackPointExtension>
            <ns3:atemp>10.0</ns3:atemp>
            <ns3:hr>152</ns3:hr>
            <ns3:cad>83</ns3:cad>
          </ns3:TrackPointExtension>
        </extensions>
      </trkpt>
      <trkpt lat="55.428534932434558868408203125" lon="37.7551437355577945709228515625">
        <ele>160.399993896484375</ele>
        <time>2026-01-28T14:07:02.000Z</time>
        <extensions>
          <ns3:TrackPointExtension>
            <ns3:atemp>10.0</ns3:atemp>
            <ns3:hr>152</ns3:hr>
            <ns3:cad>82</ns3:cad>
          </ns3:TrackPointExtension>
        </extensions>
      </trkpt>
      <trkpt lat="55.428542979061603546142578125" lon="37.7551826275885105133056640625">
        <ele>160.399993896484375</ele>
        <time>2026-01-28T14:07:03.000Z</time>
        <extensions>
          <ns3:TrackPointExtension>
            <ns3:atemp>10.0</ns3:atemp>
            <ns3:hr>153</ns3:hr>
            <ns3:cad>82</ns3:cad>
          </ns3:TrackPointExtension>
        </extensions>
      </trkpt>
      <trkpt lat="55.4285501874983310699462890625" lon="37.7552151493728160858154296875">
        <ele>160.399993896484375</ele>
        <time>2026-01-28T14:07:04.000Z</time>
        <extensions>
          <ns3:TrackPointExtension>
            <ns3:atemp>10.0</ns3:atemp>
            <ns3:hr>153</ns3:hr>
            <ns3:cad>81</ns3:cad>
          </ns3:TrackPointExtension>
        </extensions>
      </trkpt>
      <trkpt lat="55.42855882085859775543212890625" lon="37.7552583999931812286376953125">
        <ele>160.399993896484375</ele>
        <time>2026-01-28T14:07:05.000Z</time>
        <extensions>
          <ns3:TrackPointExtension>
            <ns3:atemp>10.0</ns3:atemp>
            <ns3:hr>153</ns3:hr>
            <ns3:cad>81</ns3:cad>
          </ns3:TrackPointExtension>
        </extensions>
      </trkpt>
      <trkpt lat="55.42855806648731231689453125" lon="37.7552915923297405242919921875">
        <ele>160.399993896484375</ele>
        <time>2026-01-28T14:07:06.000Z</time>
        <extensions>
          <ns3:TrackPointExtension>
            <ns3:atemp>10.0</ns3:atemp>
            <ns3:hr>153</ns3:hr>
            <ns3:cad>81</ns3:cad>
          </ns3:TrackPointExtension>
        </extensions>
      </trkpt>
      <trkpt lat="55.42855664156377315521240234375" lon="37.7553200908005237579345703125">
        <ele>160.399993896484375</ele>
        <time>2026-01-28T14:07:07.000Z</time>
        <extensions>
          <ns3:TrackPointExtension>
            <ns3:atemp>10.0</ns3:atemp>
            <ns3:hr>152</ns3:hr>
            <ns3:cad>81</ns3:cad>
          </ns3:TrackPointExtension>
        </extensions>
      </trkpt>
      <trkpt lat="55.42855270206928253173828125" lon="37.75533936917781829833984375">
        <ele>160.399993896484375</ele>
        <time>2026-01-28T14:07:08.000Z</time>
        <extensions>
          <ns3:TrackPointExtension>
            <ns3:atemp>10.0</ns3:atemp>
            <ns3:hr>152</ns3:hr>
            <ns3:cad>81</ns3:cad>
          </ns3:TrackPointExtension>
        </extensions>
      </trkpt>
      <trkpt lat="55.42854943312704563140869140625" lon="37.7553489245474338531494140625">
        <ele>160.600006103515625</ele>
        <time>2026-01-28T14:07:09.000Z</time>
        <extensions>
          <ns3:TrackPointExtension>
            <ns3:atemp>10.0</ns3:atemp>
            <ns3:hr>152</ns3:hr>
            <ns3:cad>81</ns3:cad>
          </ns3:TrackPointExtension>
        </extensions>
      </trkpt>
      <trkpt lat="55.42854406870901584625244140625" lon="37.755365855991840362548828125">
        <ele>160.600006103515625</ele>
        <time>2026-01-28T14:07:10.000Z</time>
        <extensions>
          <ns3:TrackPointExtension>
            <ns3:atemp>10.0</ns3:atemp>
            <ns3:hr>152</ns3:hr>
            <ns3:cad>0</ns3:cad>
          </ns3:TrackPointExtension>
        </extensions>
      </trkpt>
      <trkpt lat="55.4285324178636074066162109375" lon="37.7553777582943439483642578125">
        <ele>160.600006103515625</ele>
        <time>2026-01-28T14:07:11.000Z</time>
        <extensions>
          <ns3:TrackPointExtension>
            <ns3:atemp>10.0</ns3:atemp>
            <ns3:hr>152</ns3:hr>
            <ns3:cad>0</ns3:cad>
          </ns3:TrackPointExtension>
        </extensions>
      </trkpt>
      <trkpt lat="55.42852126993238925933837890625" lon="37.75536459870636463165283203125">
        <ele>160.600006103515625</ele>
        <time>2026-01-28T14:07:12.000Z</time>
        <extensions>
          <ns3:TrackPointExtension>
            <ns3:atemp>10.0</ns3:atemp>
            <ns3:hr>152</ns3:hr>
            <ns3:cad>75</ns3:cad>
          </ns3:TrackPointExtension>
        </extensions>
      </trkpt>
      <trkpt lat="55.42850735597312450408935546875" lon="37.7553559653460979461669921875">
        <ele>160.600006103515625</ele>
        <time>2026-01-28T14:07:13.000Z</time>
        <extensions>
          <ns3:TrackPointExtension>
            <ns3:atemp>10.0</ns3:atemp>
            <ns3:hr>152</ns3:hr>
            <ns3:cad>75</ns3:cad>
          </ns3:TrackPointExtension>
        </extensions>
      </trkpt>
      <trkpt lat="55.42849729768931865692138671875" lon="37.75535546243190765380859375">
        <ele>160.8000030517578125</ele>
        <time>2026-01-28T14:07:14.000Z</time>
        <extensions>
          <ns3:TrackPointExtension>
            <ns3:atemp>10.0</ns3:atemp>
            <ns3:hr>151</ns3:hr>
            <ns3:cad>75</ns3:cad>
          </ns3:TrackPointExtension>
        </extensions>
      </trkpt>
      <trkpt lat="55.4284871555864810943603515625" lon="37.7553469128906726837158203125">
        <ele>160.8000030517578125</ele>
        <time>2026-01-28T14:07:15.000Z</time>
        <extensions>
          <ns3:TrackPointExtension>
            <ns3:atemp>10.0</ns3:atemp>
            <ns3:hr>151</ns3:hr>
            <ns3:cad>0</ns3:cad>
          </ns3:TrackPointExtension>
        </extensions>
      </trkpt>
      <trkpt lat="55.4284784384071826934814453125" lon="37.75534498505294322967529296875">
        <ele>161</ele>
        <time>2026-01-28T14:07:16.000Z</time>
        <extensions>
          <ns3:TrackPointExtension>
            <ns3:atemp>10.0</ns3:atemp>
            <ns3:hr>150</ns3:hr>
            <ns3:cad>0</ns3:cad>
          </ns3:TrackPointExtension>
        </extensions>
      </trkpt>
      <trkpt lat="55.42839109897613525390625" lon="37.75548194535076618194580078125">
        <ele>159</ele>
        <time>2026-01-28T14:09:59.000Z</time>
        <extensions>
          <ns3:TrackPointExtension>
            <ns3:atemp>11.0</ns3:atemp>
            <ns3:hr>98</ns3:hr>
            <ns3:cad>0</ns3:cad>
          </ns3:TrackPointExtension>
        </extensions>
      </trkpt>
      <trkpt lat="55.42839403264224529266357421875" lon="37.75548278354108333587646484375">
        <ele>159</ele>
        <time>2026-01-28T14:10:00.000Z</time>
        <extensions>
          <ns3:TrackPointExtension>
            <ns3:atemp>11.0</ns3:atemp>
            <ns3:hr>98</ns3:hr>
            <ns3:cad>0</ns3:cad>
          </ns3:TrackPointExtension>
        </extensions>
      </trkpt>
      <trkpt lat="55.42840325273573398590087890625" lon="37.7554930932819843292236328125">
        <ele>159</ele>
        <time>2026-01-28T14:10:01.000Z</time>
        <extensions>
          <ns3:TrackPointExtension>
            <ns3:atemp>11.0</ns3:atemp>
            <ns3:hr>98</ns3:hr>
            <ns3:cad>0</ns3:cad>
          </ns3:TrackPointExtension>
        </extensions>
      </trkpt>
      <trkpt lat="55.42840677313506603240966796875" lon="37.75549619458615779876708984375">
        <ele>158.8000030517578125</ele>
        <time>2026-01-28T14:10:02.000Z</time>
        <extensions>
          <ns3:TrackPointExtension>
            <ns3:atemp>11.0</ns3:atemp>
            <ns3:hr>97</ns3:hr>
            <ns3:cad>0</ns3:cad>
          </ns3:TrackPointExtension>
        </extensions>
      </trkpt>
      <trkpt lat="55.42840559966862201690673828125" lon="37.7554967813193798065185546875">
        <ele>158.600006103515625</ele>
        <time>2026-01-28T14:10:03.000Z</time>
        <extensions>
          <ns3:TrackPointExtension>
            <ns3:atemp>11.0</ns3:atemp>
            <ns3:hr>98</ns3:hr>
            <ns3:cad>0</ns3:cad>
          </ns3:TrackPointExtension>
        </extensions>
      </trkpt>
      <trkpt lat="55.42840157635509967803955078125" lon="37.7554759941995143890380859375">
        <ele>158.600006103515625</ele>
        <time>2026-01-28T14:10:04.000Z</time>
        <extensions>
          <ns3:TrackPointExtension>
            <ns3:atemp>11.0</ns3:atemp>
            <ns3:hr>98</ns3:hr>
            <ns3:cad>0</ns3:cad>
          </ns3:TrackPointExtension>
        </extensions>
      </trkpt>
      <trkpt lat="55.42840274982154369354248046875" lon="37.75548554956912994384765625">
        <ele>158.600006103515625</ele>
        <time>2026-01-28T14:10:05.000Z</time>
        <extensions>
          <ns3:TrackPointExtension>
            <ns3:atemp>11.0</ns3:atemp>
            <ns3:hr>99</ns3:hr>
            <ns3:cad>0</ns3:cad>
          </ns3:TrackPointExtension>
        </extensions>
      </trkpt>
      <trkpt lat="55.428408868610858917236328125" lon="37.755495272576808929443359375">
        <ele>158.600006103515625</ele>
        <time>2026-01-28T14:10:06.000Z</time>
        <extensions>
          <ns3:TrackPointExtension>
            <ns3:atemp>11.0</ns3:atemp>
            <ns3:hr>99</ns3:hr>
            <ns3:cad>0</ns3:cad>
          </ns3:TrackPointExtension>
        </extensions>
      </trkpt>
      <trkpt lat="55.4284113831818103790283203125" lon="37.7555246092379093170166015625">
        <ele>158.600006103515625</ele>
        <time>2026-01-28T14:10:07.000Z</time>
        <extensions>
          <ns3:TrackPointExtension>
            <ns3:atemp>11.0</ns3:atemp>
            <ns3:hr>100</ns3:hr>
            <ns3:cad>0</ns3:cad>
          </ns3:TrackPointExtension>
        </extensions>
      </trkpt>
      <trkpt lat="55.4284140653908252716064453125" lon="37.75554950349032878875732421875">
        <ele>158.600006103515625</ele>
        <time>2026-01-28T14:10:08.000Z</time>
        <extensions>
          <ns3:TrackPointExtension>
            <ns3:atemp>11.0</ns3:atemp>
            <ns3:hr>100</ns3:hr>
            <ns3:cad>0</ns3:cad>
          </ns3:TrackPointExtension>
        </extensions>
      </trkpt>
      <trkpt lat="55.42841632850468158721923828125" lon="37.75557012297213077545166015625">
        <ele>158.399993896484375</ele>
        <time>2026-01-28T14:10:09.000Z</time>
        <extensions>
          <ns3:TrackPointExtension>
            <ns3:atemp>11.0</ns3:atemp>
            <ns3:hr>100</ns3:hr>
            <ns3:cad>0</ns3:cad>
          </ns3:TrackPointExtension>
        </extensions>
      </trkpt>
      <trkpt lat="55.42841951362788677215576171875" lon="37.7556094340980052947998046875">
        <ele>158.399993896484375</ele>
        <time>2026-01-28T14:10:10.000Z</time>
        <extensions>
          <ns3:TrackPointExtension>
            <ns3:atemp>11.0</ns3:atemp>
            <ns3:hr>100</ns3:hr>
            <ns3:cad>0</ns3:cad>
          </ns3:TrackPointExtension>
        </extensions>
      </trkpt>
      <trkpt lat="55.4284194298088550567626953125" lon="37.7556245215237140655517578125">
        <ele>158.399993896484375</ele>
        <time>2026-01-28T14:10:11.000Z</time>
        <extensions>
          <ns3:TrackPointExtension>
            <ns3:atemp>11.0</ns3:atemp>
            <ns3:hr>100</ns3:hr>
            <ns3:cad>0</ns3:cad>
          </ns3:TrackPointExtension>
        </extensions>
      </trkpt>
      <trkpt lat="55.42841163463890552520751953125" lon="37.75564991869032382965087890625">
        <ele>158.399993896484375</ele>
        <time>2026-01-28T14:10:12.000Z</time>
        <extensions>
          <ns3:TrackPointExtension>
            <ns3:atemp>11.0</ns3:atemp>
            <ns3:hr>100</ns3:hr>
            <ns3:cad>0</ns3:cad>
          </ns3:TrackPointExtension>
        </extensions>
      </trkpt>
      <trkpt lat="55.42840652167797088623046875" lon="37.75566617958247661590576171875">
        <ele>158.600006103515625</ele>
        <time>2026-01-28T14:10:13.000Z</time>
        <extensions>
          <ns3:TrackPointExtension>
            <ns3:atemp>11.0</ns3:atemp>
            <ns3:hr>101</ns3:hr>
            <ns3:cad>0</ns3:cad>
          </ns3:TrackPointExtension>
        </extensions>
      </trkpt>
      <trkpt lat="55.428404510021209716796875" lon="37.7556694485247135162353515625">
        <ele>158.600006103515625</ele>
        <time>2026-01-28T14:10:14.000Z</time>
        <extensions>
          <ns3:TrackPointExtension>
            <ns3:atemp>11.0</ns3:atemp>
            <ns3:hr>102</ns3:hr>
            <ns3:cad>0</ns3:cad>
          </ns3:TrackPointExtension>
        </extensions>
      </trkpt>
      <trkpt lat="55.42839847505092620849609375" lon="37.7556821890175342559814453125">
        <ele>158.600006103515625</ele>
        <time>2026-01-28T14:10:15.000Z</time>
        <extensions>
          <ns3:TrackPointExtension>
            <ns3:atemp>11.0</ns3:atemp>
            <ns3:hr>103</ns3:hr>
            <ns3:cad>0</ns3:cad>
          </ns3:TrackPointExtension>
        </extensions>
      </trkpt>
      <trkpt lat="55.42839084751904010772705078125" lon="37.75569878518581390380859375">
        <ele>158.600006103515625</ele>
        <time>2026-01-28T14:10:16.000Z</time>
        <extensions>
          <ns3:TrackPointExtension>
            <ns3:atemp>11.0</ns3:atemp>
            <ns3:hr>103</ns3:hr>
            <ns3:cad>0</ns3:cad>
          </ns3:TrackPointExtension>
        </extensions>
      </trkpt>
      <trkpt lat="55.4283802025020122528076171875" lon="37.75570875965058803558349609375">
        <ele>158.600006103515625</ele>
        <time>2026-01-28T14:10:17.000Z</time>
        <extensions>
          <ns3:TrackPointExtension>
            <ns3:atemp>11.0</ns3:atemp>
            <ns3:hr>103</ns3:hr>
            <ns3:cad>0</ns3:cad>
          </ns3:TrackPointExtension>
        </extensions>
      </trkpt>
      <trkpt lat="55.4283634386956691741943359375" lon="37.7557271160185337066650390625">
        <ele>158.399993896484375</ele>
        <time>2026-01-28T14:10:18.000Z</time>
        <extensions>
          <ns3:TrackPointExtension>
            <ns3:atemp>11.0</ns3:atemp>
            <ns3:hr>103</ns3:hr>
            <ns3:cad>0</ns3:cad>
          </ns3:TrackPointExtension>
        </extensions>
      </trkpt>
      <trkpt lat="55.42834206484258174896240234375" lon="37.7557522617280483245849609375">
        <ele>158.399993896484375</ele>
        <time>2026-01-28T14:10:19.000Z</time>
        <extensions>
          <ns3:TrackPointExtension>
            <ns3:atemp>11.0</ns3:atemp>
            <ns3:hr>103</ns3:hr>
            <ns3:cad>0</ns3:cad>
          </ns3:TrackPointExtension>
        </extensions>
      </trkpt>
      <trkpt lat="55.42832563631236553192138671875" lon="37.7557717077434062957763671875">
        <ele>158.600006103515625</ele>
        <time>2026-01-28T14:10:20.000Z</time>
        <extensions>
          <ns3:TrackPointExtension>
            <ns3:atemp>11.0</ns3:atemp>
            <ns3:hr>103</ns3:hr>
            <ns3:cad>0</ns3:cad>
          </ns3:TrackPointExtension>
        </extensions>
      </trkpt>
      <trkpt lat="55.42832379229366779327392578125" lon="37.75578285567462444305419921875">
        <ele>158.600006103515625</ele>
        <time>2026-01-28T14:10:21.000Z</time>
        <extensions>
          <ns3:TrackPointExtension>
            <ns3:atemp>11.0</ns3:atemp>
            <ns3:hr>102</ns3:hr>
            <ns3:cad>0</ns3:cad>
          </ns3:TrackPointExtension>
        </extensions>
      </trkpt>
      <trkpt lat="55.42831574566662311553955078125" lon="37.75580649264156818389892578125">
        <ele>158.600006103515625</ele>
        <time>2026-01-28T14:10:22.000Z</time>
        <extensions>
          <ns3:TrackPointExtension>
            <ns3:atemp>11.0</ns3:atemp>
            <ns3:hr>103</ns3:hr>
            <ns3:cad>0</ns3:cad>
          </ns3:TrackPointExtension>
        </extensions>
      </trkpt>
      <trkpt lat="55.4282977245748043060302734375" lon="37.75583532638847827911376953125">
        <ele>158.399993896484375</ele>
        <time>2026-01-28T14:10:23.000Z</time>
        <extensions>
          <ns3:TrackPointExtension>
            <ns3:atemp>11.0</ns3:atemp>
            <ns3:hr>103</ns3:hr>
            <ns3:cad>0</ns3:cad>
          </ns3:TrackPointExtension>
        </extensions>
      </trkpt>
      <trkpt lat="55.4282792843878269195556640625" lon="37.75585628114640712738037109375">
        <ele>158.399993896484375</ele>
        <time>2026-01-28T14:10:24.000Z</time>
        <extensions>
          <ns3:TrackPointExtension>
            <ns3:atemp>11.0</ns3:atemp>
            <ns3:hr>104</ns3:hr>
            <ns3:cad>72</ns3:cad>
          </ns3:TrackPointExtension>
        </extensions>
      </trkpt>
      <trkpt lat="55.42826344259083271026611328125" lon="37.75588653981685638427734375">
        <ele>158.399993896484375</ele>
        <time>2026-01-28T14:10:25.000Z</time>
        <extensions>
          <ns3:TrackPointExtension>
            <ns3:atemp>11.0</ns3:atemp>
            <ns3:hr>105</ns3:hr>
            <ns3:cad>72</ns3:cad>
          </ns3:TrackPointExtension>
        </extensions>
      </trkpt>
      <trkpt lat="55.428247936069965362548828125" lon="37.75590959005057811737060546875">
        <ele>158.1999969482421875</ele>
        <time>2026-01-28T14:10:26.000Z</time>
        <extensions>
          <ns3:TrackPointExtension>
            <ns3:atemp>11.0</ns3:atemp>
            <ns3:hr>105</ns3:hr>
            <ns3:cad>72</ns3:cad>
          </ns3:TrackPointExtension>
        </extensions>
      </trkpt>
      <trkpt lat="55.42822270654141902923583984375" lon="37.755929790437221527099609375">
        <ele>158.1999969482421875</ele>
        <time>2026-01-28T14:10:27.000Z</time>
        <extensions>
          <ns3:TrackPointExtension>
            <ns3:atemp>11.0</ns3:atemp>
            <ns3:hr>104</ns3:hr>
            <ns3:cad>72</ns3:cad>
          </ns3:TrackPointExtension>
        </extensions>
      </trkpt>
      <trkpt lat="55.4281941242516040802001953125" lon="37.75595166720449924468994140625">
        <ele>158.1999969482421875</ele>
        <time>2026-01-28T14:10:28.000Z</time>
        <extensions>
          <ns3:TrackPointExtension>
            <ns3:atemp>11.0</ns3:atemp>
            <ns3:hr>105</ns3:hr>
            <ns3:cad>75</ns3:cad>
          </ns3:TrackPointExtension>
        </extensions>
      </trkpt>
      <trkpt lat="55.42818783782422542572021484375" lon="37.75596407242119312286376953125">
        <ele>158.399993896484375</ele>
        <time>2026-01-28T14:10:29.000Z</time>
        <extensions>
          <ns3:TrackPointExtension>
            <ns3:atemp>11.0</ns3:atemp>
            <ns3:hr>105</ns3:hr>
            <ns3:cad>75</ns3:cad>
          </ns3:TrackPointExtension>
        </extensions>
      </trkpt>
      <trkpt lat="55.4281864129006862640380859375" lon="37.75594890117645263671875">
        <ele>158.399993896484375</ele>
        <time>2026-01-28T14:10:30.000Z</time>
        <extensions>
          <ns3:TrackPointExtension>
            <ns3:atemp>11.0</ns3:atemp>
            <ns3:hr>106</ns3:hr>
            <ns3:cad>74</ns3:cad>
          </ns3:TrackPointExtension>
        </extensions>
      </trkpt>
      <trkpt lat="55.42819035239517688751220703125" lon="37.75593750178813934326171875">
        <ele>158.399993896484375</ele>
        <time>2026-01-28T14:10:31.000Z</time>
        <extensions>
          <ns3:TrackPointExtension>
            <ns3:atemp>11.0</ns3:atemp>
            <ns3:hr>108</ns3:hr>
            <ns3:cad>74</ns3:cad>
          </ns3:TrackPointExtension>
        </extensions>
      </trkpt>
      <trkpt lat="55.428203679621219635009765625" lon="37.75593540631234645843505859375">
        <ele>158.600006103515625</ele>
        <time>2026-01-28T14:10:32.000Z</time>
        <extensions>
          <ns3:TrackPointExtension>
            <ns3:atemp>11.0</ns3:atemp>
            <ns3:hr>108</ns3:hr>
            <ns3:cad>74</ns3:cad>
          </ns3:TrackPointExtension>
        </extensions>
      </trkpt>
      <trkpt lat="55.4282196052372455596923828125" lon="37.75595401413738727569580078125">
        <ele>158.399993896484375</ele>
        <time>2026-01-28T14:10:33.000Z</time>
        <extensions>
          <ns3:TrackPointExtension>
            <ns3:atemp>11.0</ns3:atemp>
            <ns3:hr>109</ns3:hr>
            <ns3:cad>73</ns3:cad>
          </ns3:TrackPointExtension>
        </extensions>
      </trkpt>
      <trkpt lat="55.4282172583043575286865234375" lon="37.75596792809665203094482421875">
        <ele>158.399993896484375</ele>
        <time>2026-01-28T14:10:34.000Z</time>
        <extensions>
          <ns3:TrackPointExtension>
            <ns3:atemp>11.0</ns3:atemp>
            <ns3:hr>109</ns3:hr>
            <ns3:cad>73</ns3:cad>
          </ns3:TrackPointExtension>
        </extensions>
      </trkpt>
      <trkpt lat="55.42821206152439117431640625" lon="37.7559976838529109954833984375">
        <ele>158.1999969482421875</ele>
        <time>2026-01-28T14:10:35.000Z</time>
        <extensions>
          <ns3:TrackPointExtension>
            <ns3:atemp>11.0</ns3:atemp>
            <ns3:hr>109</ns3:hr>
            <ns3:cad>73</ns3:cad>
          </ns3:TrackPointExtension>
        </extensions>
      </trkpt>
      <trkpt lat="55.42820845730602741241455078125" lon="37.75599910877645015716552734375">
        <ele>158.1999969482421875</ele>
        <time>2026-01-28T14:10:36.000Z</time>
        <extensions>
          <ns3:TrackPointExtension>
            <ns3:atemp>10.0</ns3:atemp>
            <ns3:hr>108</ns3:hr>
            <ns3:cad>73</ns3:cad>
          </ns3:TrackPointExtension>
        </extensions>
      </trkpt>
      <trkpt lat="55.42819689027965068817138671875" lon="37.75601469911634922027587890625">
        <ele>158</ele>
        <time>2026-01-28T14:10:37.000Z</time>
        <extensions>
          <ns3:TrackPointExtension>
            <ns3:atemp>10.0</ns3:atemp>
            <ns3:hr>108</ns3:hr>
            <ns3:cad>73</ns3:cad>
          </ns3:TrackPointExtension>
        </extensions>
      </trkpt>
      <trkpt lat="55.42816939763724803924560546875" lon="37.75603674352169036865234375">
        <ele>158</ele>
        <time>2026-01-28T14:10:38.000Z</time>
        <extensions>
          <ns3:TrackPointExtension>
            <ns3:atemp>10.0</ns3:atemp>
            <ns3:hr>108</ns3:hr>
            <ns3:cad>73</ns3:cad>
          </ns3:TrackPointExtension>
        </extensions>
      </trkpt>
      <trkpt lat="55.42815498076379299163818359375" lon="37.75605945847928524017333984375">
        <ele>158.1999969482421875</ele>
        <time>2026-01-28T14:10:39.000Z</time>
        <extensions>
          <ns3:TrackPointExtension>
            <ns3:atemp>10.0</ns3:atemp>
            <ns3:hr>108</ns3:hr>
            <ns3:cad>73</ns3:cad>
          </ns3:TrackPointExtension>
        </extensions>
      </trkpt>
      <trkpt lat="55.4281337745487689971923828125" lon="37.75608426891267299652099609375">
        <ele>158.1999969482421875</ele>
        <time>2026-01-28T14:10:40.000Z</time>
        <extensions>
          <ns3:TrackPointExtension>
            <ns3:atemp>11.0</ns3:atemp>
            <ns3:hr>108</ns3:hr>
            <ns3:cad>73</ns3:cad>
          </ns3:TrackPointExtension>
        </extensions>
      </trkpt>
      <trkpt lat="55.42810686863958835601806640625" lon="37.75610916316509246826171875">
        <ele>158.1999969482421875</ele>
        <time>2026-01-28T14:10:41.000Z</time>
        <extensions>
          <ns3:TrackPointExtension>
            <ns3:atemp>10.0</ns3:atemp>
            <ns3:hr>109</ns3:hr>
            <ns3:cad>73</ns3:cad>
          </ns3:TrackPointExtension>
        </extensions>
      </trkpt>
      <trkpt lat="55.4280875064432621002197265625" lon="37.7561247535049915313720703125">
        <ele>158.399993896484375</ele>
        <time>2026-01-28T14:10:42.000Z</time>
        <extensions>
          <ns3:TrackPointExtension>
            <ns3:atemp>10.0</ns3:atemp>
            <ns3:hr>109</ns3:hr>
            <ns3:cad>73</ns3:cad>
          </ns3:TrackPointExtension>
        </extensions>
      </trkpt>
      <trkpt lat="55.42806261219084262847900390625" lon="37.7561482228338718414306640625">
        <ele>158.399993896484375</ele>
        <time>2026-01-28T14:10:43.000Z</time>
        <extensions>
          <ns3:TrackPointExtension>
            <ns3:atemp>10.0</ns3:atemp>
            <ns3:hr>109</ns3:hr>
            <ns3:cad>73</ns3:cad>
          </ns3:TrackPointExtension>
        </extensions>
      </trkpt>
      <trkpt lat="55.42803796939551830291748046875" lon="37.75616473518311977386474609375">
        <ele>158.1999969482421875</ele>
        <time>2026-01-28T14:10:44.000Z</time>
        <extensions>
          <ns3:TrackPointExtension>
            <ns3:atemp>10.0</ns3:atemp>
            <ns3:hr>110</ns3:hr>
            <ns3:cad>73</ns3:cad>
          </ns3:TrackPointExtension>
        </extensions>
      </trkpt>
      <trkpt lat="55.42801818810403347015380859375" lon="37.7561750449240207672119140625">
        <ele>158.1999969482421875</ele>
        <time>2026-01-28T14:10:45.000Z</time>
        <extensions>
          <ns3:TrackPointExtension>
            <ns3:atemp>10.0</ns3:atemp>
            <ns3:hr>112</ns3:hr>
            <ns3:cad>80</ns3:cad>
          </ns3:TrackPointExtension>
        </extensions>
      </trkpt>
      <trkpt lat="55.427991449832916259765625" lon="37.7561835944652557373046875">
        <ele>158.1999969482421875</ele>
        <time>2026-01-28T14:10:46.000Z</time>
        <extensions>
          <ns3:TrackPointExtension>
            <ns3:atemp>10.0</ns3:atemp>
            <ns3:hr>113</ns3:hr>
            <ns3:cad>81</ns3:cad>
          </ns3:TrackPointExtension>
        </extensions>
      </trkpt>
      <trkpt lat="55.42796035297214984893798828125" lon="37.75618962943553924560546875">
        <ele>158.1999969482421875</ele>
        <time>2026-01-28T14:10:47.000Z</time>
        <extensions>
          <ns3:TrackPointExtension>
            <ns3:atemp>10.0</ns3:atemp>
            <ns3:hr>114</ns3:hr>
            <ns3:cad>82</ns3:cad>
          </ns3:TrackPointExtension>
        </extensions>
      </trkpt>
      <trkpt lat="55.42793269269168376922607421875" lon="37.756193988025188446044921875">
        <ele>158.399993896484375</ele>
        <time>2026-01-28T14:10:48.000Z</time>
        <extensions>
          <ns3:TrackPointExtension>
            <ns3:atemp>10.0</ns3:atemp>
            <ns3:hr>115</ns3:hr>
            <ns3:cad>82</ns3:cad>
          </ns3:TrackPointExtension>
        </extensions>
      </trkpt>
      <trkpt lat="55.42790184728801250457763671875" lon="37.75619960390031337738037109375">
        <ele>158.600006103515625</ele>
        <time>2026-01-28T14:10:49.000Z</time>
        <extensions>
          <ns3:TrackPointExtension>
            <ns3:atemp>10.0</ns3:atemp>
            <ns3:hr>116</ns3:hr>
            <ns3:cad>82</ns3:cad>
          </ns3:TrackPointExtension>
        </extensions>
      </trkpt>
      <trkpt lat="55.427882485091686248779296875" lon="37.7562125958502292633056640625">
        <ele>158.8000030517578125</ele>
        <time>2026-01-28T14:10:50.000Z</time>
        <extensions>
          <ns3:TrackPointExtension>
            <ns3:atemp>10.0</ns3:atemp>
            <ns3:hr>116</ns3:hr>
            <ns3:cad>82</ns3:cad>
          </ns3:TrackPointExtension>
        </extensions>
      </trkpt>
      <trkpt lat="55.4278615303337574005126953125" lon="37.7562310360372066497802734375">
        <ele>158.8000030517578125</ele>
        <time>2026-01-28T14:10:51.000Z</time>
        <extensions>
          <ns3:TrackPointExtension>
            <ns3:atemp>10.0</ns3:atemp>
            <ns3:hr>117</ns3:hr>
            <ns3:cad>82</ns3:cad>
          </ns3:TrackPointExtension>
        </extensions>
      </trkpt>
      <trkpt lat="55.4278407432138919830322265625" lon="37.7562575228512287139892578125">
        <ele>158.600006103515625</ele>
        <time>2026-01-28T14:10:52.000Z</time>
        <extensions>
          <ns3:TrackPointExtension>
            <ns3:atemp>10.0</ns3:atemp>
            <ns3:hr>118</ns3:hr>
            <ns3:cad>82</ns3:cad>
          </ns3:TrackPointExtension>
        </extensions>
      </trkpt>
      <trkpt lat="55.42783730663359165191650390625" lon="37.75628711096942424774169921875">
        <ele>158.399993896484375</ele>
        <time>2026-01-28T14:10:53.000Z</time>
        <extensions>
          <ns3:TrackPointExtension>
            <ns3:atemp>10.0</ns3:atemp>
            <ns3:hr>120</ns3:hr>
            <ns3:cad>82</ns3:cad>
          </ns3:TrackPointExtension>
        </extensions>
      </trkpt>
      <trkpt lat="55.4278253205120563507080078125" lon="37.75632415898144245147705078125">
        <ele>158.600006103515625</ele>
        <time>2026-01-28T14:10:54.000Z</time>
        <extensions>
          <ns3:TrackPointExtension>
            <ns3:atemp>10.0</ns3:atemp>
            <ns3:hr>122</ns3:hr>
            <ns3:cad>82</ns3:cad>
          </ns3:TrackPointExtension>
        </extensions>
      </trkpt>
      <trkpt lat="55.4278109036386013031005859375" lon="37.7563483826816082000732421875">
        <ele>158.600006103515625</ele>
        <time>2026-01-28T14:10:55.000Z</time>
        <extensions>
          <ns3:TrackPointExtension>
            <ns3:atemp>10.0</ns3:atemp>
            <ns3:hr>125</ns3:hr>
            <ns3:cad>81</ns3:cad>
          </ns3:TrackPointExtension>
        </extensions>
      </trkpt>
      <trkpt lat="55.42779690586030483245849609375" lon="37.7563671581447124481201171875">
        <ele>159</ele>
        <time>2026-01-28T14:10:56.000Z</time>
        <extensions>
          <ns3:TrackPointExtension>
            <ns3:atemp>10.0</ns3:atemp>
            <ns3:hr>128</ns3:hr>
            <ns3:cad>81</ns3:cad>
          </ns3:TrackPointExtension>
        </extensions>
      </trkpt>
      <trkpt lat="55.4277750290930271148681640625" lon="37.7563829161226749420166015625">
        <ele>159.399993896484375</ele>
        <time>2026-01-28T14:10:57.000Z</time>
        <extensions>
          <ns3:TrackPointExtension>
            <ns3:atemp>10.0</ns3:atemp>
            <ns3:hr>131</ns3:hr>
            <ns3:cad>81</ns3:cad>
          </ns3:TrackPointExtension>
        </extensions>
      </trkpt>
      <trkpt lat="55.4277569241821765899658203125" lon="37.75639205239713191986083984375">
        <ele>159.8000030517578125</ele>
        <time>2026-01-28T14:10:58.000Z</time>
        <extensions>
          <ns3:TrackPointExtension>
            <ns3:atemp>10.0</ns3:atemp>
            <ns3:hr>131</ns3:hr>
            <ns3:cad>81</ns3:cad>
          </ns3:TrackPointExtension>
        </extensions>
      </trkpt>
      <trkpt lat="55.4277384839951992034912109375" lon="37.7564124204218387603759765625">
        <ele>159.8000030517578125</ele>
        <time>2026-01-28T14:10:59.000Z</time>
        <extensions>
          <ns3:TrackPointExtension>
            <ns3:atemp>10.0</ns3:atemp>
            <ns3:hr>132</ns3:hr>
            <ns3:cad>81</ns3:cad>
          </ns3:TrackPointExtension>
        </extensions>
      </trkpt>
      <trkpt lat="55.4277140088379383087158203125" lon="37.7564251609146595001220703125">
        <ele>160</ele>
        <time>2026-01-28T14:11:00.000Z</time>
        <extensions>
          <ns3:TrackPointExtension>
            <ns3:atemp>10.0</ns3:atemp>
            <ns3:hr>132</ns3:hr>
            <ns3:cad>81</ns3:cad>
          </ns3:TrackPointExtension>
        </extensions>
      </trkpt>
      <trkpt lat="55.42769573628902435302734375" lon="37.756446115672588348388671875">
        <ele>160</ele>
        <time>2026-01-28T14:11:01.000Z</time>
        <extensions>
          <ns3:TrackPointExtension>
            <ns3:atemp>10.0</ns3:atemp>
            <ns3:hr>133</ns3:hr>
            <ns3:cad>81</ns3:cad>
          </ns3:TrackPointExtension>
        </extensions>
      </trkpt>
      <trkpt lat="55.42767561972141265869140625" lon="37.7564647234976291656494140625">
        <ele>160</ele>
        <time>2026-01-28T14:11:02.000Z</time>
        <extensions>
          <ns3:TrackPointExtension>
            <ns3:atemp>10.0</ns3:atemp>
            <ns3:hr>133</ns3:hr>
            <ns3:cad>81</ns3:cad>
          </ns3:TrackPointExtension>
        </extensions>
      </trkpt>
      <trkpt lat="55.427648462355136871337890625" lon="37.756476290524005889892578125">
        <ele>160.1999969482421875</ele>
        <time>2026-01-28T14:11:03.000Z</time>
        <extensions>
          <ns3:TrackPointExtension>
            <ns3:atemp>10.0</ns3:atemp>
            <ns3:hr>134</ns3:hr>
            <ns3:cad>81</ns3:cad>
          </ns3:TrackPointExtension>
        </extensions>
      </trkpt>
      <trkpt lat="55.4276333749294281005859375" lon="37.75649900548160076141357421875">
        <ele>160.1999969482421875</ele>
        <time>2026-01-28T14:11:04.000Z</time>
        <extensions>
          <ns3:TrackPointExtension>
            <ns3:atemp>10.0</ns3:atemp>
            <ns3:hr>134</ns3:hr>
            <ns3:cad>82</ns3:cad>
          </ns3:TrackPointExtension>
        </extensions>
      </trkpt>
      <trkpt lat="55.427609570324420928955078125" lon="37.7565197087824344635009765625">
        <ele>160.1999969482421875</ele>
        <time>2026-01-28T14:11:05.000Z</time>
        <extensions>
          <ns3:TrackPointExtension>
            <ns3:atemp>10.0</ns3:atemp>
            <ns3:hr>135</ns3:hr>
            <ns3:cad>81</ns3:cad>
          </ns3:TrackPointExtension>
        </extensions>
      </trkpt>
      <trkpt lat="55.42758786119520664215087890625" lon="37.75654711760580539703369140625">
        <ele>160.1999969482421875</ele>
        <time>2026-01-28T14:11:06.000Z</time>
        <extensions>
          <ns3:TrackPointExtension>
            <ns3:atemp>10.0</ns3:atemp>
            <ns3:hr>135</ns3:hr>
            <ns3:cad>81</ns3:cad>
          </ns3:TrackPointExtension>
        </extensions>
      </trkpt>
      <trkpt lat="55.42756958864629268646240234375" lon="37.7565666474401950836181640625">
        <ele>160.399993896484375</ele>
        <time>2026-01-28T14:11:07.000Z</time>
        <extensions>
          <ns3:TrackPointExtension>
            <ns3:atemp>10.0</ns3:atemp>
            <ns3:hr>136</ns3:hr>
            <ns3:cad>81</ns3:cad>
          </ns3:TrackPointExtension>
        </extensions>
      </trkpt>
      <trkpt lat="55.42754511348903179168701171875" lon="37.75659154169261455535888671875">
        <ele>160.399993896484375</ele>
        <time>2026-01-28T14:11:08.000Z</time>
        <extensions>
          <ns3:TrackPointExtension>
            <ns3:atemp>10.0</ns3:atemp>
            <ns3:hr>136</ns3:hr>
            <ns3:cad>81</ns3:cad>
          </ns3:TrackPointExtension>
        </extensions>
      </trkpt>
      <trkpt lat="55.427525080740451812744140625" lon="37.75661232881247997283935546875">
        <ele>160.600006103515625</ele>
        <time>2026-01-28T14:11:09.000Z</time>
        <extensions>
          <ns3:TrackPointExtension>
            <ns3:atemp>10.0</ns3:atemp>
            <ns3:hr>137</ns3:hr>
            <ns3:cad>81</ns3:cad>
          </ns3:TrackPointExtension>
        </extensions>
      </trkpt>
      <trkpt lat="55.42750370688736438751220703125" lon="37.7566337026655673980712890625">
        <ele>160.600006103515625</ele>
        <time>2026-01-28T14:11:10.000Z</time>
        <extensions>
          <ns3:TrackPointExtension>
            <ns3:atemp>10.0</ns3:atemp>
            <ns3:hr>138</ns3:hr>
            <ns3:cad>81</ns3:cad>
          </ns3:TrackPointExtension>
        </extensions>
      </trkpt>
      <trkpt lat="55.42747168801724910736083984375" lon="37.7566610276699066162109375">
        <ele>160.8000030517578125</ele>
        <time>2026-01-28T14:11:11.000Z</time>
        <extensions>
          <ns3:TrackPointExtension>
            <ns3:atemp>10.0</ns3:atemp>
            <ns3:hr>138</ns3:hr>
            <ns3:cad>82</ns3:cad>
          </ns3:TrackPointExtension>
        </extensions>
      </trkpt>
      <trkpt lat="55.427454002201557159423828125" lon="37.756680808961391448974609375">
        <ele>160.8000030517578125</ele>
        <time>2026-01-28T14:11:12.000Z</time>
        <extensions>
          <ns3:TrackPointExtension>
            <ns3:atemp>10.0</ns3:atemp>
            <ns3:hr>139</ns3:hr>
            <ns3:cad>82</ns3:cad>
          </ns3:TrackPointExtension>
        </extensions>
      </trkpt>
      <trkpt lat="55.42743262834846973419189453125" lon="37.756702601909637451171875">
        <ele>160.8000030517578125</ele>
        <time>2026-01-28T14:11:13.000Z</time>
        <extensions>
          <ns3:TrackPointExtension>
            <ns3:atemp>10.0</ns3:atemp>
            <ns3:hr>139</ns3:hr>
            <ns3:cad>82</ns3:cad>
          </ns3:TrackPointExtension>
        </extensions>
      </trkpt>
      <trkpt lat="55.42740597389638423919677734375" lon="37.7567175216972827911376953125">
        <ele>161</ele>
        <time>2026-01-28T14:11:14.000Z</time>
        <extensions>
          <ns3:TrackPointExtension>
            <ns3:atemp>10.0</ns3:atemp>
            <ns3:hr>140</ns3:hr>
            <ns3:cad>82</ns3:cad>
          </ns3:TrackPointExtension>
        </extensions>
      </trkpt>
      <trkpt lat="55.427385270595550537109375" lon="37.756734453141689300537109375">
        <ele>161</ele>
        <time>2026-01-28T14:11:15.000Z</time>
        <extensions>
          <ns3:TrackPointExtension>
            <ns3:atemp>10.0</ns3:atemp>
            <ns3:hr>141</ns3:hr>
            <ns3:cad>81</ns3:cad>
          </ns3:TrackPointExtension>
        </extensions>
      </trkpt>
      <trkpt lat="55.4273572750389575958251953125" lon="37.7567557431757450103759765625">
        <ele>161.1999969482421875</ele>
        <time>2026-01-28T14:11:16.000Z</time>
        <extensions>
          <ns3:TrackPointExtension>
            <ns3:atemp>10.0</ns3:atemp>
            <ns3:hr>142</ns3:hr>
            <ns3:cad>81</ns3:cad>
          </ns3:TrackPointExtension>
        </extensions>
      </trkpt>
      <trkpt lat="55.427329279482364654541015625" lon="37.7567763626575469970703125">
        <ele>161.1999969482421875</ele>
        <time>2026-01-28T14:11:17.000Z</time>
        <extensions>
          <ns3:TrackPointExtension>
            <ns3:atemp>10.0</ns3:atemp>
            <ns3:hr>142</ns3:hr>
            <ns3:cad>82</ns3:cad>
          </ns3:TrackPointExtension>
        </extensions>
      </trkpt>
      <trkpt lat="55.427311845123767852783203125" lon="37.75679538957774639129638671875">
        <ele>161.1999969482421875</ele>
        <time>2026-01-28T14:11:18.000Z</time>
        <extensions>
          <ns3:TrackPointExtension>
            <ns3:atemp>10.0</ns3:atemp>
            <ns3:hr>143</ns3:hr>
            <ns3:cad>82</ns3:cad>
          </ns3:TrackPointExtension>
        </extensions>
      </trkpt>
      <trkpt lat="55.42728443630039691925048828125" lon="37.756816931068897247314453125">
        <ele>161.399993896484375</ele>
        <time>2026-01-28T14:11:19.000Z</time>
        <extensions>
          <ns3:TrackPointExtension>
            <ns3:atemp>10.0</ns3:atemp>
            <ns3:hr>144</ns3:hr>
            <ns3:cad>82</ns3:cad>
          </ns3:TrackPointExtension>
        </extensions>
      </trkpt>
      <trkpt lat="55.427266918122768402099609375" lon="37.7568246424198150634765625">
        <ele>161.399993896484375</ele>
        <time>2026-01-28T14:11:20.000Z</time>
        <extensions>
          <ns3:TrackPointExtension>
            <ns3:atemp>10.0</ns3:atemp>
            <ns3:hr>144</ns3:hr>
            <ns3:cad>82</ns3:cad>
          </ns3:TrackPointExtension>
        </extensions>
      </trkpt>
      <trkpt lat="55.42724872939288616180419921875" lon="37.75683394633233547210693359375">
        <ele>161.399993896484375</ele>
        <time>2026-01-28T14:11:21.000Z</time>
        <extensions>
          <ns3:TrackPointExtension>
            <ns3:atemp>10.0</ns3:atemp>
            <ns3:hr>145</ns3:hr>
            <ns3:cad>82</ns3:cad>
          </ns3:TrackPointExtension>
        </extensions>
      </trkpt>
      <trkpt lat="55.42722291313111782073974609375" lon="37.75685154832899570465087890625">
        <ele>161.600006103515625</ele>
        <time>2026-01-28T14:11:22.000Z</time>
        <extensions>
          <ns3:TrackPointExtension>
            <ns3:atemp>10.0</ns3:atemp>
            <ns3:hr>146</ns3:hr>
            <ns3:cad>82</ns3:cad>
          </ns3:TrackPointExtension>
        </extensions>
      </trkpt>
      <trkpt lat="55.42720447294414043426513671875" lon="37.7568662166595458984375">
        <ele>161.600006103515625</ele>
        <time>2026-01-28T14:11:23.000Z</time>
        <extensions>
          <ns3:TrackPointExtension>
            <ns3:atemp>10.0</ns3:atemp>
            <ns3:hr>146</ns3:hr>
            <ns3:cad>82</ns3:cad>
          </ns3:TrackPointExtension>
        </extensions>
      </trkpt>
      <trkpt lat="55.427181757986545562744140625" lon="37.7568821422755718231201171875">
        <ele>161.600006103515625</ele>
        <time>2026-01-28T14:11:24.000Z</time>
        <extensions>
          <ns3:TrackPointExtension>
            <ns3:atemp>10.0</ns3:atemp>
            <ns3:hr>146</ns3:hr>
            <ns3:cad>82</ns3:cad>
          </ns3:TrackPointExtension>
        </extensions>
      </trkpt>
      <trkpt lat="55.4271564446389675140380859375" lon="37.756900079548358917236328125">
        <ele>161.8000030517578125</ele>
        <time>2026-01-28T14:11:25.000Z</time>
        <extensions>
          <ns3:TrackPointExtension>
            <ns3:atemp>10.0</ns3:atemp>
            <ns3:hr>146</ns3:hr>
            <ns3:cad>82</ns3:cad>
          </ns3:TrackPointExtension>
        </extensions>
      </trkpt>
      <trkpt lat="55.42714077048003673553466796875" lon="37.756910808384418487548828125">
        <ele>161.8000030517578125</ele>
        <time>2026-01-28T14:11:26.000Z</time>
        <extensions>
          <ns3:TrackPointExtension>
            <ns3:atemp>10.0</ns3:atemp>
            <ns3:hr>147</ns3:hr>
            <ns3:cad>82</ns3:cad>
          </ns3:TrackPointExtension>
        </extensions>
      </trkpt>
      <trkpt lat="55.427113361656665802001953125" lon="37.756927572190761566162109375">
        <ele>161.8000030517578125</ele>
        <time>2026-01-28T14:11:27.000Z</time>
        <extensions>
          <ns3:TrackPointExtension>
            <ns3:atemp>10.0</ns3:atemp>
            <ns3:hr>147</ns3:hr>
            <ns3:cad>82</ns3:cad>
          </ns3:TrackPointExtension>
        </extensions>
      </trkpt>
      <trkpt lat="55.4270942509174346923828125" lon="37.756947018206119537353515625">
        <ele>161.8000030517578125</ele>
        <time>2026-01-28T14:11:28.000Z</time>
        <extensions>
          <ns3:TrackPointExtension>
            <ns3:atemp>10.0</ns3:atemp>
            <ns3:hr>147</ns3:hr>
            <ns3:cad>82</ns3:cad>
          </ns3:TrackPointExtension>
        </extensions>
      </trkpt>
      <trkpt lat="55.427070446312427520751953125" lon="37.7569562382996082305908203125">
        <ele>161.8000030517578125</ele>
        <time>2026-01-28T14:11:29.000Z</time>
        <extensions>
          <ns3:TrackPointExtension>
            <ns3:atemp>10.0</ns3:atemp>
            <ns3:hr>148</ns3:hr>
            <ns3:cad>82</ns3:cad>
          </ns3:TrackPointExtension>
        </extensions>
      </trkpt>
      <trkpt lat="55.42704127728939056396484375" lon="37.75697191245853900909423828125">
        <ele>161.8000030517578125</ele>
        <time>2026-01-28T14:11:30.000Z</time>
        <extensions>
          <ns3:TrackPointExtension>
            <ns3:atemp>10.0</ns3:atemp>
            <ns3:hr>148</ns3:hr>
            <ns3:cad>82</ns3:cad>
          </ns3:TrackPointExtension>
        </extensions>
      </trkpt>
      <trkpt lat="55.4270122759044170379638671875" lon="37.7569646202027797698974609375">
        <ele>161.8000030517578125</ele>
        <time>2026-01-28T14:11:31.000Z</time>
        <extensions>
          <ns3:TrackPointExtension>
            <ns3:atemp>10.0</ns3:atemp>
            <ns3:hr>149</ns3:hr>
            <ns3:cad>82</ns3:cad>
          </ns3:TrackPointExtension>
        </extensions>
      </trkpt>
      <trkpt lat="55.4269888065755367279052734375" lon="37.75697509758174419403076171875">
        <ele>161.8000030517578125</ele>
        <time>2026-01-28T14:11:32.000Z</time>
        <extensions>
          <ns3:TrackPointExtension>
            <ns3:atemp>10.0</ns3:atemp>
            <ns3:hr>149</ns3:hr>
            <ns3:cad>82</ns3:cad>
          </ns3:TrackPointExtension>
        </extensions>
      </trkpt>
      <trkpt lat="55.4269636608660221099853515625" lon="37.75699219666421413421630859375">
        <ele>162</ele>
        <time>2026-01-28T14:11:33.000Z</time>
        <extensions>
          <ns3:TrackPointExtension>
            <ns3:atemp>10.0</ns3:atemp>
            <ns3:hr>149</ns3:hr>
            <ns3:cad>81</ns3:cad>
          </ns3:TrackPointExtension>
        </extensions>
      </trkpt>
      <trkpt lat="55.42694664560258388519287109375" lon="37.75700208730995655059814453125">
        <ele>162</ele>
        <time>2026-01-28T14:11:34.000Z</time>
        <extensions>
          <ns3:TrackPointExtension>
            <ns3:atemp>10.0</ns3:atemp>
            <ns3:hr>149</ns3:hr>
            <ns3:cad>81</ns3:cad>
          </ns3:TrackPointExtension>
        </extensions>
      </trkpt>
      <trkpt lat="55.4269371740520000457763671875" lon="37.75702522136270999908447265625">
        <ele>162</ele>
        <time>2026-01-28T14:11:35.000Z</time>
        <extensions>
          <ns3:TrackPointExtension>
            <ns3:atemp>10.0</ns3:atemp>
            <ns3:hr>150</ns3:hr>
            <ns3:cad>81</ns3:cad>
          </ns3:TrackPointExtension>
        </extensions>
      </trkpt>
      <trkpt lat="55.42691630311310291290283203125" lon="37.7570427395403385162353515625">
        <ele>161.8000030517578125</ele>
        <time>2026-01-28T14:11:36.000Z</time>
        <extensions>
          <ns3:TrackPointExtension>
            <ns3:atemp>10.0</ns3:atemp>
            <ns3:hr>150</ns3:hr>
            <ns3:cad>81</ns3:cad>
          </ns3:TrackPointExtension>
        </extensions>
      </trkpt>
      <trkpt lat="55.42690205387771129608154296875" lon="37.75705003179609775543212890625">
        <ele>161.8000030517578125</ele>
        <time>2026-01-28T14:11:37.000Z</time>
        <extensions>
          <ns3:TrackPointExtension>
            <ns3:atemp>10.0</ns3:atemp>
            <ns3:hr>150</ns3:hr>
            <ns3:cad>81</ns3:cad>
          </ns3:TrackPointExtension>
        </extensions>
      </trkpt>
      <trkpt lat="55.42688411660492420196533203125" lon="37.75705304928123950958251953125">
        <ele>161.8000030517578125</ele>
        <time>2026-01-28T14:11:38.000Z</time>
        <extensions>
          <ns3:TrackPointExtension>
            <ns3:atemp>10.0</ns3:atemp>
            <ns3:hr>150</ns3:hr>
            <ns3:cad>79</ns3:cad>
          </ns3:TrackPointExtension>
        </extensions>
      </trkpt>
      <trkpt lat="55.42686064727604389190673828125" lon="37.757054977118968963623046875">
        <ele>162</ele>
        <time>2026-01-28T14:11:39.000Z</time>
        <extensions>
          <ns3:TrackPointExtension>
            <ns3:atemp>10.0</ns3:atemp>
            <ns3:hr>150</ns3:hr>
            <ns3:cad>79</ns3:cad>
          </ns3:TrackPointExtension>
        </extensions>
      </trkpt>
      <trkpt lat="55.4268456436693668365478515625" lon="37.75706998072564601898193359375">
        <ele>162.1999969482421875</ele>
        <time>2026-01-28T14:11:40.000Z</time>
        <extensions>
          <ns3:TrackPointExtension>
            <ns3:atemp>10.0</ns3:atemp>
            <ns3:hr>150</ns3:hr>
            <ns3:cad>80</ns3:cad>
          </ns3:TrackPointExtension>
        </extensions>
      </trkpt>
      <trkpt lat="55.42682779021561145782470703125" lon="37.75708976201713085174560546875">
        <ele>162.399993896484375</ele>
        <time>2026-01-28T14:11:41.000Z</time>
        <extensions>
          <ns3:TrackPointExtension>
            <ns3:atemp>10.0</ns3:atemp>
            <ns3:hr>150</ns3:hr>
            <ns3:cad>80</ns3:cad>
          </ns3:TrackPointExtension>
        </extensions>
      </trkpt>
      <trkpt lat="55.4268023930490016937255859375" lon="37.75710426270961761474609375">
        <ele>162.600006103515625</ele>
        <time>2026-01-28T14:11:42.000Z</time>
        <extensions>
          <ns3:TrackPointExtension>
            <ns3:atemp>10.0</ns3:atemp>
            <ns3:hr>151</ns3:hr>
            <ns3:cad>80</ns3:cad>
          </ns3:TrackPointExtension>
        </extensions>
      </trkpt>
      <trkpt lat="55.42678370140492916107177734375" lon="37.75711842812597751617431640625">
        <ele>162.600006103515625</ele>
        <time>2026-01-28T14:11:43.000Z</time>
        <extensions>
          <ns3:TrackPointExtension>
            <ns3:atemp>10.0</ns3:atemp>
            <ns3:hr>150</ns3:hr>
            <ns3:cad>80</ns3:cad>
          </ns3:TrackPointExtension>
        </extensions>
      </trkpt>
      <trkpt lat="55.4267589747905731201171875" lon="37.75713586248457431793212890625">
        <ele>162.600006103515625</ele>
        <time>2026-01-28T14:11:44.000Z</time>
        <extensions>
          <ns3:TrackPointExtension>
            <ns3:atemp>10.0</ns3:atemp>
            <ns3:hr>150</ns3:hr>
            <ns3:cad>80</ns3:cad>
          </ns3:TrackPointExtension>
        </extensions>
      </trkpt>
      <trkpt lat="55.4267329908907413482666015625" lon="37.757158242166042327880859375">
        <ele>162.600006103515625</ele>
        <time>2026-01-28T14:11:45.000Z</time>
        <extensions>
          <ns3:TrackPointExtension>
            <ns3:atemp>10.0</ns3:atemp>
            <ns3:hr>151</ns3:hr>
            <ns3:cad>80</ns3:cad>
          </ns3:TrackPointExtension>
        </extensions>
      </trkpt>
      <trkpt lat="55.4267115332186222076416015625" lon="37.7571718208491802215576171875">
        <ele>162.600006103515625</ele>
        <time>2026-01-28T14:11:46.000Z</time>
        <extensions>
          <ns3:TrackPointExtension>
            <ns3:atemp>10.0</ns3:atemp>
            <ns3:hr>151</ns3:hr>
            <ns3:cad>80</ns3:cad>
          </ns3:TrackPointExtension>
        </extensions>
      </trkpt>
      <trkpt lat="55.4266873933374881744384765625" lon="37.7571962960064411163330078125">
        <ele>162.600006103515625</ele>
        <time>2026-01-28T14:11:47.000Z</time>
        <extensions>
          <ns3:TrackPointExtension>
            <ns3:atemp>10.0</ns3:atemp>
            <ns3:hr>151</ns3:hr>
            <ns3:cad>81</ns3:cad>
          </ns3:TrackPointExtension>
        </extensions>
      </trkpt>
      <trkpt lat="55.42666710913181304931640625" lon="37.757217586040496826171875">
        <ele>162.600006103515625</ele>
        <time>2026-01-28T14:11:48.000Z</time>
        <extensions>
          <ns3:TrackPointExtension>
            <ns3:atemp>10.0</ns3:atemp>
            <ns3:hr>151</ns3:hr>
            <ns3:cad>81</ns3:cad>
          </ns3:TrackPointExtension>
        </extensions>
      </trkpt>
      <trkpt lat="55.42664674110710620880126953125" lon="37.75723728351294994354248046875">
        <ele>162.8000030517578125</ele>
        <time>2026-01-28T14:11:49.000Z</time>
        <extensions>
          <ns3:TrackPointExtension>
            <ns3:atemp>10.0</ns3:atemp>
            <ns3:hr>151</ns3:hr>
            <ns3:cad>81</ns3:cad>
          </ns3:TrackPointExtension>
        </extensions>
      </trkpt>
      <trkpt lat="55.42662209831178188323974609375" lon="37.75725823827087879180908203125">
        <ele>162.8000030517578125</ele>
        <time>2026-01-28T14:11:50.000Z</time>
        <extensions>
          <ns3:TrackPointExtension>
            <ns3:atemp>10.0</ns3:atemp>
            <ns3:hr>153</ns3:hr>
            <ns3:cad>81</ns3:cad>
          </ns3:TrackPointExtension>
        </extensions>
      </trkpt>
      <trkpt lat="55.42660315521061420440673828125" lon="37.75727299042046070098876953125">
        <ele>162.8000030517578125</ele>
        <time>2026-01-28T14:11:51.000Z</time>
        <extensions>
          <ns3:TrackPointExtension>
            <ns3:atemp>10.0</ns3:atemp>
            <ns3:hr>154</ns3:hr>
            <ns3:cad>81</ns3:cad>
          </ns3:TrackPointExtension>
        </extensions>
      </trkpt>
      <trkpt lat="55.42657851241528987884521484375" lon="37.75729092769324779510498046875">
        <ele>163</ele>
        <time>2026-01-28T14:11:52.000Z</time>
        <extensions>
          <ns3:TrackPointExtension>
            <ns3:atemp>10.0</ns3:atemp>
            <ns3:hr>155</ns3:hr>
            <ns3:cad>81</ns3:cad>
          </ns3:TrackPointExtension>
        </extensions>
      </trkpt>
      <trkpt lat="55.42655185796320438385009765625" lon="37.75731146335601806640625">
        <ele>163</ele>
        <time>2026-01-28T14:11:53.000Z</time>
        <extensions>
          <ns3:TrackPointExtension>
            <ns3:atemp>10.0</ns3:atemp>
            <ns3:hr>155</ns3:hr>
            <ns3:cad>81</ns3:cad>
          </ns3:TrackPointExtension>
        </extensions>
      </trkpt>
      <trkpt lat="55.42653408832848072052001953125" lon="37.75732847861945629119873046875">
        <ele>163</ele>
        <time>2026-01-28T14:11:54.000Z</time>
        <extensions>
          <ns3:TrackPointExtension>
            <ns3:atemp>10.0</ns3:atemp>
            <ns3:hr>155</ns3:hr>
            <ns3:cad>81</ns3:cad>
          </ns3:TrackPointExtension>
        </extensions>
      </trkpt>
      <trkpt lat="55.42650911025702953338623046875" lon="37.7573481760919094085693359375">
        <ele>163</ele>
        <time>2026-01-28T14:11:55.000Z</time>
        <extensions>
          <ns3:TrackPointExtension>
            <ns3:atemp>10.0</ns3:atemp>
            <ns3:hr>155</ns3:hr>
            <ns3:cad>81</ns3:cad>
          </ns3:TrackPointExtension>
        </extensions>
      </trkpt>
      <trkpt lat="55.426489077508449554443359375" lon="37.75737089104950428009033203125">
        <ele>163.1999969482421875</ele>
        <time>2026-01-28T14:11:56.000Z</time>
        <extensions>
          <ns3:TrackPointExtension>
            <ns3:atemp>10.0</ns3:atemp>
            <ns3:hr>155</ns3:hr>
            <ns3:cad>81</ns3:cad>
          </ns3:TrackPointExtension>
        </extensions>
      </trkpt>
      <trkpt lat="55.426468960940837860107421875" lon="37.75738363154232501983642578125">
        <ele>163.1999969482421875</ele>
        <time>2026-01-28T14:11:57.000Z</time>
        <extensions>
          <ns3:TrackPointExtension>
            <ns3:atemp>10.0</ns3:atemp>
            <ns3:hr>156</ns3:hr>
            <ns3:cad>81</ns3:cad>
          </ns3:TrackPointExtension>
        </extensions>
      </trkpt>
      <trkpt lat="55.4264413006603717803955078125" lon="37.75740508921444416046142578125">
        <ele>163.399993896484375</ele>
        <time>2026-01-28T14:11:58.000Z</time>
        <extensions>
          <ns3:TrackPointExtension>
            <ns3:atemp>10.0</ns3:atemp>
            <ns3:hr>155</ns3:hr>
            <ns3:cad>81</ns3:cad>
          </ns3:TrackPointExtension>
        </extensions>
      </trkpt>
      <trkpt lat="55.4264236986637115478515625" lon="37.75741782970726490020751953125">
        <ele>163.600006103515625</ele>
        <time>2026-01-28T14:11:59.000Z</time>
        <extensions>
          <ns3:TrackPointExtension>
            <ns3:atemp>10.0</ns3:atemp>
            <ns3:hr>155</ns3:hr>
            <ns3:cad>82</ns3:cad>
          </ns3:TrackPointExtension>
        </extensions>
      </trkpt>
      <trkpt lat="55.42640433646738529205322265625" lon="37.75743241421878337860107421875">
        <ele>163.600006103515625</ele>
        <time>2026-01-28T14:12:00.000Z</time>
        <extensions>
          <ns3:TrackPointExtension>
            <ns3:atemp>10.0</ns3:atemp>
            <ns3:hr>156</ns3:hr>
            <ns3:cad>82</ns3:cad>
          </ns3:TrackPointExtension>
        </extensions>
      </trkpt>
      <trkpt lat="55.4263772629201412200927734375" lon="37.757454626262187957763671875">
        <ele>163.600006103515625</ele>
        <time>2026-01-28T14:12:01.000Z</time>
        <extensions>
          <ns3:TrackPointExtension>
            <ns3:atemp>10.0</ns3:atemp>
            <ns3:hr>155</ns3:hr>
            <ns3:cad>81</ns3:cad>
          </ns3:TrackPointExtension>
        </extensions>
      </trkpt>
      <trkpt lat="55.42635857127606868743896484375" lon="37.75746560655534267425537109375">
        <ele>163.600006103515625</ele>
        <time>2026-01-28T14:12:02.000Z</time>
        <extensions>
          <ns3:TrackPointExtension>
            <ns3:atemp>10.0</ns3:atemp>
            <ns3:hr>155</ns3:hr>
            <ns3:cad>81</ns3:cad>
          </ns3:TrackPointExtension>
        </extensions>
      </trkpt>
      <trkpt lat="55.42633862234652042388916015625" lon="37.7574817836284637451171875">
        <ele>163.600006103515625</ele>
        <time>2026-01-28T14:12:03.000Z</time>
        <extensions>
          <ns3:TrackPointExtension>
            <ns3:atemp>10.0</ns3:atemp>
            <ns3:hr>156</ns3:hr>
            <ns3:cad>81</ns3:cad>
          </ns3:TrackPointExtension>
        </extensions>
      </trkpt>
      <trkpt lat="55.4263150691986083984375" lon="37.757505588233470916748046875">
        <ele>163.600006103515625</ele>
        <time>2026-01-28T14:12:04.000Z</time>
        <extensions>
          <ns3:TrackPointExtension>
            <ns3:atemp>10.0</ns3:atemp>
            <ns3:hr>155</ns3:hr>
            <ns3:cad>81</ns3:cad>
          </ns3:TrackPointExtension>
        </extensions>
      </trkpt>
      <trkpt lat="55.42629704810678958892822265625" lon="37.75752394460141658782958984375">
        <ele>163.600006103515625</ele>
        <time>2026-01-28T14:12:05.000Z</time>
        <extensions>
          <ns3:TrackPointExtension>
            <ns3:atemp>10.0</ns3:atemp>
            <ns3:hr>155</ns3:hr>
            <ns3:cad>81</ns3:cad>
          </ns3:TrackPointExtension>
        </extensions>
      </trkpt>
      <trkpt lat="55.4262756742537021636962890625" lon="37.757538445293903350830078125">
        <ele>163.600006103515625</ele>
        <time>2026-01-28T14:12:06.000Z</time>
        <extensions>
          <ns3:TrackPointExtension>
            <ns3:atemp>10.0</ns3:atemp>
            <ns3:hr>155</ns3:hr>
            <ns3:cad>81</ns3:cad>
          </ns3:TrackPointExtension>
        </extensions>
      </trkpt>
      <trkpt lat="55.4262565635144710540771484375" lon="37.7575577236711978912353515625">
        <ele>163.600006103515625</ele>
        <time>2026-01-28T14:12:07.000Z</time>
        <extensions>
          <ns3:TrackPointExtension>
            <ns3:atemp>10.0</ns3:atemp>
            <ns3:hr>155</ns3:hr>
            <ns3:cad>81</ns3:cad>
          </ns3:TrackPointExtension>
        </extensions>
      </trkpt>
      <trkpt lat="55.426240302622318267822265625" lon="37.7575741522014141082763671875">
        <ele>163.8000030517578125</ele>
        <time>2026-01-28T14:12:08.000Z</time>
        <extensions>
          <ns3:TrackPointExtension>
            <ns3:atemp>10.0</ns3:atemp>
            <ns3:hr>155</ns3:hr>
            <ns3:cad>81</ns3:cad>
          </ns3:TrackPointExtension>
        </extensions>
      </trkpt>
      <trkpt lat="55.42621809057891368865966796875" lon="37.7575761638581752777099609375">
        <ele>163.8000030517578125</ele>
        <time>2026-01-28T14:12:09.000Z</time>
        <extensions>
          <ns3:TrackPointExtension>
            <ns3:atemp>10.0</ns3:atemp>
            <ns3:hr>154</ns3:hr>
            <ns3:cad>81</ns3:cad>
          </ns3:TrackPointExtension>
        </extensions>
      </trkpt>
      <trkpt lat="55.4262012429535388946533203125" lon="37.75756669230759143829345703125">
        <ele>163.8000030517578125</ele>
        <time>2026-01-28T14:12:10.000Z</time>
        <extensions>
          <ns3:TrackPointExtension>
            <ns3:atemp>10.0</ns3:atemp>
            <ns3:hr>154</ns3:hr>
            <ns3:cad>81</ns3:cad>
          </ns3:TrackPointExtension>
        </extensions>
      </trkpt>
      <trkpt lat="55.4261921904981136322021484375" lon="37.757563926279544830322265625">
        <ele>164</ele>
        <time>2026-01-28T14:12:11.000Z</time>
        <extensions>
          <ns3:TrackPointExtension>
            <ns3:atemp>10.0</ns3:atemp>
            <ns3:hr>153</ns3:hr>
            <ns3:cad>81</ns3:cad>
          </ns3:TrackPointExtension>
        </extensions>
      </trkpt>
      <trkpt lat="55.4261838085949420928955078125" lon="37.75755898095667362213134765625">
        <ele>164</ele>
        <time>2026-01-28T14:12:12.000Z</time>
        <extensions>
          <ns3:TrackPointExtension>
            <ns3:atemp>10.0</ns3:atemp>
            <ns3:hr>153</ns3:hr>
            <ns3:cad>81</ns3:cad>
          </ns3:TrackPointExtension>
        </extensions>
      </trkpt>
      <trkpt lat="55.42617433704435825347900390625" lon="37.7575520239770412445068359375">
        <ele>164.1999969482421875</ele>
        <time>2026-01-28T14:12:13.000Z</time>
        <extensions>
          <ns3:TrackPointExtension>
            <ns3:atemp>10.0</ns3:atemp>
            <ns3:hr>153</ns3:hr>
            <ns3:cad>81</ns3:cad>
          </ns3:TrackPointExtension>
        </extensions>
      </trkpt>
      <trkpt lat="55.4261613450944423675537109375" lon="37.75755445472896099090576171875">
        <ele>164.1999969482421875</ele>
        <time>2026-01-28T14:12:14.000Z</time>
        <extensions>
          <ns3:TrackPointExtension>
            <ns3:atemp>10.0</ns3:atemp>
            <ns3:hr>153</ns3:hr>
            <ns3:cad>81</ns3:cad>
          </ns3:TrackPointExtension>
        </extensions>
      </trkpt>
      <trkpt lat="55.42614835314452648162841796875" lon="37.75755311362445354461669921875">
        <ele>164.1999969482421875</ele>
        <time>2026-01-28T14:12:15.000Z</time>
        <extensions>
          <ns3:TrackPointExtension>
            <ns3:atemp>10.0</ns3:atemp>
            <ns3:hr>153</ns3:hr>
            <ns3:cad>81</ns3:cad>
          </ns3:TrackPointExtension>
        </extensions>
      </trkpt>
      <trkpt lat="55.42612974531948566436767578125" lon="37.7575540356338024139404296875">
        <ele>164.399993896484375</ele>
        <time>2026-01-28T14:12:16.000Z</time>
        <extensions>
          <ns3:TrackPointExtension>
            <ns3:atemp>10.0</ns3:atemp>
            <ns3:hr>153</ns3:hr>
            <ns3:cad>81</ns3:cad>
          </ns3:TrackPointExtension>
        </extensions>
      </trkpt>
      <trkpt lat="55.42610250413417816162109375" lon="37.75756618939340114593505859375">
        <ele>164.399993896484375</ele>
        <time>2026-01-28T14:12:17.000Z</time>
        <extensions>
          <ns3:TrackPointExtension>
            <ns3:atemp>10.0</ns3:atemp>
            <ns3:hr>152</ns3:hr>
            <ns3:cad>79</ns3:cad>
          </ns3:TrackPointExtension>
        </extensions>
      </trkpt>
      <trkpt lat="55.4260830581188201904296875" lon="37.75757339783012866973876953125">
        <ele>164.399993896484375</ele>
        <time>2026-01-28T14:12:18.000Z</time>
        <extensions>
          <ns3:TrackPointExtension>
            <ns3:atemp>9.0</ns3:atemp>
            <ns3:hr>153</ns3:hr>
            <ns3:cad>79</ns3:cad>
          </ns3:TrackPointExtension>
        </extensions>
      </trkpt>
      <trkpt lat="55.42606134898960590362548828125" lon="37.75755395181477069854736328125">
        <ele>164.1999969482421875</ele>
        <time>2026-01-28T14:12:19.000Z</time>
        <extensions>
          <ns3:TrackPointExtension>
            <ns3:atemp>9.0</ns3:atemp>
            <ns3:hr>153</ns3:hr>
            <ns3:cad>79</ns3:cad>
          </ns3:TrackPointExtension>
        </extensions>
      </trkpt>
      <trkpt lat="55.42603787966072559356689453125" lon="37.757536433637142181396484375">
        <ele>164.1999969482421875</ele>
        <time>2026-01-28T14:12:20.000Z</time>
        <extensions>
          <ns3:TrackPointExtension>
            <ns3:atemp>9.0</ns3:atemp>
            <ns3:hr>154</ns3:hr>
            <ns3:cad>79</ns3:cad>
          </ns3:TrackPointExtension>
        </extensions>
      </trkpt>
      <trkpt lat="55.42601960711181163787841796875" lon="37.75753333233296871185302734375">
        <ele>164.1999969482421875</ele>
        <time>2026-01-28T14:12:21.000Z</time>
        <extensions>
          <ns3:TrackPointExtension>
            <ns3:atemp>9.0</ns3:atemp>
            <ns3:hr>154</ns3:hr>
            <ns3:cad>80</ns3:cad>
          </ns3:TrackPointExtension>
        </extensions>
      </trkpt>
      <trkpt lat="55.4259957186877727508544921875" lon="37.757543139159679412841796875">
        <ele>164.1999969482421875</ele>
        <time>2026-01-28T14:12:22.000Z</time>
        <extensions>
          <ns3:TrackPointExtension>
            <ns3:atemp>9.0</ns3:atemp>
            <ns3:hr>155</ns3:hr>
            <ns3:cad>80</ns3:cad>
          </ns3:TrackPointExtension>
        </extensions>
      </trkpt>
      <trkpt lat="55.4259704053401947021484375" lon="37.7575610764324665069580078125">
        <ele>164.1999969482421875</ele>
        <time>2026-01-28T14:12:23.000Z</time>
        <extensions>
          <ns3:TrackPointExtension>
            <ns3:atemp>9.0</ns3:atemp>
            <ns3:hr>155</ns3:hr>
            <ns3:cad>80</ns3:cad>
          </ns3:TrackPointExtension>
        </extensions>
      </trkpt>
      <trkpt lat="55.42594752274453639984130859375" lon="37.75756551884114742279052734375">
        <ele>164.1999969482421875</ele>
        <time>2026-01-28T14:12:24.000Z</time>
        <extensions>
          <ns3:TrackPointExtension>
            <ns3:atemp>9.0</ns3:atemp>
            <ns3:hr>155</ns3:hr>
            <ns3:cad>80</ns3:cad>
          </ns3:TrackPointExtension>
        </extensions>
      </trkpt>
      <trkpt lat="55.42591935954988002777099609375" lon="37.75757306255400180816650390625">
        <ele>164.399993896484375</ele>
        <time>2026-01-28T14:12:25.000Z</time>
        <extensions>
          <ns3:TrackPointExtension>
            <ns3:atemp>9.0</ns3:atemp>
            <ns3:hr>155</ns3:hr>
            <ns3:cad>80</ns3:cad>
          </ns3:TrackPointExtension>
        </extensions>
      </trkpt>
      <trkpt lat="55.42590242810547351837158203125" lon="37.757590748369693756103515625">
        <ele>164.600006103515625</ele>
        <time>2026-01-28T14:12:26.000Z</time>
        <extensions>
          <ns3:TrackPointExtension>
            <ns3:atemp>9.0</ns3:atemp>
            <ns3:hr>156</ns3:hr>
            <ns3:cad>80</ns3:cad>
          </ns3:TrackPointExtension>
        </extensions>
      </trkpt>
      <trkpt lat="55.425886251032352447509765625" lon="37.7576103620231151580810546875">
        <ele>164.600006103515625</ele>
        <time>2026-01-28T14:12:27.000Z</time>
        <extensions>
          <ns3:TrackPointExtension>
            <ns3:atemp>9.0</ns3:atemp>
            <ns3:hr>156</ns3:hr>
            <ns3:cad>81</ns3:cad>
          </ns3:TrackPointExtension>
        </extensions>
      </trkpt>
      <trkpt lat="55.42586705647408962249755859375" lon="37.75762368924915790557861328125">
        <ele>164.8000030517578125</ele>
        <time>2026-01-28T14:12:28.000Z</time>
        <extensions>
          <ns3:TrackPointExtension>
            <ns3:atemp>9.0</ns3:atemp>
            <ns3:hr>157</ns3:hr>
            <ns3:cad>81</ns3:cad>
          </ns3:TrackPointExtension>
        </extensions>
      </trkpt>
      <trkpt lat="55.425853729248046875" lon="37.757645063102245330810546875">
        <ele>165</ele>
        <time>2026-01-28T14:12:29.000Z</time>
        <extensions>
          <ns3:TrackPointExtension>
            <ns3:atemp>9.0</ns3:atemp>
            <ns3:hr>158</ns3:hr>
            <ns3:cad>81</ns3:cad>
          </ns3:TrackPointExtension>
        </extensions>
      </trkpt>
      <trkpt lat="55.425839982926845550537109375" lon="37.75766425766050815582275390625">
        <ele>165</ele>
        <time>2026-01-28T14:12:30.000Z</time>
        <extensions>
          <ns3:TrackPointExtension>
            <ns3:atemp>9.0</ns3:atemp>
            <ns3:hr>159</ns3:hr>
            <ns3:cad>81</ns3:cad>
          </ns3:TrackPointExtension>
        </extensions>
      </trkpt>
      <trkpt lat="55.42581659741699695587158203125" lon="37.757662832736968994140625">
        <ele>165.1999969482421875</ele>
        <time>2026-01-28T14:12:31.000Z</time>
        <extensions>
          <ns3:TrackPointExtension>
            <ns3:atemp>9.0</ns3:atemp>
            <ns3:hr>159</ns3:hr>
            <ns3:cad>82</ns3:cad>
          </ns3:TrackPointExtension>
        </extensions>
      </trkpt>
      <trkpt lat="55.42579807341098785400390625" lon="37.75767180137336254119873046875">
        <ele>165</ele>
        <time>2026-01-28T14:12:32.000Z</time>
        <extensions>
          <ns3:TrackPointExtension>
            <ns3:atemp>9.0</ns3:atemp>
            <ns3:hr>159</ns3:hr>
            <ns3:cad>82</ns3:cad>
          </ns3:TrackPointExtension>
        </extensions>
      </trkpt>
      <trkpt lat="55.42578021995723247528076171875" lon="37.75769091211259365081787109375">
        <ele>165</ele>
        <time>2026-01-28T14:12:33.000Z</time>
        <extensions>
          <ns3:TrackPointExtension>
            <ns3:atemp>9.0</ns3:atemp>
            <ns3:hr>159</ns3:hr>
            <ns3:cad>82</ns3:cad>
          </ns3:TrackPointExtension>
        </extensions>
      </trkpt>
      <trkpt lat="55.425757504999637603759765625" lon="37.75770566426217555999755859375">
        <ele>165</ele>
        <time>2026-01-28T14:12:34.000Z</time>
        <extensions>
          <ns3:TrackPointExtension>
            <ns3:atemp>9.0</ns3:atemp>
            <ns3:hr>159</ns3:hr>
            <ns3:cad>81</ns3:cad>
          </ns3:TrackPointExtension>
        </extensions>
      </trkpt>
      <trkpt lat="55.42574149556457996368408203125" lon="37.75772058404982089996337890625">
        <ele>165</ele>
        <time>2026-01-28T14:12:35.000Z</time>
        <extensions>
          <ns3:TrackPointExtension>
            <ns3:atemp>9.0</ns3:atemp>
            <ns3:hr>159</ns3:hr>
            <ns3:cad>81</ns3:cad>
          </ns3:TrackPointExtension>
        </extensions>
      </trkpt>
      <trkpt lat="55.42571987025439739227294921875" lon="37.75773416273295879364013671875">
        <ele>165</ele>
        <time>2026-01-28T14:12:36.000Z</time>
        <extensions>
          <ns3:TrackPointExtension>
            <ns3:atemp>9.0</ns3:atemp>
            <ns3:hr>159</ns3:hr>
            <ns3:cad>79</ns3:cad>
          </ns3:TrackPointExtension>
        </extensions>
      </trkpt>
      <trkpt lat="55.425697825849056243896484375" lon="37.75771538726985454559326171875">
        <ele>165.1999969482421875</ele>
        <time>2026-01-28T14:12:37.000Z</time>
        <extensions>
          <ns3:TrackPointExtension>
            <ns3:atemp>9.0</ns3:atemp>
            <ns3:hr>158</ns3:hr>
            <ns3:cad>80</ns3:cad>
          </ns3:TrackPointExtension>
        </extensions>
      </trkpt>
      <trkpt lat="55.4256798885762691497802734375" lon="37.757708095014095306396484375">
        <ele>165.1999969482421875</ele>
        <time>2026-01-28T14:12:38.000Z</time>
        <extensions>
          <ns3:TrackPointExtension>
            <ns3:atemp>9.0</ns3:atemp>
            <ns3:hr>158</ns3:hr>
            <ns3:cad>80</ns3:cad>
          </ns3:TrackPointExtension>
        </extensions>
      </trkpt>
      <trkpt lat="55.4256631247699260711669921875" lon="37.75768152438104152679443359375">
        <ele>165.1999969482421875</ele>
        <time>2026-01-28T14:12:39.000Z</time>
        <extensions>
          <ns3:TrackPointExtension>
            <ns3:atemp>9.0</ns3:atemp>
            <ns3:hr>158</ns3:hr>
            <ns3:cad>81</ns3:cad>
          </ns3:TrackPointExtension>
        </extensions>
      </trkpt>
      <trkpt lat="55.4256523959338665008544921875" lon="37.757646404206752777099609375">
        <ele>165.1999969482421875</ele>
        <time>2026-01-28T14:12:40.000Z</time>
        <extensions>
          <ns3:TrackPointExtension>
            <ns3:atemp>9.0</ns3:atemp>
            <ns3:hr>158</ns3:hr>
            <ns3:cad>81</ns3:cad>
          </ns3:TrackPointExtension>
        </extensions>
      </trkpt>
      <trkpt lat="55.42564644478261470794677734375" lon="37.75761765427887439727783203125">
        <ele>165.399993896484375</ele>
        <time>2026-01-28T14:12:41.000Z</time>
        <extensions>
          <ns3:TrackPointExtension>
            <ns3:atemp>9.0</ns3:atemp>
            <ns3:hr>158</ns3:hr>
            <ns3:cad>81</ns3:cad>
          </ns3:TrackPointExtension>
        </extensions>
      </trkpt>
      <trkpt lat="55.42563915252685546875" lon="37.7575721405446529388427734375">
        <ele>165.600006103515625</ele>
        <time>2026-01-28T14:12:42.000Z</time>
        <extensions>
          <ns3:TrackPointExtension>
            <ns3:atemp>9.0</ns3:atemp>
            <ns3:hr>158</ns3:hr>
            <ns3:cad>81</ns3:cad>
          </ns3:TrackPointExtension>
        </extensions>
      </trkpt>
      <trkpt lat="55.4256262443959712982177734375" lon="37.75752947665750980377197265625">
        <ele>165.600006103515625</ele>
        <time>2026-01-28T14:12:43.000Z</time>
        <extensions>
          <ns3:TrackPointExtension>
            <ns3:atemp>9.0</ns3:atemp>
            <ns3:hr>157</ns3:hr>
            <ns3:cad>81</ns3:cad>
          </ns3:TrackPointExtension>
        </extensions>
      </trkpt>
      <trkpt lat="55.42562129907310009002685546875" lon="37.7575003914535045623779296875">
        <ele>165.8000030517578125</ele>
        <time>2026-01-28T14:12:44.000Z</time>
        <extensions>
          <ns3:TrackPointExtension>
            <ns3:atemp>9.0</ns3:atemp>
            <ns3:hr>157</ns3:hr>
            <ns3:cad>80</ns3:cad>
          </ns3:TrackPointExtension>
        </extensions>
      </trkpt>
      <trkpt lat="55.42561442591249942779541015625" lon="37.7574665285646915435791015625">
        <ele>165.8000030517578125</ele>
        <time>2026-01-28T14:12:45.000Z</time>
        <extensions>
          <ns3:TrackPointExtension>
            <ns3:atemp>9.0</ns3:atemp>
            <ns3:hr>157</ns3:hr>
            <ns3:cad>79</ns3:cad>
          </ns3:TrackPointExtension>
        </extensions>
      </trkpt>
      <trkpt lat="55.4256047867238521575927734375" lon="37.7574299834668636322021484375">
        <ele>165.8000030517578125</ele>
        <time>2026-01-28T14:12:46.000Z</time>
        <extensions>
          <ns3:TrackPointExtension>
            <ns3:atemp>9.0</ns3:atemp>
            <ns3:hr>157</ns3:hr>
            <ns3:cad>79</ns3:cad>
          </ns3:TrackPointExtension>
        </extensions>
      </trkpt>
      <trkpt lat="55.4255970753729343414306640625" lon="37.75740408338606357574462890625">
        <ele>166</ele>
        <time>2026-01-28T14:12:47.000Z</time>
        <extensions>
          <ns3:TrackPointExtension>
            <ns3:atemp>9.0</ns3:atemp>
            <ns3:hr>157</ns3:hr>
            <ns3:cad>79</ns3:cad>
          </ns3:TrackPointExtension>
        </extensions>
      </trkpt>
      <trkpt lat="55.42558844201266765594482421875" lon="37.75736569426953792572021484375">
        <ele>166</ele>
        <time>2026-01-28T14:12:48.000Z</time>
        <extensions>
          <ns3:TrackPointExtension>
            <ns3:atemp>9.0</ns3:atemp>
            <ns3:hr>157</ns3:hr>
            <ns3:cad>79</ns3:cad>
          </ns3:TrackPointExtension>
        </extensions>
      </trkpt>
      <trkpt lat="55.4255776293575763702392578125" lon="37.75732009671628475189208984375">
        <ele>166</ele>
        <time>2026-01-28T14:12:49.000Z</time>
        <extensions>
          <ns3:TrackPointExtension>
            <ns3:atemp>9.0</ns3:atemp>
            <ns3:hr>157</ns3:hr>
            <ns3:cad>79</ns3:cad>
          </ns3:TrackPointExtension>
        </extensions>
      </trkpt>
      <trkpt lat="55.42556949891149997711181640625" lon="37.7572884969413280487060546875">
        <ele>166</ele>
        <time>2026-01-28T14:12:50.000Z</time>
        <extensions>
          <ns3:TrackPointExtension>
            <ns3:atemp>9.0</ns3:atemp>
            <ns3:hr>157</ns3:hr>
            <ns3:cad>79</ns3:cad>
          </ns3:TrackPointExtension>
        </extensions>
      </trkpt>
      <trkpt lat="55.42555927298963069915771484375" lon="37.7572499401867389678955078125">
        <ele>166</ele>
        <time>2026-01-28T14:12:51.000Z</time>
        <extensions>
          <ns3:TrackPointExtension>
            <ns3:atemp>9.0</ns3:atemp>
            <ns3:hr>157</ns3:hr>
            <ns3:cad>79</ns3:cad>
          </ns3:TrackPointExtension>
        </extensions>
      </trkpt>
      <trkpt lat="55.42554653249680995941162109375" lon="37.7572013251483440399169921875">
        <ele>166</ele>
        <time>2026-01-28T14:12:52.000Z</time>
        <extensions>
          <ns3:TrackPointExtension>
            <ns3:atemp>9.0</ns3:atemp>
            <ns3:hr>157</ns3:hr>
            <ns3:cad>80</ns3:cad>
          </ns3:TrackPointExtension>
        </extensions>
      </trkpt>
      <trkpt lat="55.425534881651401519775390625" lon="37.757175676524639129638671875">
        <ele>166</ele>
        <time>2026-01-28T14:12:53.000Z</time>
        <extensions>
          <ns3:TrackPointExtension>
            <ns3:atemp>9.0</ns3:atemp>
            <ns3:hr>157</ns3:hr>
            <ns3:cad>80</ns3:cad>
          </ns3:TrackPointExtension>
        </extensions>
      </trkpt>
      <trkpt lat="55.42552758939564228057861328125" lon="37.75713779032230377197265625">
        <ele>166</ele>
        <time>2026-01-28T14:12:54.000Z</time>
        <extensions>
          <ns3:TrackPointExtension>
            <ns3:atemp>9.0</ns3:atemp>
            <ns3:hr>156</ns3:hr>
            <ns3:cad>80</ns3:cad>
          </ns3:TrackPointExtension>
        </extensions>
      </trkpt>
      <trkpt lat="55.425518453121185302734375" lon="37.7570950426161289215087890625">
        <ele>166</ele>
        <time>2026-01-28T14:12:55.000Z</time>
        <extensions>
          <ns3:TrackPointExtension>
            <ns3:atemp>9.0</ns3:atemp>
            <ns3:hr>156</ns3:hr>
            <ns3:cad>80</ns3:cad>
          </ns3:TrackPointExtension>
        </extensions>
      </trkpt>
      <trkpt lat="55.42550705373287200927734375" lon="37.75706830434501171112060546875">
        <ele>166</ele>
        <time>2026-01-28T14:12:56.000Z</time>
        <extensions>
          <ns3:TrackPointExtension>
            <ns3:atemp>9.0</ns3:atemp>
            <ns3:hr>156</ns3:hr>
            <ns3:cad>80</ns3:cad>
          </ns3:TrackPointExtension>
        </extensions>
      </trkpt>
      <trkpt lat="55.42550127021968364715576171875" lon="37.75703041814267635345458984375">
        <ele>166</ele>
        <time>2026-01-28T14:12:57.000Z</time>
        <extensions>
          <ns3:TrackPointExtension>
            <ns3:atemp>9.0</ns3:atemp>
            <ns3:hr>156</ns3:hr>
            <ns3:cad>80</ns3:cad>
          </ns3:TrackPointExtension>
        </extensions>
      </trkpt>
      <trkpt lat="55.4254931397736072540283203125" lon="37.7569914422929286956787109375">
        <ele>166.1999969482421875</ele>
        <time>2026-01-28T14:12:58.000Z</time>
        <extensions>
          <ns3:TrackPointExtension>
            <ns3:atemp>9.0</ns3:atemp>
            <ns3:hr>155</ns3:hr>
            <ns3:cad>80</ns3:cad>
          </ns3:TrackPointExtension>
        </extensions>
      </trkpt>
      <trkpt lat="55.42548081837594509124755859375" lon="37.7569622732698917388916015625">
        <ele>166.1999969482421875</ele>
        <time>2026-01-28T14:12:59.000Z</time>
        <extensions>
          <ns3:TrackPointExtension>
            <ns3:atemp>9.0</ns3:atemp>
            <ns3:hr>154</ns3:hr>
            <ns3:cad>80</ns3:cad>
          </ns3:TrackPointExtension>
        </extensions>
      </trkpt>
      <trkpt lat="55.425472520291805267333984375" lon="37.75691843591630458831787109375">
        <ele>166.1999969482421875</ele>
        <time>2026-01-28T14:13:00.000Z</time>
        <extensions>
          <ns3:TrackPointExtension>
            <ns3:atemp>9.0</ns3:atemp>
            <ns3:hr>153</ns3:hr>
            <ns3:cad>80</ns3:cad>
          </ns3:TrackPointExtension>
        </extensions>
      </trkpt>
      <trkpt lat="55.42546405456960201263427734375" lon="37.75687451474368572235107421875">
        <ele>166.1999969482421875</ele>
        <time>2026-01-28T14:13:01.000Z</time>
        <extensions>
          <ns3:TrackPointExtension>
            <ns3:atemp>9.0</ns3:atemp>
            <ns3:hr>151</ns3:hr>
            <ns3:cad>80</ns3:cad>
          </ns3:TrackPointExtension>
        </extensions>
      </trkpt>
      <trkpt lat="55.42545475065708160400390625" lon="37.75685003958642482757568359375">
        <ele>166.399993896484375</ele>
        <time>2026-01-28T14:13:02.000Z</time>
        <extensions>
          <ns3:TrackPointExtension>
            <ns3:atemp>9.0</ns3:atemp>
            <ns3:hr>150</ns3:hr>
            <ns3:cad>80</ns3:cad>
          </ns3:TrackPointExtension>
        </extensions>
      </trkpt>
      <trkpt lat="55.42544745840132236480712890625" lon="37.75680980645120143890380859375">
        <ele>166.399993896484375</ele>
        <time>2026-01-28T14:13:03.000Z</time>
        <extensions>
          <ns3:TrackPointExtension>
            <ns3:atemp>9.0</ns3:atemp>
            <ns3:hr>150</ns3:hr>
            <ns3:cad>80</ns3:cad>
          </ns3:TrackPointExtension>
        </extensions>
      </trkpt>
      <trkpt lat="55.4254425130784511566162109375" lon="37.7567631192505359649658203125">
        <ele>166.399993896484375</ele>
        <time>2026-01-28T14:13:04.000Z</time>
        <extensions>
          <ns3:TrackPointExtension>
            <ns3:atemp>9.0</ns3:atemp>
            <ns3:hr>149</ns3:hr>
            <ns3:cad>80</ns3:cad>
          </ns3:TrackPointExtension>
        </extensions>
      </trkpt>
      <trkpt lat="55.42542901821434497833251953125" lon="37.756734788417816162109375">
        <ele>166.399993896484375</ele>
        <time>2026-01-28T14:13:05.000Z</time>
        <extensions>
          <ns3:TrackPointExtension>
            <ns3:atemp>9.0</ns3:atemp>
            <ns3:hr>148</ns3:hr>
            <ns3:cad>80</ns3:cad>
          </ns3:TrackPointExtension>
        </extensions>
      </trkpt>
      <trkpt lat="55.4254193790256977081298828125" lon="37.75670084170997142791748046875">
        <ele>166.399993896484375</ele>
        <time>2026-01-28T14:13:06.000Z</time>
        <extensions>
          <ns3:TrackPointExtension>
            <ns3:atemp>9.0</ns3:atemp>
            <ns3:hr>148</ns3:hr>
            <ns3:cad>79</ns3:cad>
          </ns3:TrackPointExtension>
        </extensions>
      </trkpt>
      <trkpt lat="55.42541275732219219207763671875" lon="37.75665700435638427734375">
        <ele>166.399993896484375</ele>
        <time>2026-01-28T14:13:07.000Z</time>
        <extensions>
          <ns3:TrackPointExtension>
            <ns3:atemp>9.0</ns3:atemp>
            <ns3:hr>148</ns3:hr>
            <ns3:cad>79</ns3:cad>
          </ns3:TrackPointExtension>
        </extensions>
      </trkpt>
      <trkpt lat="55.42540219612419605255126953125" lon="37.7566283382475376129150390625">
        <ele>166.600006103515625</ele>
        <time>2026-01-28T14:13:08.000Z</time>
        <extensions>
          <ns3:TrackPointExtension>
            <ns3:atemp>9.0</ns3:atemp>
            <ns3:hr>147</ns3:hr>
            <ns3:cad>79</ns3:cad>
          </ns3:TrackPointExtension>
        </extensions>
      </trkpt>
      <trkpt lat="55.42539482004940509796142578125" lon="37.75659204460680484771728515625">
        <ele>166.600006103515625</ele>
        <time>2026-01-28T14:13:09.000Z</time>
        <extensions>
          <ns3:TrackPointExtension>
            <ns3:atemp>9.0</ns3:atemp>
            <ns3:hr>148</ns3:hr>
            <ns3:cad>78</ns3:cad>
          </ns3:TrackPointExtension>
        </extensions>
      </trkpt>
      <trkpt lat="55.42539037764072418212890625" lon="37.75654946453869342803955078125">
        <ele>166.600006103515625</ele>
        <time>2026-01-28T14:13:10.000Z</time>
        <extensions>
          <ns3:TrackPointExtension>
            <ns3:atemp>9.0</ns3:atemp>
            <ns3:hr>147</ns3:hr>
            <ns3:cad>78</ns3:cad>
          </ns3:TrackPointExtension>
        </extensions>
      </trkpt>
      <trkpt lat="55.42538509704172611236572265625" lon="37.75652197189629077911376953125">
        <ele>166.600006103515625</ele>
        <time>2026-01-28T14:13:11.000Z</time>
        <extensions>
          <ns3:TrackPointExtension>
            <ns3:atemp>9.0</ns3:atemp>
            <ns3:hr>147</ns3:hr>
            <ns3:cad>79</ns3:cad>
          </ns3:TrackPointExtension>
        </extensions>
      </trkpt>
      <trkpt lat="55.425378642976284027099609375" lon="37.756479643285274505615234375">
        <ele>166.600006103515625</ele>
        <time>2026-01-28T14:13:12.000Z</time>
        <extensions>
          <ns3:TrackPointExtension>
            <ns3:atemp>9.0</ns3:atemp>
            <ns3:hr>147</ns3:hr>
            <ns3:cad>79</ns3:cad>
          </ns3:TrackPointExtension>
        </extensions>
      </trkpt>
      <trkpt lat="55.42537805624306201934814453125" lon="37.75642356835305690765380859375">
        <ele>166.600006103515625</ele>
        <time>2026-01-28T14:13:13.000Z</time>
        <extensions>
          <ns3:TrackPointExtension>
            <ns3:atemp>9.0</ns3:atemp>
            <ns3:hr>147</ns3:hr>
            <ns3:cad>79</ns3:cad>
          </ns3:TrackPointExtension>
        </extensions>
      </trkpt>
      <trkpt lat="55.42537294328212738037109375" lon="37.75638819672167301177978515625">
        <ele>166.600006103515625</ele>
        <time>2026-01-28T14:13:14.000Z</time>
        <extensions>
          <ns3:TrackPointExtension>
            <ns3:atemp>9.0</ns3:atemp>
            <ns3:hr>147</ns3:hr>
            <ns3:cad>79</ns3:cad>
          </ns3:TrackPointExtension>
        </extensions>
      </trkpt>
      <trkpt lat="55.4253670759499073028564453125" lon="37.756345532834529876708984375">
        <ele>166.600006103515625</ele>
        <time>2026-01-28T14:13:15.000Z</time>
        <extensions>
          <ns3:TrackPointExtension>
            <ns3:atemp>9.0</ns3:atemp>
            <ns3:hr>147</ns3:hr>
            <ns3:cad>79</ns3:cad>
          </ns3:TrackPointExtension>
        </extensions>
      </trkpt>
      <trkpt lat="55.42535995133221149444580078125" lon="37.7562987618148326873779296875">
        <ele>166.600006103515625</ele>
        <time>2026-01-28T14:13:16.000Z</time>
        <extensions>
          <ns3:TrackPointExtension>
            <ns3:atemp>9.0</ns3:atemp>
            <ns3:hr>147</ns3:hr>
            <ns3:cad>79</ns3:cad>
          </ns3:TrackPointExtension>
        </extensions>
      </trkpt>
      <trkpt lat="55.4253496415913105010986328125" lon="37.75627604685723781585693359375">
        <ele>166.600006103515625</ele>
        <time>2026-01-28T14:13:17.000Z</time>
        <extensions>
          <ns3:TrackPointExtension>
            <ns3:atemp>9.0</ns3:atemp>
            <ns3:hr>147</ns3:hr>
            <ns3:cad>79</ns3:cad>
          </ns3:TrackPointExtension>
        </extensions>
      </trkpt>
      <trkpt lat="55.4253419302403926849365234375" lon="37.75624067522585391998291015625">
        <ele>166.600006103515625</ele>
        <time>2026-01-28T14:13:18.000Z</time>
        <extensions>
          <ns3:TrackPointExtension>
            <ns3:atemp>9.0</ns3:atemp>
            <ns3:hr>147</ns3:hr>
            <ns3:cad>79</ns3:cad>
          </ns3:TrackPointExtension>
        </extensions>
      </trkpt>
      <trkpt lat="55.42533715255558490753173828125" lon="37.75620027445256710052490234375">
        <ele>166.600006103515625</ele>
        <time>2026-01-28T14:13:19.000Z</time>
        <extensions>
          <ns3:TrackPointExtension>
            <ns3:atemp>9.0</ns3:atemp>
            <ns3:hr>146</ns3:hr>
            <ns3:cad>80</ns3:cad>
          </ns3:TrackPointExtension>
        </extensions>
      </trkpt>
      <trkpt lat="55.4253285191953182220458984375" lon="37.75617546401917934417724609375">
        <ele>166.8000030517578125</ele>
        <time>2026-01-28T14:13:20.000Z</time>
        <extensions>
          <ns3:TrackPointExtension>
            <ns3:atemp>9.0</ns3:atemp>
            <ns3:hr>147</ns3:hr>
            <ns3:cad>80</ns3:cad>
          </ns3:TrackPointExtension>
        </extensions>
      </trkpt>
      <trkpt lat="55.42531971819698810577392578125" lon="37.75613657198846340179443359375">
        <ele>166.8000030517578125</ele>
        <time>2026-01-28T14:13:21.000Z</time>
        <extensions>
          <ns3:TrackPointExtension>
            <ns3:atemp>9.0</ns3:atemp>
            <ns3:hr>146</ns3:hr>
            <ns3:cad>80</ns3:cad>
          </ns3:TrackPointExtension>
        </extensions>
      </trkpt>
      <trkpt lat="55.42531502433121204376220703125" lon="37.75609449483454227447509765625">
        <ele>166.8000030517578125</ele>
        <time>2026-01-28T14:13:22.000Z</time>
        <extensions>
          <ns3:TrackPointExtension>
            <ns3:atemp>9.0</ns3:atemp>
            <ns3:hr>146</ns3:hr>
            <ns3:cad>80</ns3:cad>
          </ns3:TrackPointExtension>
        </extensions>
      </trkpt>
      <trkpt lat="55.42530429549515247344970703125" lon="37.7560722827911376953125">
        <ele>166.8000030517578125</ele>
        <time>2026-01-28T14:13:23.000Z</time>
        <extensions>
          <ns3:TrackPointExtension>
            <ns3:atemp>9.0</ns3:atemp>
            <ns3:hr>146</ns3:hr>
            <ns3:cad>80</ns3:cad>
          </ns3:TrackPointExtension>
        </extensions>
      </trkpt>
      <trkpt lat="55.4252936504781246185302734375" lon="37.75604018010199069976806640625">
        <ele>166.8000030517578125</ele>
        <time>2026-01-28T14:13:24.000Z</time>
        <extensions>
          <ns3:TrackPointExtension>
            <ns3:atemp>9.0</ns3:atemp>
            <ns3:hr>147</ns3:hr>
            <ns3:cad>80</ns3:cad>
          </ns3:TrackPointExtension>
        </extensions>
      </trkpt>
      <trkpt lat="55.42528753168880939483642578125" lon="37.755996845662593841552734375">
        <ele>166.8000030517578125</ele>
        <time>2026-01-28T14:13:25.000Z</time>
        <extensions>
          <ns3:TrackPointExtension>
            <ns3:atemp>9.0</ns3:atemp>
            <ns3:hr>146</ns3:hr>
            <ns3:cad>80</ns3:cad>
          </ns3:TrackPointExtension>
        </extensions>
      </trkpt>
      <trkpt lat="55.42527914978563785552978515625" lon="37.7559638209640979766845703125">
        <ele>166.8000030517578125</ele>
        <time>2026-01-28T14:13:26.000Z</time>
        <extensions>
          <ns3:TrackPointExtension>
            <ns3:atemp>9.0</ns3:atemp>
            <ns3:hr>146</ns3:hr>
            <ns3:cad>80</ns3:cad>
          </ns3:TrackPointExtension>
        </extensions>
      </trkpt>
      <trkpt lat="55.4252703487873077392578125" lon="37.75592383928596973419189453125">
        <ele>166.8000030517578125</ele>
        <time>2026-01-28T14:13:27.000Z</time>
        <extensions>
          <ns3:TrackPointExtension>
            <ns3:atemp>9.0</ns3:atemp>
            <ns3:hr>147</ns3:hr>
            <ns3:cad>80</ns3:cad>
          </ns3:TrackPointExtension>
        </extensions>
      </trkpt>
      <trkpt lat="55.425260961055755615234375" lon="37.75587874464690685272216796875">
        <ele>166.8000030517578125</ele>
        <time>2026-01-28T14:13:28.000Z</time>
        <extensions>
          <ns3:TrackPointExtension>
            <ns3:atemp>9.0</ns3:atemp>
            <ns3:hr>147</ns3:hr>
            <ns3:cad>80</ns3:cad>
          </ns3:TrackPointExtension>
        </extensions>
      </trkpt>
      <trkpt lat="55.4252483882009983062744140625" lon="37.7558518387377262115478515625">
        <ele>166.8000030517578125</ele>
        <time>2026-01-28T14:13:29.000Z</time>
        <extensions>
          <ns3:TrackPointExtension>
            <ns3:atemp>9.0</ns3:atemp>
            <ns3:hr>147</ns3:hr>
            <ns3:cad>80</ns3:cad>
          </ns3:TrackPointExtension>
        </extensions>
      </trkpt>
      <trkpt lat="55.42523371987044811248779296875" lon="37.75581303052604198455810546875">
        <ele>166.8000030517578125</ele>
        <time>2026-01-28T14:13:30.000Z</time>
        <extensions>
          <ns3:TrackPointExtension>
            <ns3:atemp>9.0</ns3:atemp>
            <ns3:hr>146</ns3:hr>
            <ns3:cad>80</ns3:cad>
          </ns3:TrackPointExtension>
        </extensions>
      </trkpt>
      <trkpt lat="55.4252255894243717193603515625" lon="37.75577732361853122711181640625">
        <ele>166.8000030517578125</ele>
        <time>2026-01-28T14:13:31.000Z</time>
        <extensions>
          <ns3:TrackPointExtension>
            <ns3:atemp>9.0</ns3:atemp>
            <ns3:hr>146</ns3:hr>
            <ns3:cad>79</ns3:cad>
          </ns3:TrackPointExtension>
        </extensions>
      </trkpt>
      <trkpt lat="55.4252148605883121490478515625" lon="37.75575486011803150177001953125">
        <ele>166.8000030517578125</ele>
        <time>2026-01-28T14:13:32.000Z</time>
        <extensions>
          <ns3:TrackPointExtension>
            <ns3:atemp>9.0</ns3:atemp>
            <ns3:hr>146</ns3:hr>
            <ns3:cad>80</ns3:cad>
          </ns3:TrackPointExtension>
        </extensions>
      </trkpt>
      <trkpt lat="55.42520605958998203277587890625" lon="37.755722589790821075439453125">
        <ele>166.8000030517578125</ele>
        <time>2026-01-28T14:13:33.000Z</time>
        <extensions>
          <ns3:TrackPointExtension>
            <ns3:atemp>9.0</ns3:atemp>
            <ns3:hr>146</ns3:hr>
            <ns3:cad>80</ns3:cad>
          </ns3:TrackPointExtension>
        </extensions>
      </trkpt>
      <trkpt lat="55.42520237155258655548095703125" lon="37.7556788362562656402587890625">
        <ele>166.8000030517578125</ele>
        <time>2026-01-28T14:13:34.000Z</time>
        <extensions>
          <ns3:TrackPointExtension>
            <ns3:atemp>9.0</ns3:atemp>
            <ns3:hr>146</ns3:hr>
            <ns3:cad>80</ns3:cad>
          </ns3:TrackPointExtension>
        </extensions>
      </trkpt>
      <trkpt lat="55.42519717477262020111083984375" lon="37.75564757175743579864501953125">
        <ele>166.8000030517578125</ele>
        <time>2026-01-28T14:13:35.000Z</time>
        <extensions>
          <ns3:TrackPointExtension>
            <ns3:atemp>9.0</ns3:atemp>
            <ns3:hr>146</ns3:hr>
            <ns3:cad>80</ns3:cad>
          </ns3:TrackPointExtension>
        </extensions>
      </trkpt>
      <trkpt lat="55.425191223621368408203125" lon="37.7556241862475872039794921875">
        <ele>167</ele>
        <time>2026-01-28T14:13:36.000Z</time>
        <extensions>
          <ns3:TrackPointExtension>
            <ns3:atemp>9.0</ns3:atemp>
            <ns3:hr>145</ns3:hr>
            <ns3:cad>80</ns3:cad>
          </ns3:TrackPointExtension>
        </extensions>
      </trkpt>
      <trkpt lat="55.4251863621175289154052734375" lon="37.75559677742421627044677734375">
        <ele>167</ele>
        <time>2026-01-28T14:13:37.000Z</time>
        <extensions>
          <ns3:TrackPointExtension>
            <ns3:atemp>9.0</ns3:atemp>
            <ns3:hr>145</ns3:hr>
            <ns3:cad>81</ns3:cad>
          </ns3:TrackPointExtension>
        </extensions>
      </trkpt>
      <trkpt lat="55.4251856915652751922607421875" lon="37.755571044981479644775390625">
        <ele>166.8000030517578125</ele>
        <time>2026-01-28T14:13:38.000Z</time>
        <extensions>
          <ns3:TrackPointExtension>
            <ns3:atemp>9.0</ns3:atemp>
            <ns3:hr>145</ns3:hr>
            <ns3:cad>81</ns3:cad>
          </ns3:TrackPointExtension>
        </extensions>
      </trkpt>
      <trkpt lat="55.4251866973936557769775390625" lon="37.75553894229233264923095703125">
        <ele>166.8000030517578125</ele>
        <time>2026-01-28T14:13:39.000Z</time>
        <extensions>
          <ns3:TrackPointExtension>
            <ns3:atemp>9.0</ns3:atemp>
            <ns3:hr>144</ns3:hr>
            <ns3:cad>81</ns3:cad>
          </ns3:TrackPointExtension>
        </extensions>
      </trkpt>
      <trkpt lat="55.42518845759332180023193359375" lon="37.7555098570883274078369140625">
        <ele>166.8000030517578125</ele>
        <time>2026-01-28T14:13:40.000Z</time>
        <extensions>
          <ns3:TrackPointExtension>
            <ns3:atemp>9.0</ns3:atemp>
            <ns3:hr>144</ns3:hr>
            <ns3:cad>81</ns3:cad>
          </ns3:TrackPointExtension>
        </extensions>
      </trkpt>
      <trkpt lat="55.42519415728747844696044921875" lon="37.7554806880652904510498046875">
        <ele>166.8000030517578125</ele>
        <time>2026-01-28T14:13:41.000Z</time>
        <extensions>
          <ns3:TrackPointExtension>
            <ns3:atemp>9.0</ns3:atemp>
            <ns3:hr>144</ns3:hr>
            <ns3:cad>81</ns3:cad>
          </ns3:TrackPointExtension>
        </extensions>
      </trkpt>
      <trkpt lat="55.42520119808614253997802734375" lon="37.7554528601467609405517578125">
        <ele>166.8000030517578125</ele>
        <time>2026-01-28T14:13:42.000Z</time>
        <extensions>
          <ns3:TrackPointExtension>
            <ns3:atemp>9.0</ns3:atemp>
            <ns3:hr>144</ns3:hr>
            <ns3:cad>61</ns3:cad>
          </ns3:TrackPointExtension>
        </extensions>
      </trkpt>
      <trkpt lat="55.42521125636994838714599609375" lon="37.75542880408465862274169921875">
        <ele>166.8000030517578125</ele>
        <time>2026-01-28T14:13:43.000Z</time>
        <extensions>
          <ns3:TrackPointExtension>
            <ns3:atemp>9.0</ns3:atemp>
            <ns3:hr>144</ns3:hr>
            <ns3:cad>61</ns3:cad>
          </ns3:TrackPointExtension>
        </extensions>
      </trkpt>
      <trkpt lat="55.42522215284407138824462890625" lon="37.7554099448025226593017578125">
        <ele>166.8000030517578125</ele>
        <time>2026-01-28T14:13:44.000Z</time>
        <extensions>
          <ns3:TrackPointExtension>
            <ns3:atemp>9.0</ns3:atemp>
            <ns3:hr>144</ns3:hr>
            <ns3:cad>61</ns3:cad>
          </ns3:TrackPointExtension>
        </extensions>
      </trkpt>
      <trkpt lat="55.4252319596707820892333984375" lon="37.7553874813020229339599609375">
        <ele>166.600006103515625</ele>
        <time>2026-01-28T14:13:45.000Z</time>
        <extensions>
          <ns3:TrackPointExtension>
            <ns3:atemp>9.0</ns3:atemp>
            <ns3:hr>144</ns3:hr>
            <ns3:cad>62</ns3:cad>
          </ns3:TrackPointExtension>
        </extensions>
      </trkpt>
      <trkpt lat="55.42524017393589019775390625" lon="37.7553680352866649627685546875">
        <ele>166.600006103515625</ele>
        <time>2026-01-28T14:13:46.000Z</time>
        <extensions>
          <ns3:TrackPointExtension>
            <ns3:atemp>9.0</ns3:atemp>
            <ns3:hr>143</ns3:hr>
            <ns3:cad>63</ns3:cad>
          </ns3:TrackPointExtension>
        </extensions>
      </trkpt>
      <trkpt lat="55.425250567495822906494140625" lon="37.75535420514643192291259765625">
        <ele>166.600006103515625</ele>
        <time>2026-01-28T14:13:47.000Z</time>
        <extensions>
          <ns3:TrackPointExtension>
            <ns3:atemp>9.0</ns3:atemp>
            <ns3:hr>143</ns3:hr>
            <ns3:cad>63</ns3:cad>
          </ns3:TrackPointExtension>
        </extensions>
      </trkpt>
      <trkpt lat="55.425266660749912261962890625" lon="37.7553427219390869140625">
        <ele>166.600006103515625</ele>
        <time>2026-01-28T14:13:48.000Z</time>
        <extensions>
          <ns3:TrackPointExtension>
            <ns3:atemp>9.0</ns3:atemp>
            <ns3:hr>142</ns3:hr>
            <ns3:cad>63</ns3:cad>
          </ns3:TrackPointExtension>
        </extensions>
      </trkpt>
      <trkpt lat="55.42528702877461910247802734375" lon="37.7553301490843296051025390625">
        <ele>166.600006103515625</ele>
        <time>2026-01-28T14:13:49.000Z</time>
        <extensions>
          <ns3:TrackPointExtension>
            <ns3:atemp>9.0</ns3:atemp>
            <ns3:hr>142</ns3:hr>
            <ns3:cad>62</ns3:cad>
          </ns3:TrackPointExtension>
        </extensions>
      </trkpt>
      <trkpt lat="55.42530898936092853546142578125" lon="37.75531900115311145782470703125">
        <ele>166.600006103515625</ele>
        <time>2026-01-28T14:13:50.000Z</time>
        <extensions>
          <ns3:TrackPointExtension>
            <ns3:atemp>9.0</ns3:atemp>
            <ns3:hr>141</ns3:hr>
            <ns3:cad>62</ns3:cad>
          </ns3:TrackPointExtension>
        </extensions>
      </trkpt>
      <trkpt lat="55.4253305308520793914794921875" lon="37.75530852377414703369140625">
        <ele>166.600006103515625</ele>
        <time>2026-01-28T14:13:51.000Z</time>
        <extensions>
          <ns3:TrackPointExtension>
            <ns3:atemp>9.0</ns3:atemp>
            <ns3:hr>141</ns3:hr>
            <ns3:cad>63</ns3:cad>
          </ns3:TrackPointExtension>
        </extensions>
      </trkpt>
      <trkpt lat="55.42534972541034221649169921875" lon="37.75529838167130947113037109375">
        <ele>166.600006103515625</ele>
        <time>2026-01-28T14:13:52.000Z</time>
        <extensions>
          <ns3:TrackPointExtension>
            <ns3:atemp>9.0</ns3:atemp>
            <ns3:hr>141</ns3:hr>
            <ns3:cad>63</ns3:cad>
          </ns3:TrackPointExtension>
        </extensions>
      </trkpt>
      <trkpt lat="55.4253694228827953338623046875" lon="37.75528840720653533935546875">
        <ele>166.600006103515625</ele>
        <time>2026-01-28T14:13:53.000Z</time>
        <extensions>
          <ns3:TrackPointExtension>
            <ns3:atemp>9.0</ns3:atemp>
            <ns3:hr>140</ns3:hr>
            <ns3:cad>63</ns3:cad>
          </ns3:TrackPointExtension>
        </extensions>
      </trkpt>
      <trkpt lat="55.4253885336220264434814453125" lon="37.75527994148433208465576171875">
        <ele>166.600006103515625</ele>
        <time>2026-01-28T14:13:54.000Z</time>
        <extensions>
          <ns3:TrackPointExtension>
            <ns3:atemp>9.0</ns3:atemp>
            <ns3:hr>140</ns3:hr>
            <ns3:cad>65</ns3:cad>
          </ns3:TrackPointExtension>
        </extensions>
      </trkpt>
      <trkpt lat="55.42540504597127437591552734375" lon="37.75527273304760456085205078125">
        <ele>166.600006103515625</ele>
        <time>2026-01-28T14:13:55.000Z</time>
        <extensions>
          <ns3:TrackPointExtension>
            <ns3:atemp>9.0</ns3:atemp>
            <ns3:hr>140</ns3:hr>
            <ns3:cad>66</ns3:cad>
          </ns3:TrackPointExtension>
        </extensions>
      </trkpt>
      <trkpt lat="55.425420887768268585205078125" lon="37.75526485405862331390380859375">
        <ele>166.600006103515625</ele>
        <time>2026-01-28T14:13:56.000Z</time>
        <extensions>
          <ns3:TrackPointExtension>
            <ns3:atemp>9.0</ns3:atemp>
            <ns3:hr>140</ns3:hr>
            <ns3:cad>66</ns3:cad>
          </ns3:TrackPointExtension>
        </extensions>
      </trkpt>
      <trkpt lat="55.42543538846075534820556640625" lon="37.7552543766796588897705078125">
        <ele>166.399993896484375</ele>
        <time>2026-01-28T14:13:57.000Z</time>
        <extensions>
          <ns3:TrackPointExtension>
            <ns3:atemp>9.0</ns3:atemp>
            <ns3:hr>139</ns3:hr>
            <ns3:cad>66</ns3:cad>
          </ns3:TrackPointExtension>
        </extensions>
      </trkpt>
      <trkpt lat="55.42544947005808353424072265625" lon="37.7552449889481067657470703125">
        <ele>166.399993896484375</ele>
        <time>2026-01-28T14:13:58.000Z</time>
        <extensions>
          <ns3:TrackPointExtension>
            <ns3:atemp>9.0</ns3:atemp>
            <ns3:hr>139</ns3:hr>
            <ns3:cad>64</ns3:cad>
          </ns3:TrackPointExtension>
        </extensions>
      </trkpt>
      <trkpt lat="55.4254643060266971588134765625" lon="37.7552359364926815032958984375">
        <ele>166.399993896484375</ele>
        <time>2026-01-28T14:13:59.000Z</time>
        <extensions>
          <ns3:TrackPointExtension>
            <ns3:atemp>9.0</ns3:atemp>
            <ns3:hr>139</ns3:hr>
            <ns3:cad>63</ns3:cad>
          </ns3:TrackPointExtension>
        </extensions>
      </trkpt>
      <trkpt lat="55.42548065073788166046142578125" lon="37.75523132644593715667724609375">
        <ele>166.399993896484375</ele>
        <time>2026-01-28T14:14:00.000Z</time>
        <extensions>
          <ns3:TrackPointExtension>
            <ns3:atemp>9.0</ns3:atemp>
            <ns3:hr>139</ns3:hr>
            <ns3:cad>63</ns3:cad>
          </ns3:TrackPointExtension>
        </extensions>
      </trkpt>
      <trkpt lat="55.4254958219826221466064453125" lon="37.75522671639919281005859375">
        <ele>166.600006103515625</ele>
        <time>2026-01-28T14:14:01.000Z</time>
        <extensions>
          <ns3:TrackPointExtension>
            <ns3:atemp>9.0</ns3:atemp>
            <ns3:hr>139</ns3:hr>
            <ns3:cad>63</ns3:cad>
          </ns3:TrackPointExtension>
        </extensions>
      </trkpt>
      <trkpt lat="55.42551199905574321746826171875" lon="37.75522059760987758636474609375">
        <ele>166.600006103515625</ele>
        <time>2026-01-28T14:14:02.000Z</time>
        <extensions>
          <ns3:TrackPointExtension>
            <ns3:atemp>9.0</ns3:atemp>
            <ns3:hr>139</ns3:hr>
            <ns3:cad>64</ns3:cad>
          </ns3:TrackPointExtension>
        </extensions>
      </trkpt>
      <trkpt lat="55.42552649974822998046875" lon="37.755214311182498931884765625">
        <ele>166.600006103515625</ele>
        <time>2026-01-28T14:14:03.000Z</time>
        <extensions>
          <ns3:TrackPointExtension>
            <ns3:atemp>9.0</ns3:atemp>
            <ns3:hr>139</ns3:hr>
            <ns3:cad>64</ns3:cad>
          </ns3:TrackPointExtension>
        </extensions>
      </trkpt>
      <trkpt lat="55.42553999461233615875244140625" lon="37.75520651601254940032958984375">
        <ele>166.8000030517578125</ele>
        <time>2026-01-28T14:14:04.000Z</time>
        <extensions>
          <ns3:TrackPointExtension>
            <ns3:atemp>9.0</ns3:atemp>
            <ns3:hr>138</ns3:hr>
            <ns3:cad>64</ns3:cad>
          </ns3:TrackPointExtension>
        </extensions>
      </trkpt>
      <trkpt lat="55.42555533349514007568359375" lon="37.755202241241931915283203125">
        <ele>166.8000030517578125</ele>
        <time>2026-01-28T14:14:05.000Z</time>
        <extensions>
          <ns3:TrackPointExtension>
            <ns3:atemp>9.0</ns3:atemp>
            <ns3:hr>138</ns3:hr>
            <ns3:cad>64</ns3:cad>
          </ns3:TrackPointExtension>
        </extensions>
      </trkpt>
      <trkpt lat="55.425567738711833953857421875" lon="37.75519461371004581451416015625">
        <ele>166.600006103515625</ele>
        <time>2026-01-28T14:14:06.000Z</time>
        <extensions>
          <ns3:TrackPointExtension>
            <ns3:atemp>9.0</ns3:atemp>
            <ns3:hr>138</ns3:hr>
            <ns3:cad>64</ns3:cad>
          </ns3:TrackPointExtension>
        </extensions>
      </trkpt>
      <trkpt lat="55.42558056302368640899658203125" lon="37.75518841110169887542724609375">
        <ele>166.600006103515625</ele>
        <time>2026-01-28T14:14:07.000Z</time>
        <extensions>
          <ns3:TrackPointExtension>
            <ns3:atemp>9.0</ns3:atemp>
            <ns3:hr>138</ns3:hr>
            <ns3:cad>60</ns3:cad>
          </ns3:TrackPointExtension>
        </extensions>
      </trkpt>
      <trkpt lat="55.42559380643069744110107421875" lon="37.75518245995044708251953125">
        <ele>166.399993896484375</ele>
        <time>2026-01-28T14:14:08.000Z</time>
        <extensions>
          <ns3:TrackPointExtension>
            <ns3:atemp>9.0</ns3:atemp>
            <ns3:hr>138</ns3:hr>
            <ns3:cad>60</ns3:cad>
          </ns3:TrackPointExtension>
        </extensions>
      </trkpt>
      <trkpt lat="55.42560755275189876556396484375" lon="37.7551779337227344512939453125">
        <ele>166.399993896484375</ele>
        <time>2026-01-28T14:14:09.000Z</time>
        <extensions>
          <ns3:TrackPointExtension>
            <ns3:atemp>9.0</ns3:atemp>
            <ns3:hr>137</ns3:hr>
            <ns3:cad>60</ns3:cad>
          </ns3:TrackPointExtension>
        </extensions>
      </trkpt>
      <trkpt lat="55.42562146671116352081298828125" lon="37.7551735751330852508544921875">
        <ele>166.1999969482421875</ele>
        <time>2026-01-28T14:14:10.000Z</time>
        <extensions>
          <ns3:TrackPointExtension>
            <ns3:atemp>9.0</ns3:atemp>
            <ns3:hr>137</ns3:hr>
            <ns3:cad>60</ns3:cad>
          </ns3:TrackPointExtension>
        </extensions>
      </trkpt>
      <trkpt lat="55.4256356321275234222412109375" lon="37.75516946800053119659423828125">
        <ele>166.1999969482421875</ele>
        <time>2026-01-28T14:14:11.000Z</time>
        <extensions>
          <ns3:TrackPointExtension>
            <ns3:atemp>9.0</ns3:atemp>
            <ns3:hr>137</ns3:hr>
            <ns3:cad>59</ns3:cad>
          </ns3:TrackPointExtension>
        </extensions>
      </trkpt>
      <trkpt lat="55.42564895935356616973876953125" lon="37.75516695342957973480224609375">
        <ele>166.1999969482421875</ele>
        <time>2026-01-28T14:14:12.000Z</time>
        <extensions>
          <ns3:TrackPointExtension>
            <ns3:atemp>9.0</ns3:atemp>
            <ns3:hr>137</ns3:hr>
            <ns3:cad>58</ns3:cad>
          </ns3:TrackPointExtension>
        </extensions>
      </trkpt>
      <trkpt lat="55.42566354386508464813232421875" lon="37.75516360066831111907958984375">
        <ele>166</ele>
        <time>2026-01-28T14:14:13.000Z</time>
        <extensions>
          <ns3:TrackPointExtension>
            <ns3:atemp>9.0</ns3:atemp>
            <ns3:hr>136</ns3:hr>
            <ns3:cad>58</ns3:cad>
          </ns3:TrackPointExtension>
        </extensions>
      </trkpt>
      <trkpt lat="55.42567745782434940338134765625" lon="37.75516041554510593414306640625">
        <ele>166</ele>
        <time>2026-01-28T14:14:14.000Z</time>
        <extensions>
          <ns3:TrackPointExtension>
            <ns3:atemp>9.0</ns3:atemp>
            <ns3:hr>135</ns3:hr>
            <ns3:cad>58</ns3:cad>
          </ns3:TrackPointExtension>
        </extensions>
      </trkpt>
      <trkpt lat="55.42569137178361415863037109375" lon="37.755158655345439910888671875">
        <ele>166</ele>
        <time>2026-01-28T14:14:15.000Z</time>
        <extensions>
          <ns3:TrackPointExtension>
            <ns3:atemp>9.0</ns3:atemp>
            <ns3:hr>135</ns3:hr>
            <ns3:cad>58</ns3:cad>
          </ns3:TrackPointExtension>
        </extensions>
      </trkpt>
      <trkpt lat="55.425704531371593475341796875" lon="37.7551563084125518798828125">
        <ele>165.8000030517578125</ele>
        <time>2026-01-28T14:14:16.000Z</time>
        <extensions>
          <ns3:TrackPointExtension>
            <ns3:atemp>9.0</ns3:atemp>
            <ns3:hr>134</ns3:hr>
            <ns3:cad>59</ns3:cad>
          </ns3:TrackPointExtension>
        </extensions>
      </trkpt>
      <trkpt lat="55.42571702040731906890869140625" lon="37.75515429675579071044921875">
        <ele>165.8000030517578125</ele>
        <time>2026-01-28T14:14:17.000Z</time>
        <extensions>
          <ns3:TrackPointExtension>
            <ns3:atemp>9.0</ns3:atemp>
            <ns3:hr>133</ns3:hr>
            <ns3:cad>59</ns3:cad>
          </ns3:TrackPointExtension>
        </extensions>
      </trkpt>
      <trkpt lat="55.42572833597660064697265625" lon="37.755149938166141510009765625">
        <ele>165.8000030517578125</ele>
        <time>2026-01-28T14:14:18.000Z</time>
        <extensions>
          <ns3:TrackPointExtension>
            <ns3:atemp>9.0</ns3:atemp>
            <ns3:hr>132</ns3:hr>
            <ns3:cad>58</ns3:cad>
          </ns3:TrackPointExtension>
        </extensions>
      </trkpt>
      <trkpt lat="55.4257388971745967864990234375" lon="37.75514398701488971710205078125">
        <ele>165.8000030517578125</ele>
        <time>2026-01-28T14:14:19.000Z</time>
        <extensions>
          <ns3:TrackPointExtension>
            <ns3:atemp>9.0</ns3:atemp>
            <ns3:hr>132</ns3:hr>
            <ns3:cad>58</ns3:cad>
          </ns3:TrackPointExtension>
        </extensions>
      </trkpt>
      <trkpt lat="55.425749123096466064453125" lon="37.75514029897749423980712890625">
        <ele>165.600006103515625</ele>
        <time>2026-01-28T14:14:20.000Z</time>
        <extensions>
          <ns3:TrackPointExtension>
            <ns3:atemp>9.0</ns3:atemp>
            <ns3:hr>131</ns3:hr>
            <ns3:cad>58</ns3:cad>
          </ns3:TrackPointExtension>
        </extensions>
      </trkpt>
      <trkpt lat="55.42576052248477935791015625" lon="37.755136191844940185546875">
        <ele>165.600006103515625</ele>
        <time>2026-01-28T14:14:21.000Z</time>
        <extensions>
          <ns3:TrackPointExtension>
            <ns3:atemp>9.0</ns3:atemp>
            <ns3:hr>131</ns3:hr>
            <ns3:cad>57</ns3:cad>
          </ns3:TrackPointExtension>
        </extensions>
      </trkpt>
      <trkpt lat="55.42577334679663181304931640625" lon="37.7551309950649738311767578125">
        <ele>165.600006103515625</ele>
        <time>2026-01-28T14:14:22.000Z</time>
        <extensions>
          <ns3:TrackPointExtension>
            <ns3:atemp>9.0</ns3:atemp>
            <ns3:hr>130</ns3:hr>
            <ns3:cad>57</ns3:cad>
          </ns3:TrackPointExtension>
        </extensions>
      </trkpt>
      <trkpt lat="55.425788350403308868408203125" lon="37.755123116075992584228515625">
        <ele>165.600006103515625</ele>
        <time>2026-01-28T14:14:23.000Z</time>
        <extensions>
          <ns3:TrackPointExtension>
            <ns3:atemp>9.0</ns3:atemp>
            <ns3:hr>130</ns3:hr>
            <ns3:cad>56</ns3:cad>
          </ns3:TrackPointExtension>
        </extensions>
      </trkpt>
      <trkpt lat="55.42580754496157169342041015625" lon="37.75511532090604305267333984375">
        <ele>165.399993896484375</ele>
        <time>2026-01-28T14:14:24.000Z</time>
        <extensions>
          <ns3:TrackPointExtension>
            <ns3:atemp>9.0</ns3:atemp>
            <ns3:hr>130</ns3:hr>
            <ns3:cad>55</ns3:cad>
          </ns3:TrackPointExtension>
        </extensions>
      </trkpt>
      <trkpt lat="55.42582531459629535675048828125" lon="37.75510467588901519775390625">
        <ele>165.399993896484375</ele>
        <time>2026-01-28T14:14:25.000Z</time>
        <extensions>
          <ns3:TrackPointExtension>
            <ns3:atemp>9.0</ns3:atemp>
            <ns3:hr>129</ns3:hr>
            <ns3:cad>54</ns3:cad>
          </ns3:TrackPointExtension>
        </extensions>
      </trkpt>
      <trkpt lat="55.4258468560874462127685546875" lon="37.755097635090351104736328125">
        <ele>165.1999969482421875</ele>
        <time>2026-01-28T14:14:26.000Z</time>
        <extensions>
          <ns3:TrackPointExtension>
            <ns3:atemp>9.0</ns3:atemp>
            <ns3:hr>129</ns3:hr>
            <ns3:cad>54</ns3:cad>
          </ns3:TrackPointExtension>
        </extensions>
      </trkpt>
      <trkpt lat="55.42586638592183589935302734375" lon="37.7550919353961944580078125">
        <ele>165.1999969482421875</ele>
        <time>2026-01-28T14:14:27.000Z</time>
        <extensions>
          <ns3:TrackPointExtension>
            <ns3:atemp>9.0</ns3:atemp>
            <ns3:hr>129</ns3:hr>
            <ns3:cad>54</ns3:cad>
          </ns3:TrackPointExtension>
        </extensions>
      </trkpt>
      <trkpt lat="55.4258867539465427398681640625" lon="37.75508187711238861083984375">
        <ele>165</ele>
        <time>2026-01-28T14:14:28.000Z</time>
        <extensions>
          <ns3:TrackPointExtension>
            <ns3:atemp>9.0</ns3:atemp>
            <ns3:hr>129</ns3:hr>
            <ns3:cad>79</ns3:cad>
          </ns3:TrackPointExtension>
        </extensions>
      </trkpt>
      <trkpt lat="55.4259098879992961883544921875" lon="37.75507374666631221771240234375">
        <ele>165</ele>
        <time>2026-01-28T14:14:29.000Z</time>
        <extensions>
          <ns3:TrackPointExtension>
            <ns3:atemp>9.0</ns3:atemp>
            <ns3:hr>130</ns3:hr>
            <ns3:cad>79</ns3:cad>
          </ns3:TrackPointExtension>
        </extensions>
      </trkpt>
      <trkpt lat="55.4259350337088108062744140625" lon="37.7550689689815044403076171875">
        <ele>165</ele>
        <time>2026-01-28T14:14:30.000Z</time>
        <extensions>
          <ns3:TrackPointExtension>
            <ns3:atemp>9.0</ns3:atemp>
            <ns3:hr>129</ns3:hr>
            <ns3:cad>79</ns3:cad>
          </ns3:TrackPointExtension>
        </extensions>
      </trkpt>
      <trkpt lat="55.42595121078193187713623046875" lon="37.75505798868834972381591796875">
        <ele>165</ele>
        <time>2026-01-28T14:14:31.000Z</time>
        <extensions>
          <ns3:TrackPointExtension>
            <ns3:atemp>9.0</ns3:atemp>
            <ns3:hr>130</ns3:hr>
            <ns3:cad>79</ns3:cad>
          </ns3:TrackPointExtension>
        </extensions>
      </trkpt>
      <trkpt lat="55.42596411891281604766845703125" lon="37.7550488524138927459716796875">
        <ele>165</ele>
        <time>2026-01-28T14:14:32.000Z</time>
        <extensions>
          <ns3:TrackPointExtension>
            <ns3:atemp>9.0</ns3:atemp>
            <ns3:hr>130</ns3:hr>
            <ns3:cad>79</ns3:cad>
          </ns3:TrackPointExtension>
        </extensions>
      </trkpt>
      <trkpt lat="55.425976105034351348876953125" lon="37.75504139252007007598876953125">
        <ele>165</ele>
        <time>2026-01-28T14:14:33.000Z</time>
        <extensions>
          <ns3:TrackPointExtension>
            <ns3:atemp>9.0</ns3:atemp>
            <ns3:hr>130</ns3:hr>
            <ns3:cad>80</ns3:cad>
          </ns3:TrackPointExtension>
        </extensions>
      </trkpt>
      <trkpt lat="55.42598658241331577301025390625" lon="37.7550381235778331756591796875">
        <ele>165</ele>
        <time>2026-01-28T14:14:34.000Z</time>
        <extensions>
          <ns3:TrackPointExtension>
            <ns3:atemp>9.0</ns3:atemp>
            <ns3:hr>130</ns3:hr>
            <ns3:cad>80</ns3:cad>
          </ns3:TrackPointExtension>
        </extensions>
      </trkpt>
      <trkpt lat="55.42599664069712162017822265625" lon="37.75503359735012054443359375">
        <ele>165</ele>
        <time>2026-01-28T14:14:35.000Z</time>
        <extensions>
          <ns3:TrackPointExtension>
            <ns3:atemp>9.0</ns3:atemp>
            <ns3:hr>130</ns3:hr>
            <ns3:cad>80</ns3:cad>
          </ns3:TrackPointExtension>
        </extensions>
      </trkpt>
      <trkpt lat="55.42600669898092746734619140625" lon="37.75502747856080532073974609375">
        <ele>165</ele>
        <time>2026-01-28T14:14:36.000Z</time>
        <extensions>
          <ns3:TrackPointExtension>
            <ns3:atemp>9.0</ns3:atemp>
            <ns3:hr>129</ns3:hr>
            <ns3:cad>80</ns3:cad>
          </ns3:TrackPointExtension>
        </extensions>
      </trkpt>
      <trkpt lat="55.4260185174643993377685546875" lon="37.75502127595245838165283203125">
        <ele>165</ele>
        <time>2026-01-28T14:14:37.000Z</time>
        <extensions>
          <ns3:TrackPointExtension>
            <ns3:atemp>9.0</ns3:atemp>
            <ns3:hr>129</ns3:hr>
            <ns3:cad>80</ns3:cad>
          </ns3:TrackPointExtension>
        </extensions>
      </trkpt>
      <trkpt lat="55.42602933011949062347412109375" lon="37.75501742027699947357177734375">
        <ele>165</ele>
        <time>2026-01-28T14:14:38.000Z</time>
        <extensions>
          <ns3:TrackPointExtension>
            <ns3:atemp>9.0</ns3:atemp>
            <ns3:hr>129</ns3:hr>
            <ns3:cad>55</ns3:cad>
          </ns3:TrackPointExtension>
        </extensions>
      </trkpt>
      <trkpt lat="55.42603938840329647064208984375" lon="37.7550116367638111114501953125">
        <ele>165</ele>
        <time>2026-01-28T14:14:39.000Z</time>
        <extensions>
          <ns3:TrackPointExtension>
            <ns3:atemp>9.0</ns3:atemp>
            <ns3:hr>129</ns3:hr>
            <ns3:cad>55</ns3:cad>
          </ns3:TrackPointExtension>
        </extensions>
      </trkpt>
      <trkpt lat="55.42604844085872173309326171875" lon="37.75500786490738391876220703125">
        <ele>164.8000030517578125</ele>
        <time>2026-01-28T14:14:40.000Z</time>
        <extensions>
          <ns3:TrackPointExtension>
            <ns3:atemp>9.0</ns3:atemp>
            <ns3:hr>129</ns3:hr>
            <ns3:cad>55</ns3:cad>
          </ns3:TrackPointExtension>
        </extensions>
      </trkpt>
      <trkpt lat="55.4260587505996227264404296875" lon="37.7550052665174007415771484375">
        <ele>164.8000030517578125</ele>
        <time>2026-01-28T14:14:41.000Z</time>
        <extensions>
          <ns3:TrackPointExtension>
            <ns3:atemp>9.0</ns3:atemp>
            <ns3:hr>128</ns3:hr>
            <ns3:cad>53</ns3:cad>
          </ns3:TrackPointExtension>
        </extensions>
      </trkpt>
      <trkpt lat="55.42607056908309459686279296875" lon="37.75500434450805187225341796875">
        <ele>164.8000030517578125</ele>
        <time>2026-01-28T14:14:42.000Z</time>
        <extensions>
          <ns3:TrackPointExtension>
            <ns3:atemp>9.0</ns3:atemp>
            <ns3:hr>128</ns3:hr>
            <ns3:cad>53</ns3:cad>
          </ns3:TrackPointExtension>
        </extensions>
      </trkpt>
      <trkpt lat="55.4260830581188201904296875" lon="37.75499847717583179473876953125">
        <ele>164.8000030517578125</ele>
        <time>2026-01-28T14:14:43.000Z</time>
        <extensions>
          <ns3:TrackPointExtension>
            <ns3:atemp>9.0</ns3:atemp>
            <ns3:hr>128</ns3:hr>
            <ns3:cad>53</ns3:cad>
          </ns3:TrackPointExtension>
        </extensions>
      </trkpt>
      <trkpt lat="55.426098816096782684326171875" lon="37.75499210692942142486572265625">
        <ele>164.8000030517578125</ele>
        <time>2026-01-28T14:14:44.000Z</time>
        <extensions>
          <ns3:TrackPointExtension>
            <ns3:atemp>9.0</ns3:atemp>
            <ns3:hr>127</ns3:hr>
            <ns3:cad>51</ns3:cad>
          </ns3:TrackPointExtension>
        </extensions>
      </trkpt>
      <trkpt lat="55.42611415497958660125732421875" lon="37.75497618131339550018310546875">
        <ele>164.600006103515625</ele>
        <time>2026-01-28T14:14:45.000Z</time>
        <extensions>
          <ns3:TrackPointExtension>
            <ns3:atemp>9.0</ns3:atemp>
            <ns3:hr>127</ns3:hr>
            <ns3:cad>51</ns3:cad>
          </ns3:TrackPointExtension>
        </extensions>
      </trkpt>
      <trkpt lat="55.42613678611814975738525390625" lon="37.754964195191860198974609375">
        <ele>164.600006103515625</ele>
        <time>2026-01-28T14:14:46.000Z</time>
        <extensions>
          <ns3:TrackPointExtension>
            <ns3:atemp>9.0</ns3:atemp>
            <ns3:hr>126</ns3:hr>
            <ns3:cad>50</ns3:cad>
          </ns3:TrackPointExtension>
        </extensions>
      </trkpt>
      <trkpt lat="55.42615908198058605194091796875" lon="37.75495757348835468292236328125">
        <ele>164.399993896484375</ele>
        <time>2026-01-28T14:14:47.000Z</time>
        <extensions>
          <ns3:TrackPointExtension>
            <ns3:atemp>9.0</ns3:atemp>
            <ns3:hr>126</ns3:hr>
            <ns3:cad>50</ns3:cad>
          </ns3:TrackPointExtension>
        </extensions>
      </trkpt>
      <trkpt lat="55.4261791147291660308837890625" lon="37.75494885630905628204345703125">
        <ele>164.399993896484375</ele>
        <time>2026-01-28T14:14:48.000Z</time>
        <extensions>
          <ns3:TrackPointExtension>
            <ns3:atemp>9.0</ns3:atemp>
            <ns3:hr>126</ns3:hr>
            <ns3:cad>50</ns3:cad>
          </ns3:TrackPointExtension>
        </extensions>
      </trkpt>
      <trkpt lat="55.426199734210968017578125" lon="37.75493896566331386566162109375">
        <ele>164.1999969482421875</ele>
        <time>2026-01-28T14:14:49.000Z</time>
        <extensions>
          <ns3:TrackPointExtension>
            <ns3:atemp>9.0</ns3:atemp>
            <ns3:hr>126</ns3:hr>
            <ns3:cad>75</ns3:cad>
          </ns3:TrackPointExtension>
        </extensions>
      </trkpt>
      <trkpt lat="55.4262314178049564361572265625" lon="37.7549506165087223052978515625">
        <ele>164.1999969482421875</ele>
        <time>2026-01-28T14:14:50.000Z</time>
        <extensions>
          <ns3:TrackPointExtension>
            <ns3:atemp>9.0</ns3:atemp>
            <ns3:hr>125</ns3:hr>
            <ns3:cad>75</ns3:cad>
          </ns3:TrackPointExtension>
        </extensions>
      </trkpt>
      <trkpt lat="55.42624876834452152252197265625" lon="37.7549336850643157958984375">
        <ele>164.1999969482421875</ele>
        <time>2026-01-28T14:14:51.000Z</time>
        <extensions>
          <ns3:TrackPointExtension>
            <ns3:atemp>9.0</ns3:atemp>
            <ns3:hr>125</ns3:hr>
            <ns3:cad>79</ns3:cad>
          </ns3:TrackPointExtension>
        </extensions>
      </trkpt>
      <trkpt lat="55.42626678943634033203125" lon="37.75491884909570217132568359375">
        <ele>164.1999969482421875</ele>
        <time>2026-01-28T14:14:52.000Z</time>
        <extensions>
          <ns3:TrackPointExtension>
            <ns3:atemp>9.0</ns3:atemp>
            <ns3:hr>125</ns3:hr>
            <ns3:cad>79</ns3:cad>
          </ns3:TrackPointExtension>
        </extensions>
      </trkpt>
      <trkpt lat="55.42628782801330089569091796875" lon="37.7549127303063869476318359375">
        <ele>164.1999969482421875</ele>
        <time>2026-01-28T14:14:53.000Z</time>
        <extensions>
          <ns3:TrackPointExtension>
            <ns3:atemp>9.0</ns3:atemp>
            <ns3:hr>125</ns3:hr>
            <ns3:cad>79</ns3:cad>
          </ns3:TrackPointExtension>
        </extensions>
      </trkpt>
      <trkpt lat="55.42630190961062908172607421875" lon="37.75490610860288143157958984375">
        <ele>164.1999969482421875</ele>
        <time>2026-01-28T14:14:54.000Z</time>
        <extensions>
          <ns3:TrackPointExtension>
            <ns3:atemp>9.0</ns3:atemp>
            <ns3:hr>125</ns3:hr>
            <ns3:cad>79</ns3:cad>
          </ns3:TrackPointExtension>
        </extensions>
      </trkpt>
      <trkpt lat="55.42631297372281551361083984375" lon="37.754900492727756500244140625">
        <ele>164.1999969482421875</ele>
        <time>2026-01-28T14:14:55.000Z</time>
        <extensions>
          <ns3:TrackPointExtension>
            <ns3:atemp>9.0</ns3:atemp>
            <ns3:hr>125</ns3:hr>
            <ns3:cad>79</ns3:cad>
          </ns3:TrackPointExtension>
        </extensions>
      </trkpt>
      <trkpt lat="55.4263242892920970916748046875" lon="37.75489412248134613037109375">
        <ele>164.1999969482421875</ele>
        <time>2026-01-28T14:14:56.000Z</time>
        <extensions>
          <ns3:TrackPointExtension>
            <ns3:atemp>9.0</ns3:atemp>
            <ns3:hr>124</ns3:hr>
            <ns3:cad>79</ns3:cad>
          </ns3:TrackPointExtension>
        </extensions>
      </trkpt>
      <trkpt lat="55.426335521042346954345703125" lon="37.75489035062491893768310546875">
        <ele>164.1999969482421875</ele>
        <time>2026-01-28T14:14:57.000Z</time>
        <extensions>
          <ns3:TrackPointExtension>
            <ns3:atemp>9.0</ns3:atemp>
            <ns3:hr>124</ns3:hr>
            <ns3:cad>79</ns3:cad>
          </ns3:TrackPointExtension>
        </extensions>
      </trkpt>
      <trkpt lat="55.42634524405002593994140625" lon="37.75488398037850856781005859375">
        <ele>164</ele>
        <time>2026-01-28T14:14:58.000Z</time>
        <extensions>
          <ns3:TrackPointExtension>
            <ns3:atemp>9.0</ns3:atemp>
            <ns3:hr>124</ns3:hr>
            <ns3:cad>79</ns3:cad>
          </ns3:TrackPointExtension>
        </extensions>
      </trkpt>
      <trkpt lat="55.4263558052480220794677734375" lon="37.75487534701824188232421875">
        <ele>164</ele>
        <time>2026-01-28T14:14:59.000Z</time>
        <extensions>
          <ns3:TrackPointExtension>
            <ns3:atemp>9.0</ns3:atemp>
            <ns3:hr>124</ns3:hr>
            <ns3:cad>79</ns3:cad>
          </ns3:TrackPointExtension>
        </extensions>
      </trkpt>
      <trkpt lat="55.42636779136955738067626953125" lon="37.7548718266189098358154296875">
        <ele>164</ele>
        <time>2026-01-28T14:15:00.000Z</time>
        <extensions>
          <ns3:TrackPointExtension>
            <ns3:atemp>9.0</ns3:atemp>
            <ns3:hr>123</ns3:hr>
            <ns3:cad>55</ns3:cad>
          </ns3:TrackPointExtension>
        </extensions>
      </trkpt>
      <trkpt lat="55.42638103477656841278076171875" lon="37.75486755184829235076904296875">
        <ele>164</ele>
        <time>2026-01-28T14:15:01.000Z</time>
        <extensions>
          <ns3:TrackPointExtension>
            <ns3:atemp>9.0</ns3:atemp>
            <ns3:hr>123</ns3:hr>
            <ns3:cad>55</ns3:cad>
          </ns3:TrackPointExtension>
        </extensions>
      </trkpt>
      <trkpt lat="55.42639696039259433746337890625" lon="37.75486319325864315032958984375">
        <ele>163.8000030517578125</ele>
        <time>2026-01-28T14:15:02.000Z</time>
        <extensions>
          <ns3:TrackPointExtension>
            <ns3:atemp>9.0</ns3:atemp>
            <ns3:hr>123</ns3:hr>
            <ns3:cad>55</ns3:cad>
          </ns3:TrackPointExtension>
        </extensions>
      </trkpt>
      <trkpt lat="55.4264101199805736541748046875" lon="37.754859589040279388427734375">
        <ele>163.8000030517578125</ele>
        <time>2026-01-28T14:15:03.000Z</time>
        <extensions>
          <ns3:TrackPointExtension>
            <ns3:atemp>9.0</ns3:atemp>
            <ns3:hr>123</ns3:hr>
            <ns3:cad>54</ns3:cad>
          </ns3:TrackPointExtension>
        </extensions>
      </trkpt>
      <trkpt lat="55.426423363387584686279296875" lon="37.7548550628125667572021484375">
        <ele>164</ele>
        <time>2026-01-28T14:15:04.000Z</time>
        <extensions>
          <ns3:TrackPointExtension>
            <ns3:atemp>9.0</ns3:atemp>
            <ns3:hr>122</ns3:hr>
            <ns3:cad>55</ns3:cad>
          </ns3:TrackPointExtension>
        </extensions>
      </trkpt>
      <trkpt lat="55.4264332540333271026611328125" lon="37.75485045276582241058349609375">
        <ele>164</ele>
        <time>2026-01-28T14:15:05.000Z</time>
        <extensions>
          <ns3:TrackPointExtension>
            <ns3:atemp>9.0</ns3:atemp>
            <ns3:hr>123</ns3:hr>
            <ns3:cad>55</ns3:cad>
          </ns3:TrackPointExtension>
        </extensions>
      </trkpt>
      <trkpt lat="55.42644255794584751129150390625" lon="37.75484475307166576385498046875">
        <ele>164</ele>
        <time>2026-01-28T14:15:06.000Z</time>
        <extensions>
          <ns3:TrackPointExtension>
            <ns3:atemp>9.0</ns3:atemp>
            <ns3:hr>123</ns3:hr>
            <ns3:cad>56</ns3:cad>
          </ns3:TrackPointExtension>
        </extensions>
      </trkpt>
      <trkpt lat="55.4264533706009387969970703125" lon="37.7548439987003803253173828125">
        <ele>164</ele>
        <time>2026-01-28T14:15:07.000Z</time>
        <extensions>
          <ns3:TrackPointExtension>
            <ns3:atemp>9.0</ns3:atemp>
            <ns3:hr>123</ns3:hr>
            <ns3:cad>57</ns3:cad>
          </ns3:TrackPointExtension>
        </extensions>
      </trkpt>
      <trkpt lat="55.426464937627315521240234375" lon="37.75484693236649036407470703125">
        <ele>163.8000030517578125</ele>
        <time>2026-01-28T14:15:08.000Z</time>
        <extensions>
          <ns3:TrackPointExtension>
            <ns3:atemp>9.0</ns3:atemp>
            <ns3:hr>123</ns3:hr>
            <ns3:cad>57</ns3:cad>
          </ns3:TrackPointExtension>
        </extensions>
      </trkpt>
      <trkpt lat="55.4264785163104534149169921875" lon="37.75484718382358551025390625">
        <ele>163.8000030517578125</ele>
        <time>2026-01-28T14:15:09.000Z</time>
        <extensions>
          <ns3:TrackPointExtension>
            <ns3:atemp>9.0</ns3:atemp>
            <ns3:hr>123</ns3:hr>
            <ns3:cad>57</ns3:cad>
          </ns3:TrackPointExtension>
        </extensions>
      </trkpt>
      <trkpt lat="55.42649704031646251678466796875" lon="37.7548473514616489410400390625">
        <ele>163.600006103515625</ele>
        <time>2026-01-28T14:15:10.000Z</time>
        <extensions>
          <ns3:TrackPointExtension>
            <ns3:atemp>9.0</ns3:atemp>
            <ns3:hr>128</ns3:hr>
            <ns3:cad>57</ns3:cad>
          </ns3:TrackPointExtension>
        </extensions>
      </trkpt>
      <trkpt lat="55.42651715688407421112060546875" lon="37.7548423223197460174560546875">
        <ele>163.600006103515625</ele>
        <time>2026-01-28T14:15:11.000Z</time>
        <extensions>
          <ns3:TrackPointExtension>
            <ns3:atemp>9.0</ns3:atemp>
            <ns3:hr>130</ns3:hr>
            <ns3:cad>57</ns3:cad>
          </ns3:TrackPointExtension>
        </extensions>
      </trkpt>
      <trkpt lat="55.426537692546844482421875" lon="37.7548322640359401702880859375">
        <ele>163.399993896484375</ele>
        <time>2026-01-28T14:15:12.000Z</time>
        <extensions>
          <ns3:TrackPointExtension>
            <ns3:atemp>9.0</ns3:atemp>
            <ns3:hr>131</ns3:hr>
            <ns3:cad>59</ns3:cad>
          </ns3:TrackPointExtension>
        </extensions>
      </trkpt>
      <trkpt lat="55.42655982077121734619140625" lon="37.7548268996179103851318359375">
        <ele>163.399993896484375</ele>
        <time>2026-01-28T14:15:13.000Z</time>
        <extensions>
          <ns3:TrackPointExtension>
            <ns3:atemp>9.0</ns3:atemp>
            <ns3:hr>132</ns3:hr>
            <ns3:cad>59</ns3:cad>
          </ns3:TrackPointExtension>
        </extensions>
      </trkpt>
      <trkpt lat="55.42658287100493907928466796875" lon="37.75481759570538997650146484375">
        <ele>163.399993896484375</ele>
        <time>2026-01-28T14:15:14.000Z</time>
        <extensions>
          <ns3:TrackPointExtension>
            <ns3:atemp>9.0</ns3:atemp>
            <ns3:hr>133</ns3:hr>
            <ns3:cad>59</ns3:cad>
          </ns3:TrackPointExtension>
        </extensions>
      </trkpt>
      <trkpt lat="55.42660617269575595855712890625" lon="37.7548087947070598602294921875">
        <ele>163.399993896484375</ele>
        <time>2026-01-28T14:15:15.000Z</time>
        <extensions>
          <ns3:TrackPointExtension>
            <ns3:atemp>9.0</ns3:atemp>
            <ns3:hr>133</ns3:hr>
            <ns3:cad>79</ns3:cad>
          </ns3:TrackPointExtension>
        </extensions>
      </trkpt>
      <trkpt lat="55.42662880383431911468505859375" lon="37.75479714386165142059326171875">
        <ele>163.1999969482421875</ele>
        <time>2026-01-28T14:15:16.000Z</time>
        <extensions>
          <ns3:TrackPointExtension>
            <ns3:atemp>9.0</ns3:atemp>
            <ns3:hr>133</ns3:hr>
            <ns3:cad>78</ns3:cad>
          </ns3:TrackPointExtension>
        </extensions>
      </trkpt>
      <trkpt lat="55.4266535304486751556396484375" lon="37.75478876195847988128662109375">
        <ele>163.1999969482421875</ele>
        <time>2026-01-28T14:15:17.000Z</time>
        <extensions>
          <ns3:TrackPointExtension>
            <ns3:atemp>9.0</ns3:atemp>
            <ns3:hr>133</ns3:hr>
            <ns3:cad>78</ns3:cad>
          </ns3:TrackPointExtension>
        </extensions>
      </trkpt>
      <trkpt lat="55.42667574249207973480224609375" lon="37.7547749318182468414306640625">
        <ele>163.1999969482421875</ele>
        <time>2026-01-28T14:15:18.000Z</time>
        <extensions>
          <ns3:TrackPointExtension>
            <ns3:atemp>9.0</ns3:atemp>
            <ns3:hr>133</ns3:hr>
            <ns3:cad>78</ns3:cad>
          </ns3:TrackPointExtension>
        </extensions>
      </trkpt>
      <trkpt lat="55.4266947694122791290283203125" lon="37.7547608502209186553955078125">
        <ele>163.1999969482421875</ele>
        <time>2026-01-28T14:15:19.000Z</time>
        <extensions>
          <ns3:TrackPointExtension>
            <ns3:atemp>9.0</ns3:atemp>
            <ns3:hr>133</ns3:hr>
            <ns3:cad>77</ns3:cad>
          </ns3:TrackPointExtension>
        </extensions>
      </trkpt>
      <trkpt lat="55.42672402225434780120849609375" lon="37.7547561563551425933837890625">
        <ele>163.1999969482421875</ele>
        <time>2026-01-28T14:15:20.000Z</time>
        <extensions>
          <ns3:TrackPointExtension>
            <ns3:atemp>9.0</ns3:atemp>
            <ns3:hr>133</ns3:hr>
            <ns3:cad>77</ns3:cad>
          </ns3:TrackPointExtension>
        </extensions>
      </trkpt>
      <trkpt lat="55.4267453961074352264404296875" lon="37.75474727153778076171875">
        <ele>163</ele>
        <time>2026-01-28T14:15:21.000Z</time>
        <extensions>
          <ns3:TrackPointExtension>
            <ns3:atemp>9.0</ns3:atemp>
            <ns3:hr>132</ns3:hr>
            <ns3:cad>78</ns3:cad>
          </ns3:TrackPointExtension>
        </extensions>
      </trkpt>
      <trkpt lat="55.42676123790442943572998046875" lon="37.75473327375948429107666015625">
        <ele>163</ele>
        <time>2026-01-28T14:15:22.000Z</time>
        <extensions>
          <ns3:TrackPointExtension>
            <ns3:atemp>9.0</ns3:atemp>
            <ns3:hr>132</ns3:hr>
            <ns3:cad>78</ns3:cad>
          </ns3:TrackPointExtension>
        </extensions>
      </trkpt>
      <trkpt lat="55.42678386904299259185791015625" lon="37.75472505949437618255615234375">
        <ele>163</ele>
        <time>2026-01-28T14:15:23.000Z</time>
        <extensions>
          <ns3:TrackPointExtension>
            <ns3:atemp>9.0</ns3:atemp>
            <ns3:hr>132</ns3:hr>
            <ns3:cad>78</ns3:cad>
          </ns3:TrackPointExtension>
        </extensions>
      </trkpt>
      <trkpt lat="55.42680230922996997833251953125" lon="37.754717767238616943359375">
        <ele>163</ele>
        <time>2026-01-28T14:15:24.000Z</time>
        <extensions>
          <ns3:TrackPointExtension>
            <ns3:atemp>9.0</ns3:atemp>
            <ns3:hr>133</ns3:hr>
            <ns3:cad>78</ns3:cad>
          </ns3:TrackPointExtension>
        </extensions>
      </trkpt>
      <trkpt lat="55.42681756429374217987060546875" lon="37.75470075197517871856689453125">
        <ele>163</ele>
        <time>2026-01-28T14:15:25.000Z</time>
        <extensions>
          <ns3:TrackPointExtension>
            <ns3:atemp>9.0</ns3:atemp>
            <ns3:hr>133</ns3:hr>
            <ns3:cad>78</ns3:cad>
          </ns3:TrackPointExtension>
        </extensions>
      </trkpt>
      <trkpt lat="55.42684338055551052093505859375" lon="37.7546981535851955413818359375">
        <ele>163</ele>
        <time>2026-01-28T14:15:26.000Z</time>
        <extensions>
          <ns3:TrackPointExtension>
            <ns3:atemp>9.0</ns3:atemp>
            <ns3:hr>133</ns3:hr>
            <ns3:cad>79</ns3:cad>
          </ns3:TrackPointExtension>
        </extensions>
      </trkpt>
      <trkpt lat="55.42686383239924907684326171875" lon="37.75469027459621429443359375">
        <ele>163</ele>
        <time>2026-01-28T14:15:27.000Z</time>
        <extensions>
          <ns3:TrackPointExtension>
            <ns3:atemp>9.0</ns3:atemp>
            <ns3:hr>133</ns3:hr>
            <ns3:cad>79</ns3:cad>
          </ns3:TrackPointExtension>
        </extensions>
      </trkpt>
      <trkpt lat="55.42688168585300445556640625" lon="37.754677198827266693115234375">
        <ele>163</ele>
        <time>2026-01-28T14:15:28.000Z</time>
        <extensions>
          <ns3:TrackPointExtension>
            <ns3:atemp>9.0</ns3:atemp>
            <ns3:hr>133</ns3:hr>
            <ns3:cad>79</ns3:cad>
          </ns3:TrackPointExtension>
        </extensions>
      </trkpt>
      <trkpt lat="55.42690909467637538909912109375" lon="37.75467057712376117706298828125">
        <ele>162.8000030517578125</ele>
        <time>2026-01-28T14:15:29.000Z</time>
        <extensions>
          <ns3:TrackPointExtension>
            <ns3:atemp>9.0</ns3:atemp>
            <ns3:hr>132</ns3:hr>
            <ns3:cad>80</ns3:cad>
          </ns3:TrackPointExtension>
        </extensions>
      </trkpt>
      <trkpt lat="55.4269287921488285064697265625" lon="37.75466169230639934539794921875">
        <ele>162.8000030517578125</ele>
        <time>2026-01-28T14:15:30.000Z</time>
        <extensions>
          <ns3:TrackPointExtension>
            <ns3:atemp>9.0</ns3:atemp>
            <ns3:hr>133</ns3:hr>
            <ns3:cad>80</ns3:cad>
          </ns3:TrackPointExtension>
        </extensions>
      </trkpt>
      <trkpt lat="55.42694597505033016204833984375" lon="37.75464509613811969757080078125">
        <ele>162.600006103515625</ele>
        <time>2026-01-28T14:15:31.000Z</time>
        <extensions>
          <ns3:TrackPointExtension>
            <ns3:atemp>9.0</ns3:atemp>
            <ns3:hr>133</ns3:hr>
            <ns3:cad>80</ns3:cad>
          </ns3:TrackPointExtension>
        </extensions>
      </trkpt>
      <trkpt lat="55.42697279714047908782958984375" lon="37.75464056991040706634521484375">
        <ele>162.600006103515625</ele>
        <time>2026-01-28T14:15:32.000Z</time>
        <extensions>
          <ns3:TrackPointExtension>
            <ns3:atemp>9.0</ns3:atemp>
            <ns3:hr>133</ns3:hr>
            <ns3:cad>80</ns3:cad>
          </ns3:TrackPointExtension>
        </extensions>
      </trkpt>
      <trkpt lat="55.4269924946129322052001953125" lon="37.754629589617252349853515625">
        <ele>162.600006103515625</ele>
        <time>2026-01-28T14:15:33.000Z</time>
        <extensions>
          <ns3:TrackPointExtension>
            <ns3:atemp>9.0</ns3:atemp>
            <ns3:hr>133</ns3:hr>
            <ns3:cad>79</ns3:cad>
          </ns3:TrackPointExtension>
        </extensions>
      </trkpt>
      <trkpt lat="55.42700934223830699920654296875" lon="37.75461425073444843292236328125">
        <ele>162.600006103515625</ele>
        <time>2026-01-28T14:15:34.000Z</time>
        <extensions>
          <ns3:TrackPointExtension>
            <ns3:atemp>9.0</ns3:atemp>
            <ns3:hr>133</ns3:hr>
            <ns3:cad>79</ns3:cad>
          </ns3:TrackPointExtension>
        </extensions>
      </trkpt>
      <trkpt lat="55.42703599669039249420166015625" lon="37.75460720993578433990478515625">
        <ele>162.600006103515625</ele>
        <time>2026-01-28T14:15:35.000Z</time>
        <extensions>
          <ns3:TrackPointExtension>
            <ns3:atemp>9.0</ns3:atemp>
            <ns3:hr>133</ns3:hr>
            <ns3:cad>79</ns3:cad>
          </ns3:TrackPointExtension>
        </extensions>
      </trkpt>
      <trkpt lat="55.42705410160124301910400390625" lon="37.754598073661327362060546875">
        <ele>162.600006103515625</ele>
        <time>2026-01-28T14:15:36.000Z</time>
        <extensions>
          <ns3:TrackPointExtension>
            <ns3:atemp>9.0</ns3:atemp>
            <ns3:hr>133</ns3:hr>
            <ns3:cad>80</ns3:cad>
          </ns3:TrackPointExtension>
        </extensions>
      </trkpt>
      <trkpt lat="55.42706969194114208221435546875" lon="37.75458474643528461456298828125">
        <ele>162.600006103515625</ele>
        <time>2026-01-28T14:15:37.000Z</time>
        <extensions>
          <ns3:TrackPointExtension>
            <ns3:atemp>9.0</ns3:atemp>
            <ns3:hr>134</ns3:hr>
            <ns3:cad>80</ns3:cad>
          </ns3:TrackPointExtension>
        </extensions>
      </trkpt>
      <trkpt lat="55.42709684930741786956787109375" lon="37.754584662616252899169921875">
        <ele>162.600006103515625</ele>
        <time>2026-01-28T14:15:38.000Z</time>
        <extensions>
          <ns3:TrackPointExtension>
            <ns3:atemp>9.0</ns3:atemp>
            <ns3:hr>134</ns3:hr>
            <ns3:cad>79</ns3:cad>
          </ns3:TrackPointExtension>
        </extensions>
      </trkpt>
      <trkpt lat="55.42711629532277584075927734375" lon="37.7545781247317790985107421875">
        <ele>162.600006103515625</ele>
        <time>2026-01-28T14:15:39.000Z</time>
        <extensions>
          <ns3:TrackPointExtension>
            <ns3:atemp>9.0</ns3:atemp>
            <ns3:hr>134</ns3:hr>
            <ns3:cad>79</ns3:cad>
          </ns3:TrackPointExtension>
        </extensions>
      </trkpt>
      <trkpt lat="55.427133142948150634765625" lon="37.75456513278186321258544921875">
        <ele>162.600006103515625</ele>
        <time>2026-01-28T14:15:40.000Z</time>
        <extensions>
          <ns3:TrackPointExtension>
            <ns3:atemp>9.0</ns3:atemp>
            <ns3:hr>134</ns3:hr>
            <ns3:cad>80</ns3:cad>
          </ns3:TrackPointExtension>
        </extensions>
      </trkpt>
      <trkpt lat="55.42715929448604583740234375" lon="37.75455884635448455810546875">
        <ele>162.399993896484375</ele>
        <time>2026-01-28T14:15:41.000Z</time>
        <extensions>
          <ns3:TrackPointExtension>
            <ns3:atemp>9.0</ns3:atemp>
            <ns3:hr>133</ns3:hr>
            <ns3:cad>79</ns3:cad>
          </ns3:TrackPointExtension>
        </extensions>
      </trkpt>
      <trkpt lat="55.42717848904430866241455078125" lon="37.7545479498803615570068359375">
        <ele>162.399993896484375</ele>
        <time>2026-01-28T14:15:42.000Z</time>
        <extensions>
          <ns3:TrackPointExtension>
            <ns3:atemp>9.0</ns3:atemp>
            <ns3:hr>134</ns3:hr>
            <ns3:cad>80</ns3:cad>
          </ns3:TrackPointExtension>
        </extensions>
      </trkpt>
      <trkpt lat="55.42719642631709575653076171875" lon="37.75453269481658935546875">
        <ele>162.399993896484375</ele>
        <time>2026-01-28T14:15:43.000Z</time>
        <extensions>
          <ns3:TrackPointExtension>
            <ns3:atemp>9.0</ns3:atemp>
            <ns3:hr>134</ns3:hr>
            <ns3:cad>80</ns3:cad>
          </ns3:TrackPointExtension>
        </extensions>
      </trkpt>
      <trkpt lat="55.42722308076918125152587890625" lon="37.75452909059822559356689453125">
        <ele>162.399993896484375</ele>
        <time>2026-01-28T14:15:44.000Z</time>
        <extensions>
          <ns3:TrackPointExtension>
            <ns3:atemp>9.0</ns3:atemp>
            <ns3:hr>133</ns3:hr>
            <ns3:cad>80</ns3:cad>
          </ns3:TrackPointExtension>
        </extensions>
      </trkpt>
      <trkpt lat="55.42724235914647579193115234375" lon="37.75452531874179840087890625">
        <ele>162.1999969482421875</ele>
        <time>2026-01-28T14:15:45.000Z</time>
        <extensions>
          <ns3:TrackPointExtension>
            <ns3:atemp>9.0</ns3:atemp>
            <ns3:hr>134</ns3:hr>
            <ns3:cad>80</ns3:cad>
          </ns3:TrackPointExtension>
        </extensions>
      </trkpt>
      <trkpt lat="55.427261553704738616943359375" lon="37.7545201219618320465087890625">
        <ele>162.1999969482421875</ele>
        <time>2026-01-28T14:15:46.000Z</time>
        <extensions>
          <ns3:TrackPointExtension>
            <ns3:atemp>9.0</ns3:atemp>
            <ns3:hr>134</ns3:hr>
            <ns3:cad>80</ns3:cad>
          </ns3:TrackPointExtension>
        </extensions>
      </trkpt>
      <trkpt lat="55.427287034690380096435546875" lon="37.75451534427702426910400390625">
        <ele>162</ele>
        <time>2026-01-28T14:15:47.000Z</time>
        <extensions>
          <ns3:TrackPointExtension>
            <ns3:atemp>9.0</ns3:atemp>
            <ns3:hr>133</ns3:hr>
            <ns3:cad>80</ns3:cad>
          </ns3:TrackPointExtension>
        </extensions>
      </trkpt>
      <trkpt lat="55.42730740271508693695068359375" lon="37.75451551191508769989013671875">
        <ele>162</ele>
        <time>2026-01-28T14:15:48.000Z</time>
        <extensions>
          <ns3:TrackPointExtension>
            <ns3:atemp>9.0</ns3:atemp>
            <ns3:hr>134</ns3:hr>
            <ns3:cad>80</ns3:cad>
          </ns3:TrackPointExtension>
        </extensions>
      </trkpt>
      <trkpt lat="55.4273291118443012237548828125" lon="37.75451065041124820709228515625">
        <ele>162</ele>
        <time>2026-01-28T14:15:49.000Z</time>
        <extensions>
          <ns3:TrackPointExtension>
            <ns3:atemp>9.0</ns3:atemp>
            <ns3:hr>134</ns3:hr>
            <ns3:cad>80</ns3:cad>
          </ns3:TrackPointExtension>
        </extensions>
      </trkpt>
      <trkpt lat="55.42735517956316471099853515625" lon="37.75451735593378543853759765625">
        <ele>162</ele>
        <time>2026-01-28T14:15:50.000Z</time>
        <extensions>
          <ns3:TrackPointExtension>
            <ns3:atemp>9.0</ns3:atemp>
            <ns3:hr>135</ns3:hr>
            <ns3:cad>81</ns3:cad>
          </ns3:TrackPointExtension>
        </extensions>
      </trkpt>
      <trkpt lat="55.42737429030239582061767578125" lon="37.7545097284018993377685546875">
        <ele>162</ele>
        <time>2026-01-28T14:15:51.000Z</time>
        <extensions>
          <ns3:TrackPointExtension>
            <ns3:atemp>9.0</ns3:atemp>
            <ns3:hr>135</ns3:hr>
            <ns3:cad>81</ns3:cad>
          </ns3:TrackPointExtension>
        </extensions>
      </trkpt>
      <trkpt lat="55.42739801108837127685546875" lon="37.75450360961258411407470703125">
        <ele>162</ele>
        <time>2026-01-28T14:15:52.000Z</time>
        <extensions>
          <ns3:TrackPointExtension>
            <ns3:atemp>9.0</ns3:atemp>
            <ns3:hr>135</ns3:hr>
            <ns3:cad>81</ns3:cad>
          </ns3:TrackPointExtension>
        </extensions>
      </trkpt>
      <trkpt lat="55.4274214804172515869140625" lon="37.75450796820223331451416015625">
        <ele>162</ele>
        <time>2026-01-28T14:15:53.000Z</time>
        <extensions>
          <ns3:TrackPointExtension>
            <ns3:atemp>9.0</ns3:atemp>
            <ns3:hr>135</ns3:hr>
            <ns3:cad>81</ns3:cad>
          </ns3:TrackPointExtension>
        </extensions>
      </trkpt>
      <trkpt lat="55.42743748985230922698974609375" lon="37.7544989995658397674560546875">
        <ele>162</ele>
        <time>2026-01-28T14:15:54.000Z</time>
        <extensions>
          <ns3:TrackPointExtension>
            <ns3:atemp>9.0</ns3:atemp>
            <ns3:hr>135</ns3:hr>
            <ns3:cad>81</ns3:cad>
          </ns3:TrackPointExtension>
        </extensions>
      </trkpt>
      <trkpt lat="55.4274575226008892059326171875" lon="37.7544879354536533355712890625">
        <ele>162</ele>
        <time>2026-01-28T14:15:55.000Z</time>
        <extensions>
          <ns3:TrackPointExtension>
            <ns3:atemp>9.0</ns3:atemp>
            <ns3:hr>135</ns3:hr>
            <ns3:cad>81</ns3:cad>
          </ns3:TrackPointExtension>
        </extensions>
      </trkpt>
      <trkpt lat="55.4274813272058963775634765625" lon="37.75448231957852840423583984375">
        <ele>161.8000030517578125</ele>
        <time>2026-01-28T14:15:56.000Z</time>
        <extensions>
          <ns3:TrackPointExtension>
            <ns3:atemp>9.0</ns3:atemp>
            <ns3:hr>135</ns3:hr>
            <ns3:cad>80</ns3:cad>
          </ns3:TrackPointExtension>
        </extensions>
      </trkpt>
      <trkpt lat="55.42749918065965175628662109375" lon="37.754469327628612518310546875">
        <ele>161.8000030517578125</ele>
        <time>2026-01-28T14:15:57.000Z</time>
        <extensions>
          <ns3:TrackPointExtension>
            <ns3:atemp>9.0</ns3:atemp>
            <ns3:hr>135</ns3:hr>
            <ns3:cad>80</ns3:cad>
          </ns3:TrackPointExtension>
        </extensions>
      </trkpt>
      <trkpt lat="55.427521727979183197021484375" lon="37.75445918552577495574951171875">
        <ele>161.8000030517578125</ele>
        <time>2026-01-28T14:15:58.000Z</time>
        <extensions>
          <ns3:TrackPointExtension>
            <ns3:atemp>9.0</ns3:atemp>
            <ns3:hr>135</ns3:hr>
            <ns3:cad>80</ns3:cad>
          </ns3:TrackPointExtension>
        </extensions>
      </trkpt>
      <trkpt lat="55.42754796333611011505126953125" lon="37.754451893270015716552734375">
        <ele>161.8000030517578125</ele>
        <time>2026-01-28T14:15:59.000Z</time>
        <extensions>
          <ns3:TrackPointExtension>
            <ns3:atemp>9.0</ns3:atemp>
            <ns3:hr>135</ns3:hr>
            <ns3:cad>80</ns3:cad>
          </ns3:TrackPointExtension>
        </extensions>
      </trkpt>
      <trkpt lat="55.4275664873421192169189453125" lon="37.754438817501068115234375">
        <ele>161.8000030517578125</ele>
        <time>2026-01-28T14:16:00.000Z</time>
        <extensions>
          <ns3:TrackPointExtension>
            <ns3:atemp>9.0</ns3:atemp>
            <ns3:hr>135</ns3:hr>
            <ns3:cad>80</ns3:cad>
          </ns3:TrackPointExtension>
        </extensions>
      </trkpt>
      <trkpt lat="55.4275892861187458038330078125" lon="37.7544285915791988372802734375">
        <ele>161.600006103515625</ele>
        <time>2026-01-28T14:16:01.000Z</time>
        <extensions>
          <ns3:TrackPointExtension>
            <ns3:atemp>9.0</ns3:atemp>
            <ns3:hr>136</ns3:hr>
            <ns3:cad>80</ns3:cad>
          </ns3:TrackPointExtension>
        </extensions>
      </trkpt>
      <trkpt lat="55.4276124201714992523193359375" lon="37.7544238977134227752685546875">
        <ele>161.600006103515625</ele>
        <time>2026-01-28T14:16:02.000Z</time>
        <extensions>
          <ns3:TrackPointExtension>
            <ns3:atemp>9.0</ns3:atemp>
            <ns3:hr>136</ns3:hr>
            <ns3:cad>80</ns3:cad>
          </ns3:TrackPointExtension>
        </extensions>
      </trkpt>
      <trkpt lat="55.42762943543493747711181640625" lon="37.7544106543064117431640625">
        <ele>161.600006103515625</ele>
        <time>2026-01-28T14:16:03.000Z</time>
        <extensions>
          <ns3:TrackPointExtension>
            <ns3:atemp>9.0</ns3:atemp>
            <ns3:hr>136</ns3:hr>
            <ns3:cad>80</ns3:cad>
          </ns3:TrackPointExtension>
        </extensions>
      </trkpt>
      <trkpt lat="55.4276523180305957794189453125" lon="37.75439833290874958038330078125">
        <ele>161.600006103515625</ele>
        <time>2026-01-28T14:16:04.000Z</time>
        <extensions>
          <ns3:TrackPointExtension>
            <ns3:atemp>9.0</ns3:atemp>
            <ns3:hr>136</ns3:hr>
            <ns3:cad>80</ns3:cad>
          </ns3:TrackPointExtension>
        </extensions>
      </trkpt>
      <trkpt lat="55.4276736080646514892578125" lon="37.75438659824430942535400390625">
        <ele>161.399993896484375</ele>
        <time>2026-01-28T14:16:05.000Z</time>
        <extensions>
          <ns3:TrackPointExtension>
            <ns3:atemp>9.0</ns3:atemp>
            <ns3:hr>136</ns3:hr>
            <ns3:cad>80</ns3:cad>
          </ns3:TrackPointExtension>
        </extensions>
      </trkpt>
      <trkpt lat="55.42768928222358226776123046875" lon="37.75437067262828350067138671875">
        <ele>161.399993896484375</ele>
        <time>2026-01-28T14:16:06.000Z</time>
        <extensions>
          <ns3:TrackPointExtension>
            <ns3:atemp>9.0</ns3:atemp>
            <ns3:hr>136</ns3:hr>
            <ns3:cad>80</ns3:cad>
          </ns3:TrackPointExtension>
        </extensions>
      </trkpt>
      <trkpt lat="55.427714176476001739501953125" lon="37.754358351230621337890625">
        <ele>161.399993896484375</ele>
        <time>2026-01-28T14:16:07.000Z</time>
        <extensions>
          <ns3:TrackPointExtension>
            <ns3:atemp>9.0</ns3:atemp>
            <ns3:hr>136</ns3:hr>
            <ns3:cad>80</ns3:cad>
          </ns3:TrackPointExtension>
        </extensions>
      </trkpt>
      <trkpt lat="55.42773672379553318023681640625" lon="37.75434921495616436004638671875">
        <ele>161.399993896484375</ele>
        <time>2026-01-28T14:16:08.000Z</time>
        <extensions>
          <ns3:TrackPointExtension>
            <ns3:atemp>9.0</ns3:atemp>
            <ns3:hr>136</ns3:hr>
            <ns3:cad>80</ns3:cad>
          </ns3:TrackPointExtension>
        </extensions>
      </trkpt>
      <trkpt lat="55.42775281704962253570556640625" lon="37.754331193864345550537109375">
        <ele>161.399993896484375</ele>
        <time>2026-01-28T14:16:09.000Z</time>
        <extensions>
          <ns3:TrackPointExtension>
            <ns3:atemp>9.0</ns3:atemp>
            <ns3:hr>136</ns3:hr>
            <ns3:cad>80</ns3:cad>
          </ns3:TrackPointExtension>
        </extensions>
      </trkpt>
      <trkpt lat="55.42777611874043941497802734375" lon="37.7543145976960659027099609375">
        <ele>161.399993896484375</ele>
        <time>2026-01-28T14:16:10.000Z</time>
        <extensions>
          <ns3:TrackPointExtension>
            <ns3:atemp>9.0</ns3:atemp>
            <ns3:hr>136</ns3:hr>
            <ns3:cad>80</ns3:cad>
          </ns3:TrackPointExtension>
        </extensions>
      </trkpt>
      <trkpt lat="55.42779707349836826324462890625" lon="37.75430277921259403228759765625">
        <ele>161.399993896484375</ele>
        <time>2026-01-28T14:16:11.000Z</time>
        <extensions>
          <ns3:TrackPointExtension>
            <ns3:atemp>9.0</ns3:atemp>
            <ns3:hr>135</ns3:hr>
            <ns3:cad>80</ns3:cad>
          </ns3:TrackPointExtension>
        </extensions>
      </trkpt>
      <trkpt lat="55.42781199328601360321044921875" lon="37.75428593158721923828125">
        <ele>161.399993896484375</ele>
        <time>2026-01-28T14:16:12.000Z</time>
        <extensions>
          <ns3:TrackPointExtension>
            <ns3:atemp>9.0</ns3:atemp>
            <ns3:hr>134</ns3:hr>
            <ns3:cad>80</ns3:cad>
          </ns3:TrackPointExtension>
        </extensions>
      </trkpt>
      <trkpt lat="55.4278377257287502288818359375" lon="37.75427612476050853729248046875">
        <ele>161.1999969482421875</ele>
        <time>2026-01-28T14:16:13.000Z</time>
        <extensions>
          <ns3:TrackPointExtension>
            <ns3:atemp>9.0</ns3:atemp>
            <ns3:hr>134</ns3:hr>
            <ns3:cad>80</ns3:cad>
          </ns3:TrackPointExtension>
        </extensions>
      </trkpt>
      <trkpt lat="55.42785809375345706939697265625" lon="37.754267156124114990234375">
        <ele>161.1999969482421875</ele>
        <time>2026-01-28T14:16:14.000Z</time>
        <extensions>
          <ns3:TrackPointExtension>
            <ns3:atemp>9.0</ns3:atemp>
            <ns3:hr>134</ns3:hr>
            <ns3:cad>80</ns3:cad>
          </ns3:TrackPointExtension>
        </extensions>
      </trkpt>
      <trkpt lat="55.42787569575011730194091796875" lon="37.7542542479932308197021484375">
        <ele>161.1999969482421875</ele>
        <time>2026-01-28T14:16:15.000Z</time>
        <extensions>
          <ns3:TrackPointExtension>
            <ns3:atemp>9.0</ns3:atemp>
            <ns3:hr>134</ns3:hr>
            <ns3:cad>80</ns3:cad>
          </ns3:TrackPointExtension>
        </extensions>
      </trkpt>
      <trkpt lat="55.427900590002536773681640625" lon="37.75425215251743793487548828125">
        <ele>161.1999969482421875</ele>
        <time>2026-01-28T14:16:16.000Z</time>
        <extensions>
          <ns3:TrackPointExtension>
            <ns3:atemp>9.0</ns3:atemp>
            <ns3:hr>134</ns3:hr>
            <ns3:cad>80</ns3:cad>
          </ns3:TrackPointExtension>
        </extensions>
      </trkpt>
      <trkpt lat="55.427919365465641021728515625" lon="37.7542455308139324188232421875">
        <ele>161.1999969482421875</ele>
        <time>2026-01-28T14:16:17.000Z</time>
        <extensions>
          <ns3:TrackPointExtension>
            <ns3:atemp>9.0</ns3:atemp>
            <ns3:hr>134</ns3:hr>
            <ns3:cad>81</ns3:cad>
          </ns3:TrackPointExtension>
        </extensions>
      </trkpt>
      <trkpt lat="55.42793805710971355438232421875" lon="37.754237987101078033447265625">
        <ele>161.1999969482421875</ele>
        <time>2026-01-28T14:16:18.000Z</time>
        <extensions>
          <ns3:TrackPointExtension>
            <ns3:atemp>9.0</ns3:atemp>
            <ns3:hr>134</ns3:hr>
            <ns3:cad>81</ns3:cad>
          </ns3:TrackPointExtension>
        </extensions>
      </trkpt>
      <trkpt lat="55.4279617778956890106201171875" lon="37.75423153303563594818115234375">
        <ele>161.1999969482421875</ele>
        <time>2026-01-28T14:16:19.000Z</time>
        <extensions>
          <ns3:TrackPointExtension>
            <ns3:atemp>9.0</ns3:atemp>
            <ns3:hr>134</ns3:hr>
            <ns3:cad>81</ns3:cad>
          </ns3:TrackPointExtension>
        </extensions>
      </trkpt>
      <trkpt lat="55.42797879315912723541259765625" lon="37.754217870533466339111328125">
        <ele>161</ele>
        <time>2026-01-28T14:16:20.000Z</time>
        <extensions>
          <ns3:TrackPointExtension>
            <ns3:atemp>9.0</ns3:atemp>
            <ns3:hr>134</ns3:hr>
            <ns3:cad>81</ns3:cad>
          </ns3:TrackPointExtension>
        </extensions>
      </trkpt>
      <trkpt lat="55.42799840681254863739013671875" lon="37.75420303456485271453857421875">
        <ele>161</ele>
        <time>2026-01-28T14:16:21.000Z</time>
        <extensions>
          <ns3:TrackPointExtension>
            <ns3:atemp>9.0</ns3:atemp>
            <ns3:hr>134</ns3:hr>
            <ns3:cad>80</ns3:cad>
          </ns3:TrackPointExtension>
        </extensions>
      </trkpt>
      <trkpt lat="55.428023301064968109130859375" lon="37.7541987597942352294921875">
        <ele>160.8000030517578125</ele>
        <time>2026-01-28T14:16:22.000Z</time>
        <extensions>
          <ns3:TrackPointExtension>
            <ns3:atemp>9.0</ns3:atemp>
            <ns3:hr>134</ns3:hr>
            <ns3:cad>80</ns3:cad>
          </ns3:TrackPointExtension>
        </extensions>
      </trkpt>
      <trkpt lat="55.4280409030616283416748046875" lon="37.75418694131076335906982421875">
        <ele>160.8000030517578125</ele>
        <time>2026-01-28T14:16:23.000Z</time>
        <extensions>
          <ns3:TrackPointExtension>
            <ns3:atemp>9.0</ns3:atemp>
            <ns3:hr>135</ns3:hr>
            <ns3:cad>80</ns3:cad>
          </ns3:TrackPointExtension>
        </extensions>
      </trkpt>
      <trkpt lat="55.42806160636246204376220703125" lon="37.75417654775083065032958984375">
        <ele>160.600006103515625</ele>
        <time>2026-01-28T14:16:24.000Z</time>
        <extensions>
          <ns3:TrackPointExtension>
            <ns3:atemp>8.0</ns3:atemp>
            <ns3:hr>135</ns3:hr>
            <ns3:cad>80</ns3:cad>
          </ns3:TrackPointExtension>
        </extensions>
      </trkpt>
      <trkpt lat="55.42808675207197666168212890625" lon="37.75417135097086429595947265625">
        <ele>160.600006103515625</ele>
        <time>2026-01-28T14:16:25.000Z</time>
        <extensions>
          <ns3:TrackPointExtension>
            <ns3:atemp>9.0</ns3:atemp>
            <ns3:hr>135</ns3:hr>
            <ns3:cad>80</ns3:cad>
          </ns3:TrackPointExtension>
        </extensions>
      </trkpt>
      <trkpt lat="55.42810418643057346343994140625" lon="37.7541580237448215484619140625">
        <ele>160.600006103515625</ele>
        <time>2026-01-28T14:16:26.000Z</time>
        <extensions>
          <ns3:TrackPointExtension>
            <ns3:atemp>8.0</ns3:atemp>
            <ns3:hr>134</ns3:hr>
            <ns3:cad>80</ns3:cad>
          </ns3:TrackPointExtension>
        </extensions>
      </trkpt>
      <trkpt lat="55.42812631465494632720947265625" lon="37.7541451156139373779296875">
        <ele>160.600006103515625</ele>
        <time>2026-01-28T14:16:27.000Z</time>
        <extensions>
          <ns3:TrackPointExtension>
            <ns3:atemp>9.0</ns3:atemp>
            <ns3:hr>135</ns3:hr>
            <ns3:cad>80</ns3:cad>
          </ns3:TrackPointExtension>
        </extensions>
      </trkpt>
      <trkpt lat="55.428150705993175506591796875" lon="37.754138410091400146484375">
        <ele>160.600006103515625</ele>
        <time>2026-01-28T14:16:28.000Z</time>
        <extensions>
          <ns3:TrackPointExtension>
            <ns3:atemp>9.0</ns3:atemp>
            <ns3:hr>135</ns3:hr>
            <ns3:cad>81</ns3:cad>
          </ns3:TrackPointExtension>
        </extensions>
      </trkpt>
      <trkpt lat="55.4281686432659626007080078125" lon="37.7541265077888965606689453125">
        <ele>160.600006103515625</ele>
        <time>2026-01-28T14:16:29.000Z</time>
        <extensions>
          <ns3:TrackPointExtension>
            <ns3:atemp>9.0</ns3:atemp>
            <ns3:hr>134</ns3:hr>
            <ns3:cad>80</ns3:cad>
          </ns3:TrackPointExtension>
        </extensions>
      </trkpt>
      <trkpt lat="55.42818867601454257965087890625" lon="37.75411770679056644439697265625">
        <ele>160.600006103515625</ele>
        <time>2026-01-28T14:16:30.000Z</time>
        <extensions>
          <ns3:TrackPointExtension>
            <ns3:atemp>8.0</ns3:atemp>
            <ns3:hr>134</ns3:hr>
            <ns3:cad>80</ns3:cad>
          </ns3:TrackPointExtension>
        </extensions>
      </trkpt>
      <trkpt lat="55.42821097187697887420654296875" lon="37.75411468930542469024658203125">
        <ele>160.399993896484375</ele>
        <time>2026-01-28T14:16:31.000Z</time>
        <extensions>
          <ns3:TrackPointExtension>
            <ns3:atemp>8.0</ns3:atemp>
            <ns3:hr>134</ns3:hr>
            <ns3:cad>80</ns3:cad>
          </ns3:TrackPointExtension>
        </extensions>
      </trkpt>
      <trkpt lat="55.42822773568332195281982421875" lon="37.754104547202587127685546875">
        <ele>160.399993896484375</ele>
        <time>2026-01-28T14:16:32.000Z</time>
        <extensions>
          <ns3:TrackPointExtension>
            <ns3:atemp>8.0</ns3:atemp>
            <ns3:hr>134</ns3:hr>
            <ns3:cad>80</ns3:cad>
          </ns3:TrackPointExtension>
        </extensions>
      </trkpt>
      <trkpt lat="55.4282494448125362396240234375" lon="37.75409658439457416534423828125">
        <ele>160.399993896484375</ele>
        <time>2026-01-28T14:16:33.000Z</time>
        <extensions>
          <ns3:TrackPointExtension>
            <ns3:atemp>9.0</ns3:atemp>
            <ns3:hr>133</ns3:hr>
            <ns3:cad>79</ns3:cad>
          </ns3:TrackPointExtension>
        </extensions>
      </trkpt>
      <trkpt lat="55.428270734846591949462890625" lon="37.754091806709766387939453125">
        <ele>160.399993896484375</ele>
        <time>2026-01-28T14:16:34.000Z</time>
        <extensions>
          <ns3:TrackPointExtension>
            <ns3:atemp>8.0</ns3:atemp>
            <ns3:hr>133</ns3:hr>
            <ns3:cad>79</ns3:cad>
          </ns3:TrackPointExtension>
        </extensions>
      </trkpt>
      <trkpt lat="55.4282878339290618896484375" lon="37.7540835924446582794189453125">
        <ele>160.399993896484375</ele>
        <time>2026-01-28T14:16:35.000Z</time>
        <extensions>
          <ns3:TrackPointExtension>
            <ns3:atemp>8.0</ns3:atemp>
            <ns3:hr>133</ns3:hr>
            <ns3:cad>79</ns3:cad>
          </ns3:TrackPointExtension>
        </extensions>
      </trkpt>
      <trkpt lat="55.42830937542021274566650390625" lon="37.7540731988847255706787109375">
        <ele>160.399993896484375</ele>
        <time>2026-01-28T14:16:36.000Z</time>
        <extensions>
          <ns3:TrackPointExtension>
            <ns3:atemp>8.0</ns3:atemp>
            <ns3:hr>133</ns3:hr>
            <ns3:cad>79</ns3:cad>
          </ns3:TrackPointExtension>
        </extensions>
      </trkpt>
      <trkpt lat="55.42833435349166393280029296875" lon="37.75406523607671260833740234375">
        <ele>160.1999969482421875</ele>
        <time>2026-01-28T14:16:37.000Z</time>
        <extensions>
          <ns3:TrackPointExtension>
            <ns3:atemp>8.0</ns3:atemp>
            <ns3:hr>133</ns3:hr>
            <ns3:cad>80</ns3:cad>
          </ns3:TrackPointExtension>
        </extensions>
      </trkpt>
      <trkpt lat="55.42835153639316558837890625" lon="37.7540597878396511077880859375">
        <ele>160.1999969482421875</ele>
        <time>2026-01-28T14:16:38.000Z</time>
        <extensions>
          <ns3:TrackPointExtension>
            <ns3:atemp>9.0</ns3:atemp>
            <ns3:hr>133</ns3:hr>
            <ns3:cad>80</ns3:cad>
          </ns3:TrackPointExtension>
        </extensions>
      </trkpt>
      <trkpt lat="55.4283745028078556060791015625" lon="37.7540550939738750457763671875">
        <ele>160.1999969482421875</ele>
        <time>2026-01-28T14:16:39.000Z</time>
        <extensions>
          <ns3:TrackPointExtension>
            <ns3:atemp>8.0</ns3:atemp>
            <ns3:hr>133</ns3:hr>
            <ns3:cad>80</ns3:cad>
          </ns3:TrackPointExtension>
        </extensions>
      </trkpt>
      <trkpt lat="55.42839805595576763153076171875" lon="37.75405065156519412994384765625">
        <ele>160.1999969482421875</ele>
        <time>2026-01-28T14:16:40.000Z</time>
        <extensions>
          <ns3:TrackPointExtension>
            <ns3:atemp>8.0</ns3:atemp>
            <ns3:hr>133</ns3:hr>
            <ns3:cad>80</ns3:cad>
          </ns3:TrackPointExtension>
        </extensions>
      </trkpt>
      <trkpt lat="55.42841867543756961822509765625" lon="37.7540423534810543060302734375">
        <ele>160.1999969482421875</ele>
        <time>2026-01-28T14:16:41.000Z</time>
        <extensions>
          <ns3:TrackPointExtension>
            <ns3:atemp>8.0</ns3:atemp>
            <ns3:hr>132</ns3:hr>
            <ns3:cad>80</ns3:cad>
          </ns3:TrackPointExtension>
        </extensions>
      </trkpt>
      <trkpt lat="55.42844273149967193603515625" lon="37.754032798111438751220703125">
        <ele>160</ele>
        <time>2026-01-28T14:16:42.000Z</time>
        <extensions>
          <ns3:TrackPointExtension>
            <ns3:atemp>8.0</ns3:atemp>
            <ns3:hr>133</ns3:hr>
            <ns3:cad>80</ns3:cad>
          </ns3:TrackPointExtension>
        </extensions>
      </trkpt>
      <trkpt lat="55.4284650273621082305908203125" lon="37.7540276013314723968505859375">
        <ele>160</ele>
        <time>2026-01-28T14:16:43.000Z</time>
        <extensions>
          <ns3:TrackPointExtension>
            <ns3:atemp>8.0</ns3:atemp>
            <ns3:hr>133</ns3:hr>
            <ns3:cad>80</ns3:cad>
          </ns3:TrackPointExtension>
        </extensions>
      </trkpt>
      <trkpt lat="55.42848371900618076324462890625" lon="37.75401947088539600372314453125">
        <ele>160</ele>
        <time>2026-01-28T14:16:44.000Z</time>
        <extensions>
          <ns3:TrackPointExtension>
            <ns3:atemp>8.0</ns3:atemp>
            <ns3:hr>133</ns3:hr>
            <ns3:cad>80</ns3:cad>
          </ns3:TrackPointExtension>
        </extensions>
      </trkpt>
      <trkpt lat="55.42851104401051998138427734375" lon="37.754015028476715087890625">
        <ele>160</ele>
        <time>2026-01-28T14:16:45.000Z</time>
        <extensions>
          <ns3:TrackPointExtension>
            <ns3:atemp>8.0</ns3:atemp>
            <ns3:hr>133</ns3:hr>
            <ns3:cad>80</ns3:cad>
          </ns3:TrackPointExtension>
        </extensions>
      </trkpt>
      <trkpt lat="55.428532920777797698974609375" lon="37.75400941260159015655517578125">
        <ele>160</ele>
        <time>2026-01-28T14:16:46.000Z</time>
        <extensions>
          <ns3:TrackPointExtension>
            <ns3:atemp>8.0</ns3:atemp>
            <ns3:hr>133</ns3:hr>
            <ns3:cad>80</ns3:cad>
          </ns3:TrackPointExtension>
        </extensions>
      </trkpt>
      <trkpt lat="55.42854943312704563140869140625" lon="37.75399516336619853973388671875">
        <ele>160</ele>
        <time>2026-01-28T14:16:47.000Z</time>
        <extensions>
          <ns3:TrackPointExtension>
            <ns3:atemp>8.0</ns3:atemp>
            <ns3:hr>133</ns3:hr>
            <ns3:cad>80</ns3:cad>
          </ns3:TrackPointExtension>
        </extensions>
      </trkpt>
      <trkpt lat="55.42857642285525798797607421875" lon="37.75399021804332733154296875">
        <ele>160</ele>
        <time>2026-01-28T14:16:48.000Z</time>
        <extensions>
          <ns3:TrackPointExtension>
            <ns3:atemp>8.0</ns3:atemp>
            <ns3:hr>133</ns3:hr>
            <ns3:cad>81</ns3:cad>
          </ns3:TrackPointExtension>
        </extensions>
      </trkpt>
      <trkpt lat="55.42859570123255252838134765625" lon="37.75398191995918750762939453125">
        <ele>159.8000030517578125</ele>
        <time>2026-01-28T14:16:49.000Z</time>
        <extensions>
          <ns3:TrackPointExtension>
            <ns3:atemp>8.0</ns3:atemp>
            <ns3:hr>134</ns3:hr>
            <ns3:cad>81</ns3:cad>
          </ns3:TrackPointExtension>
        </extensions>
      </trkpt>
      <trkpt lat="55.42861347086727619171142578125" lon="37.75396767072379589080810546875">
        <ele>159.8000030517578125</ele>
        <time>2026-01-28T14:16:50.000Z</time>
        <extensions>
          <ns3:TrackPointExtension>
            <ns3:atemp>8.0</ns3:atemp>
            <ns3:hr>134</ns3:hr>
            <ns3:cad>81</ns3:cad>
          </ns3:TrackPointExtension>
        </extensions>
      </trkpt>
      <trkpt lat="55.42864012531936168670654296875" lon="37.7539592050015926361083984375">
        <ele>159.8000030517578125</ele>
        <time>2026-01-28T14:16:51.000Z</time>
        <extensions>
          <ns3:TrackPointExtension>
            <ns3:atemp>8.0</ns3:atemp>
            <ns3:hr>134</ns3:hr>
            <ns3:cad>81</ns3:cad>
          </ns3:TrackPointExtension>
        </extensions>
      </trkpt>
      <trkpt lat="55.42865890078246593475341796875" lon="37.75394998490810394287109375">
        <ele>159.8000030517578125</ele>
        <time>2026-01-28T14:16:52.000Z</time>
        <extensions>
          <ns3:TrackPointExtension>
            <ns3:atemp>8.0</ns3:atemp>
            <ns3:hr>134</ns3:hr>
            <ns3:cad>81</ns3:cad>
          </ns3:TrackPointExtension>
        </extensions>
      </trkpt>
      <trkpt lat="55.4286742396652698516845703125" lon="37.753958366811275482177734375">
        <ele>159.600006103515625</ele>
        <time>2026-01-28T14:16:53.000Z</time>
        <extensions>
          <ns3:TrackPointExtension>
            <ns3:atemp>8.0</ns3:atemp>
            <ns3:hr>133</ns3:hr>
            <ns3:cad>81</ns3:cad>
          </ns3:TrackPointExtension>
        </extensions>
      </trkpt>
      <trkpt lat="55.4286901652812957763671875" lon="37.75399248115718364715576171875">
        <ele>159.600006103515625</ele>
        <time>2026-01-28T14:16:54.000Z</time>
        <extensions>
          <ns3:TrackPointExtension>
            <ns3:atemp>8.0</ns3:atemp>
            <ns3:hr>134</ns3:hr>
            <ns3:cad>81</ns3:cad>
          </ns3:TrackPointExtension>
        </extensions>
      </trkpt>
      <trkpt lat="55.42870818637311458587646484375" lon="37.75400522165000438690185546875">
        <ele>159.399993896484375</ele>
        <time>2026-01-28T14:16:55.000Z</time>
        <extensions>
          <ns3:TrackPointExtension>
            <ns3:atemp>8.0</ns3:atemp>
            <ns3:hr>134</ns3:hr>
            <ns3:cad>81</ns3:cad>
          </ns3:TrackPointExtension>
        </extensions>
      </trkpt>
      <trkpt lat="55.42872780002653598785400390625" lon="37.7540064789354801177978515625">
        <ele>159.399993896484375</ele>
        <time>2026-01-28T14:16:56.000Z</time>
        <extensions>
          <ns3:TrackPointExtension>
            <ns3:atemp>8.0</ns3:atemp>
            <ns3:hr>134</ns3:hr>
            <ns3:cad>80</ns3:cad>
          </ns3:TrackPointExtension>
        </extensions>
      </trkpt>
      <trkpt lat="55.4287540353834629058837890625" lon="37.75400337763130664825439453125">
        <ele>159.399993896484375</ele>
        <time>2026-01-28T14:16:57.000Z</time>
        <extensions>
          <ns3:TrackPointExtension>
            <ns3:atemp>8.0</ns3:atemp>
            <ns3:hr>134</ns3:hr>
            <ns3:cad>79</ns3:cad>
          </ns3:TrackPointExtension>
        </extensions>
      </trkpt>
      <trkpt lat="55.4287728108465671539306640625" lon="37.7539954148232936859130859375">
        <ele>159.1999969482421875</ele>
        <time>2026-01-28T14:16:58.000Z</time>
        <extensions>
          <ns3:TrackPointExtension>
            <ns3:atemp>8.0</ns3:atemp>
            <ns3:hr>134</ns3:hr>
            <ns3:cad>79</ns3:cad>
          </ns3:TrackPointExtension>
        </extensions>
      </trkpt>
      <trkpt lat="55.42879032902419567108154296875" lon="37.75397739373147487640380859375">
        <ele>159.1999969482421875</ele>
        <time>2026-01-28T14:16:59.000Z</time>
        <extensions>
          <ns3:TrackPointExtension>
            <ns3:atemp>8.0</ns3:atemp>
            <ns3:hr>134</ns3:hr>
            <ns3:cad>79</ns3:cad>
          </ns3:TrackPointExtension>
        </extensions>
      </trkpt>
      <trkpt lat="55.4288167320191860198974609375" lon="37.75396549142897129058837890625">
        <ele>159.1999969482421875</ele>
        <time>2026-01-28T14:17:00.000Z</time>
        <extensions>
          <ns3:TrackPointExtension>
            <ns3:atemp>8.0</ns3:atemp>
            <ns3:hr>134</ns3:hr>
            <ns3:cad>79</ns3:cad>
          </ns3:TrackPointExtension>
        </extensions>
      </trkpt>
      <trkpt lat="55.42883324436843395233154296875" lon="37.75395425967872142791748046875">
        <ele>159</ele>
        <time>2026-01-28T14:17:01.000Z</time>
        <extensions>
          <ns3:TrackPointExtension>
            <ns3:atemp>8.0</ns3:atemp>
            <ns3:hr>133</ns3:hr>
            <ns3:cad>79</ns3:cad>
          </ns3:TrackPointExtension>
        </extensions>
      </trkpt>
      <trkpt lat="55.42885319329798221588134765625" lon="37.753940932452678680419921875">
        <ele>159.1999969482421875</ele>
        <time>2026-01-28T14:17:02.000Z</time>
        <extensions>
          <ns3:TrackPointExtension>
            <ns3:atemp>8.0</ns3:atemp>
            <ns3:hr>134</ns3:hr>
            <ns3:cad>79</ns3:cad>
          </ns3:TrackPointExtension>
        </extensions>
      </trkpt>
      <trkpt lat="55.42887817136943340301513671875" lon="37.75393179617822170257568359375">
        <ele>159</ele>
        <time>2026-01-28T14:17:03.000Z</time>
        <extensions>
          <ns3:TrackPointExtension>
            <ns3:atemp>8.0</ns3:atemp>
            <ns3:hr>134</ns3:hr>
            <ns3:cad>79</ns3:cad>
          </ns3:TrackPointExtension>
        </extensions>
      </trkpt>
      <trkpt lat="55.42889468371868133544921875" lon="37.75391779839992523193359375">
        <ele>159</ele>
        <time>2026-01-28T14:17:04.000Z</time>
        <extensions>
          <ns3:TrackPointExtension>
            <ns3:atemp>8.0</ns3:atemp>
            <ns3:hr>134</ns3:hr>
            <ns3:cad>80</ns3:cad>
          </ns3:TrackPointExtension>
        </extensions>
      </trkpt>
      <trkpt lat="55.42891656048595905303955078125" lon="37.75390396825969219207763671875">
        <ele>159</ele>
        <time>2026-01-28T14:17:05.000Z</time>
        <extensions>
          <ns3:TrackPointExtension>
            <ns3:atemp>8.0</ns3:atemp>
            <ns3:hr>134</ns3:hr>
            <ns3:cad>80</ns3:cad>
          </ns3:TrackPointExtension>
        </extensions>
      </trkpt>
      <trkpt lat="55.428939275443553924560546875" lon="37.7538938261568546295166015625">
        <ele>159</ele>
        <time>2026-01-28T14:17:06.000Z</time>
        <extensions>
          <ns3:TrackPointExtension>
            <ns3:atemp>8.0</ns3:atemp>
            <ns3:hr>134</ns3:hr>
            <ns3:cad>81</ns3:cad>
          </ns3:TrackPointExtension>
        </extensions>
      </trkpt>
      <trkpt lat="55.42895746417343616485595703125" lon="37.75387488305568695068359375">
        <ele>159</ele>
        <time>2026-01-28T14:17:07.000Z</time>
        <extensions>
          <ns3:TrackPointExtension>
            <ns3:atemp>8.0</ns3:atemp>
            <ns3:hr>134</ns3:hr>
            <ns3:cad>81</ns3:cad>
          </ns3:TrackPointExtension>
        </extensions>
      </trkpt>
      <trkpt lat="55.4289852082729339599609375" lon="37.753865160048007965087890625">
        <ele>159</ele>
        <time>2026-01-28T14:17:08.000Z</time>
        <extensions>
          <ns3:TrackPointExtension>
            <ns3:atemp>8.0</ns3:atemp>
            <ns3:hr>134</ns3:hr>
            <ns3:cad>81</ns3:cad>
          </ns3:TrackPointExtension>
        </extensions>
      </trkpt>
      <trkpt lat="55.42900775559246540069580078125" lon="37.75385317392647266387939453125">
        <ele>159</ele>
        <time>2026-01-28T14:17:09.000Z</time>
        <extensions>
          <ns3:TrackPointExtension>
            <ns3:atemp>8.0</ns3:atemp>
            <ns3:hr>134</ns3:hr>
            <ns3:cad>81</ns3:cad>
          </ns3:TrackPointExtension>
        </extensions>
      </trkpt>
      <trkpt lat="55.42902418412268161773681640625" lon="37.753834985196590423583984375">
        <ele>159</ele>
        <time>2026-01-28T14:17:10.000Z</time>
        <extensions>
          <ns3:TrackPointExtension>
            <ns3:atemp>8.0</ns3:atemp>
            <ns3:hr>134</ns3:hr>
            <ns3:cad>81</ns3:cad>
          </ns3:TrackPointExtension>
        </extensions>
      </trkpt>
      <trkpt lat="55.4290510900318622589111328125" lon="37.7538259327411651611328125">
        <ele>159</ele>
        <time>2026-01-28T14:17:11.000Z</time>
        <extensions>
          <ns3:TrackPointExtension>
            <ns3:atemp>8.0</ns3:atemp>
            <ns3:hr>134</ns3:hr>
            <ns3:cad>81</ns3:cad>
          </ns3:TrackPointExtension>
        </extensions>
      </trkpt>
      <trkpt lat="55.42907045222818851470947265625" lon="37.75381461717188358306884765625">
        <ele>159</ele>
        <time>2026-01-28T14:17:12.000Z</time>
        <extensions>
          <ns3:TrackPointExtension>
            <ns3:atemp>8.0</ns3:atemp>
            <ns3:hr>135</ns3:hr>
            <ns3:cad>81</ns3:cad>
          </ns3:TrackPointExtension>
        </extensions>
      </trkpt>
      <trkpt lat="55.4290856234729290008544921875" lon="37.7538009546697139739990234375">
        <ele>159</ele>
        <time>2026-01-28T14:17:13.000Z</time>
        <extensions>
          <ns3:TrackPointExtension>
            <ns3:atemp>8.0</ns3:atemp>
            <ns3:hr>135</ns3:hr>
            <ns3:cad>81</ns3:cad>
          </ns3:TrackPointExtension>
        </extensions>
      </trkpt>
      <trkpt lat="55.42911018244922161102294921875" lon="37.75379441678524017333984375">
        <ele>159</ele>
        <time>2026-01-28T14:17:14.000Z</time>
        <extensions>
          <ns3:TrackPointExtension>
            <ns3:atemp>8.0</ns3:atemp>
            <ns3:hr>135</ns3:hr>
            <ns3:cad>81</ns3:cad>
          </ns3:TrackPointExtension>
        </extensions>
      </trkpt>
      <trkpt lat="55.42912811972200870513916015625" lon="37.75378092192113399505615234375">
        <ele>159</ele>
        <time>2026-01-28T14:17:15.000Z</time>
        <extensions>
          <ns3:TrackPointExtension>
            <ns3:atemp>8.0</ns3:atemp>
            <ns3:hr>135</ns3:hr>
            <ns3:cad>81</ns3:cad>
          </ns3:TrackPointExtension>
        </extensions>
      </trkpt>
      <trkpt lat="55.42914857156574726104736328125" lon="37.75376231409609317779541015625">
        <ele>159</ele>
        <time>2026-01-28T14:17:16.000Z</time>
        <extensions>
          <ns3:TrackPointExtension>
            <ns3:atemp>8.0</ns3:atemp>
            <ns3:hr>135</ns3:hr>
            <ns3:cad>81</ns3:cad>
          </ns3:TrackPointExtension>
        </extensions>
      </trkpt>
      <trkpt lat="55.42917572893202304840087890625" lon="37.7537550218403339385986328125">
        <ele>158.8000030517578125</ele>
        <time>2026-01-28T14:17:17.000Z</time>
        <extensions>
          <ns3:TrackPointExtension>
            <ns3:atemp>8.0</ns3:atemp>
            <ns3:hr>134</ns3:hr>
            <ns3:cad>81</ns3:cad>
          </ns3:TrackPointExtension>
        </extensions>
      </trkpt>
      <trkpt lat="55.4291939176619052886962890625" lon="37.75374085642397403717041015625">
        <ele>158.8000030517578125</ele>
        <time>2026-01-28T14:17:18.000Z</time>
        <extensions>
          <ns3:TrackPointExtension>
            <ns3:atemp>8.0</ns3:atemp>
            <ns3:hr>135</ns3:hr>
            <ns3:cad>81</ns3:cad>
          </ns3:TrackPointExtension>
        </extensions>
      </trkpt>
      <trkpt lat="55.4292250983417034149169921875" lon="37.75373934768140316009521484375">
        <ele>158.8000030517578125</ele>
        <time>2026-01-28T14:17:19.000Z</time>
        <extensions>
          <ns3:TrackPointExtension>
            <ns3:atemp>8.0</ns3:atemp>
            <ns3:hr>135</ns3:hr>
            <ns3:cad>81</ns3:cad>
          </ns3:TrackPointExtension>
        </extensions>
      </trkpt>
      <trkpt lat="55.42924747802317142486572265625" lon="37.75373498909175395965576171875">
        <ele>158.8000030517578125</ele>
        <time>2026-01-28T14:17:20.000Z</time>
        <extensions>
          <ns3:TrackPointExtension>
            <ns3:atemp>8.0</ns3:atemp>
            <ns3:hr>135</ns3:hr>
            <ns3:cad>81</ns3:cad>
          </ns3:TrackPointExtension>
        </extensions>
      </trkpt>
      <trkpt lat="55.42926792986690998077392578125" lon="37.75372224859893321990966796875">
        <ele>158.8000030517578125</ele>
        <time>2026-01-28T14:17:21.000Z</time>
        <extensions>
          <ns3:TrackPointExtension>
            <ns3:atemp>8.0</ns3:atemp>
            <ns3:hr>135</ns3:hr>
            <ns3:cad>81</ns3:cad>
          </ns3:TrackPointExtension>
        </extensions>
      </trkpt>
      <trkpt lat="55.4292945004999637603759765625" lon="37.75371319614350795745849609375">
        <ele>158.8000030517578125</ele>
        <time>2026-01-28T14:17:22.000Z</time>
        <extensions>
          <ns3:TrackPointExtension>
            <ns3:atemp>8.0</ns3:atemp>
            <ns3:hr>135</ns3:hr>
            <ns3:cad>83</ns3:cad>
          </ns3:TrackPointExtension>
        </extensions>
      </trkpt>
      <trkpt lat="55.429312773048877716064453125" lon="37.75369676761329174041748046875">
        <ele>158.600006103515625</ele>
        <time>2026-01-28T14:17:23.000Z</time>
        <extensions>
          <ns3:TrackPointExtension>
            <ns3:atemp>8.0</ns3:atemp>
            <ns3:hr>135</ns3:hr>
            <ns3:cad>83</ns3:cad>
          </ns3:TrackPointExtension>
        </extensions>
      </trkpt>
      <trkpt lat="55.429338254034519195556640625" lon="37.75368318893015384674072265625">
        <ele>158.600006103515625</ele>
        <time>2026-01-28T14:17:24.000Z</time>
        <extensions>
          <ns3:TrackPointExtension>
            <ns3:atemp>8.0</ns3:atemp>
            <ns3:hr>135</ns3:hr>
            <ns3:cad>83</ns3:cad>
          </ns3:TrackPointExtension>
        </extensions>
      </trkpt>
      <trkpt lat="55.4293659143149852752685546875" lon="37.7536765672266483306884765625">
        <ele>158.600006103515625</ele>
        <time>2026-01-28T14:17:25.000Z</time>
        <extensions>
          <ns3:TrackPointExtension>
            <ns3:atemp>8.0</ns3:atemp>
            <ns3:hr>135</ns3:hr>
            <ns3:cad>82</ns3:cad>
          </ns3:TrackPointExtension>
        </extensions>
      </trkpt>
      <trkpt lat="55.42938661761581897735595703125" lon="37.75366424582898616790771484375">
        <ele>158.600006103515625</ele>
        <time>2026-01-28T14:17:26.000Z</time>
        <extensions>
          <ns3:TrackPointExtension>
            <ns3:atemp>8.0</ns3:atemp>
            <ns3:hr>135</ns3:hr>
            <ns3:cad>81</ns3:cad>
          </ns3:TrackPointExtension>
        </extensions>
      </trkpt>
      <trkpt lat="55.4294135235249996185302734375" lon="37.753659971058368682861328125">
        <ele>158.600006103515625</ele>
        <time>2026-01-28T14:17:27.000Z</time>
        <extensions>
          <ns3:TrackPointExtension>
            <ns3:atemp>8.0</ns3:atemp>
            <ns3:hr>135</ns3:hr>
            <ns3:cad>81</ns3:cad>
          </ns3:TrackPointExtension>
        </extensions>
      </trkpt>
      <trkpt lat="55.42943338863551616668701171875" lon="37.7536574564874172210693359375">
        <ele>158.600006103515625</ele>
        <time>2026-01-28T14:17:28.000Z</time>
        <extensions>
          <ns3:TrackPointExtension>
            <ns3:atemp>8.0</ns3:atemp>
            <ns3:hr>136</ns3:hr>
            <ns3:cad>83</ns3:cad>
          </ns3:TrackPointExtension>
        </extensions>
      </trkpt>
      <trkpt lat="55.4294493980705738067626953125" lon="37.75364295579493045806884765625">
        <ele>158.600006103515625</ele>
        <time>2026-01-28T14:17:29.000Z</time>
        <extensions>
          <ns3:TrackPointExtension>
            <ns3:atemp>8.0</ns3:atemp>
            <ns3:hr>136</ns3:hr>
            <ns3:cad>83</ns3:cad>
          </ns3:TrackPointExtension>
        </extensions>
      </trkpt>
      <trkpt lat="55.4294742085039615631103515625" lon="37.75364010594785213470458984375">
        <ele>158.600006103515625</ele>
        <time>2026-01-28T14:17:30.000Z</time>
        <extensions>
          <ns3:TrackPointExtension>
            <ns3:atemp>8.0</ns3:atemp>
            <ns3:hr>136</ns3:hr>
            <ns3:cad>83</ns3:cad>
          </ns3:TrackPointExtension>
        </extensions>
      </trkpt>
      <trkpt lat="55.42949373833835124969482421875" lon="37.75363289751112461090087890625">
        <ele>158.600006103515625</ele>
        <time>2026-01-28T14:17:31.000Z</time>
        <extensions>
          <ns3:TrackPointExtension>
            <ns3:atemp>8.0</ns3:atemp>
            <ns3:hr>136</ns3:hr>
            <ns3:cad>82</ns3:cad>
          </ns3:TrackPointExtension>
        </extensions>
      </trkpt>
      <trkpt lat="55.42951184324920177459716796875" lon="37.7536215819418430328369140625">
        <ele>158.8000030517578125</ele>
        <time>2026-01-28T14:17:32.000Z</time>
        <extensions>
          <ns3:TrackPointExtension>
            <ns3:atemp>8.0</ns3:atemp>
            <ns3:hr>136</ns3:hr>
            <ns3:cad>81</ns3:cad>
          </ns3:TrackPointExtension>
        </extensions>
      </trkpt>
      <trkpt lat="55.429541766643524169921875" lon="37.7536188997328281402587890625">
        <ele>158.8000030517578125</ele>
        <time>2026-01-28T14:17:33.000Z</time>
        <extensions>
          <ns3:TrackPointExtension>
            <ns3:atemp>8.0</ns3:atemp>
            <ns3:hr>136</ns3:hr>
            <ns3:cad>81</ns3:cad>
          </ns3:TrackPointExtension>
        </extensions>
      </trkpt>
      <trkpt lat="55.4295630566775798797607421875" lon="37.75360791943967342376708984375">
        <ele>158.600006103515625</ele>
        <time>2026-01-28T14:17:34.000Z</time>
        <extensions>
          <ns3:TrackPointExtension>
            <ns3:atemp>8.0</ns3:atemp>
            <ns3:hr>136</ns3:hr>
            <ns3:cad>80</ns3:cad>
          </ns3:TrackPointExtension>
        </extensions>
      </trkpt>
      <trkpt lat="55.42958426289260387420654296875" lon="37.75359534658491611480712890625">
        <ele>158.600006103515625</ele>
        <time>2026-01-28T14:17:35.000Z</time>
        <extensions>
          <ns3:TrackPointExtension>
            <ns3:atemp>8.0</ns3:atemp>
            <ns3:hr>137</ns3:hr>
            <ns3:cad>80</ns3:cad>
          </ns3:TrackPointExtension>
        </extensions>
      </trkpt>
      <trkpt lat="55.42961058206856250762939453125" lon="37.75359182618558406829833984375">
        <ele>158.600006103515625</ele>
        <time>2026-01-28T14:17:36.000Z</time>
        <extensions>
          <ns3:TrackPointExtension>
            <ns3:atemp>8.0</ns3:atemp>
            <ns3:hr>137</ns3:hr>
            <ns3:cad>81</ns3:cad>
          </ns3:TrackPointExtension>
        </extensions>
      </trkpt>
      <trkpt lat="55.42962826788425445556640625" lon="37.7535783313214778900146484375">
        <ele>158.399993896484375</ele>
        <time>2026-01-28T14:17:37.000Z</time>
        <extensions>
          <ns3:TrackPointExtension>
            <ns3:atemp>8.0</ns3:atemp>
            <ns3:hr>137</ns3:hr>
            <ns3:cad>81</ns3:cad>
          </ns3:TrackPointExtension>
        </extensions>
      </trkpt>
      <trkpt lat="55.429650060832500457763671875" lon="37.75356684811413288116455078125">
        <ele>158.399993896484375</ele>
        <time>2026-01-28T14:17:38.000Z</time>
        <extensions>
          <ns3:TrackPointExtension>
            <ns3:atemp>8.0</ns3:atemp>
            <ns3:hr>137</ns3:hr>
            <ns3:cad>81</ns3:cad>
          </ns3:TrackPointExtension>
        </extensions>
      </trkpt>
      <trkpt lat="55.42967378161847591400146484375" lon="37.75356718339025974273681640625">
        <ele>158.399993896484375</ele>
        <time>2026-01-28T14:17:39.000Z</time>
        <extensions>
          <ns3:TrackPointExtension>
            <ns3:atemp>8.0</ns3:atemp>
            <ns3:hr>137</ns3:hr>
            <ns3:cad>81</ns3:cad>
          </ns3:TrackPointExtension>
        </extensions>
      </trkpt>
      <trkpt lat="55.42969129979610443115234375" lon="37.7535550296306610107421875">
        <ele>158.399993896484375</ele>
        <time>2026-01-28T14:17:40.000Z</time>
        <extensions>
          <ns3:TrackPointExtension>
            <ns3:atemp>8.0</ns3:atemp>
            <ns3:hr>137</ns3:hr>
            <ns3:cad>81</ns3:cad>
          </ns3:TrackPointExtension>
        </extensions>
      </trkpt>
      <trkpt lat="55.42971946299076080322265625" lon="37.753550671041011810302734375">
        <ele>158.399993896484375</ele>
        <time>2026-01-28T14:17:41.000Z</time>
        <extensions>
          <ns3:TrackPointExtension>
            <ns3:atemp>8.0</ns3:atemp>
            <ns3:hr>137</ns3:hr>
            <ns3:cad>81</ns3:cad>
          </ns3:TrackPointExtension>
        </extensions>
      </trkpt>
      <trkpt lat="55.42974435724318027496337890625" lon="37.75354974903166294097900390625">
        <ele>158.399993896484375</ele>
        <time>2026-01-28T14:17:42.000Z</time>
        <extensions>
          <ns3:TrackPointExtension>
            <ns3:atemp>8.0</ns3:atemp>
            <ns3:hr>138</ns3:hr>
            <ns3:cad>81</ns3:cad>
          </ns3:TrackPointExtension>
        </extensions>
      </trkpt>
      <trkpt lat="55.42976497672498226165771484375" lon="37.75354170240461826324462890625">
        <ele>158.399993896484375</ele>
        <time>2026-01-28T14:17:43.000Z</time>
        <extensions>
          <ns3:TrackPointExtension>
            <ns3:atemp>8.0</ns3:atemp>
            <ns3:hr>138</ns3:hr>
            <ns3:cad>80</ns3:cad>
          </ns3:TrackPointExtension>
        </extensions>
      </trkpt>
      <trkpt lat="55.429794229567050933837890625" lon="37.75354119949042797088623046875">
        <ele>158.399993896484375</ele>
        <time>2026-01-28T14:17:44.000Z</time>
        <extensions>
          <ns3:TrackPointExtension>
            <ns3:atemp>8.0</ns3:atemp>
            <ns3:hr>138</ns3:hr>
            <ns3:cad>81</ns3:cad>
          </ns3:TrackPointExtension>
        </extensions>
      </trkpt>
      <trkpt lat="55.4298155196011066436767578125" lon="37.7535389363765716552734375">
        <ele>158.600006103515625</ele>
        <time>2026-01-28T14:17:45.000Z</time>
        <extensions>
          <ns3:TrackPointExtension>
            <ns3:atemp>8.0</ns3:atemp>
            <ns3:hr>138</ns3:hr>
            <ns3:cad>81</ns3:cad>
          </ns3:TrackPointExtension>
        </extensions>
      </trkpt>
      <trkpt lat="55.42983655817806720733642578125" lon="37.753532230854034423828125">
        <ele>158.600006103515625</ele>
        <time>2026-01-28T14:17:46.000Z</time>
        <extensions>
          <ns3:TrackPointExtension>
            <ns3:atemp>8.0</ns3:atemp>
            <ns3:hr>138</ns3:hr>
            <ns3:cad>81</ns3:cad>
          </ns3:TrackPointExtension>
        </extensions>
      </trkpt>
      <trkpt lat="55.4298648051917552947998046875" lon="37.75353097356855869293212890625">
        <ele>158.600006103515625</ele>
        <time>2026-01-28T14:17:47.000Z</time>
        <extensions>
          <ns3:TrackPointExtension>
            <ns3:atemp>8.0</ns3:atemp>
            <ns3:hr>138</ns3:hr>
            <ns3:cad>81</ns3:cad>
          </ns3:TrackPointExtension>
        </extensions>
      </trkpt>
      <trkpt lat="55.429883413016796112060546875" lon="37.75352611206471920013427734375">
        <ele>158.600006103515625</ele>
        <time>2026-01-28T14:17:48.000Z</time>
        <extensions>
          <ns3:TrackPointExtension>
            <ns3:atemp>8.0</ns3:atemp>
            <ns3:hr>138</ns3:hr>
            <ns3:cad>81</ns3:cad>
          </ns3:TrackPointExtension>
        </extensions>
      </trkpt>
      <trkpt lat="55.429904870688915252685546875" lon="37.7535159699618816375732421875">
        <ele>158.600006103515625</ele>
        <time>2026-01-28T14:17:49.000Z</time>
        <extensions>
          <ns3:TrackPointExtension>
            <ns3:atemp>8.0</ns3:atemp>
            <ns3:hr>139</ns3:hr>
            <ns3:cad>81</ns3:cad>
          </ns3:TrackPointExtension>
        </extensions>
      </trkpt>
      <trkpt lat="55.429930351674556732177734375" lon="37.75351890362799167633056640625">
        <ele>158.600006103515625</ele>
        <time>2026-01-28T14:17:50.000Z</time>
        <extensions>
          <ns3:TrackPointExtension>
            <ns3:atemp>8.0</ns3:atemp>
            <ns3:hr>139</ns3:hr>
            <ns3:cad>81</ns3:cad>
          </ns3:TrackPointExtension>
        </extensions>
      </trkpt>
      <trkpt lat="55.4299486242234706878662109375" lon="37.75350834242999553680419921875">
        <ele>158.399993896484375</ele>
        <time>2026-01-28T14:17:51.000Z</time>
        <extensions>
          <ns3:TrackPointExtension>
            <ns3:atemp>8.0</ns3:atemp>
            <ns3:hr>139</ns3:hr>
            <ns3:cad>81</ns3:cad>
          </ns3:TrackPointExtension>
        </extensions>
      </trkpt>
      <trkpt lat="55.42997033335268497467041015625" lon="37.75350473821163177490234375">
        <ele>158.399993896484375</ele>
        <time>2026-01-28T14:17:52.000Z</time>
        <extensions>
          <ns3:TrackPointExtension>
            <ns3:atemp>8.0</ns3:atemp>
            <ns3:hr>139</ns3:hr>
            <ns3:cad>81</ns3:cad>
          </ns3:TrackPointExtension>
        </extensions>
      </trkpt>
      <trkpt lat="55.4299932159483432769775390625" lon="37.7535028941929340362548828125">
        <ele>158.399993896484375</ele>
        <time>2026-01-28T14:17:53.000Z</time>
        <extensions>
          <ns3:TrackPointExtension>
            <ns3:atemp>8.0</ns3:atemp>
            <ns3:hr>139</ns3:hr>
            <ns3:cad>81</ns3:cad>
          </ns3:TrackPointExtension>
        </extensions>
      </trkpt>
      <trkpt lat="55.4300106503069400787353515625" lon="37.75349191389977931976318359375">
        <ele>158.600006103515625</ele>
        <time>2026-01-28T14:17:54.000Z</time>
        <extensions>
          <ns3:TrackPointExtension>
            <ns3:atemp>8.0</ns3:atemp>
            <ns3:hr>139</ns3:hr>
            <ns3:cad>81</ns3:cad>
          </ns3:TrackPointExtension>
        </extensions>
      </trkpt>
      <trkpt lat="55.430036298930644989013671875" lon="37.75348998606204986572265625">
        <ele>158.600006103515625</ele>
        <time>2026-01-28T14:17:55.000Z</time>
        <extensions>
          <ns3:TrackPointExtension>
            <ns3:atemp>8.0</ns3:atemp>
            <ns3:hr>140</ns3:hr>
            <ns3:cad>81</ns3:cad>
          </ns3:TrackPointExtension>
        </extensions>
      </trkpt>
      <trkpt lat="55.43005616404116153717041015625" lon="37.7534879744052886962890625">
        <ele>158.600006103515625</ele>
        <time>2026-01-28T14:17:56.000Z</time>
        <extensions>
          <ns3:TrackPointExtension>
            <ns3:atemp>8.0</ns3:atemp>
            <ns3:hr>139</ns3:hr>
            <ns3:cad>81</ns3:cad>
          </ns3:TrackPointExtension>
        </extensions>
      </trkpt>
      <trkpt lat="55.43007577769458293914794921875" lon="37.7534733898937702178955078125">
        <ele>158.600006103515625</ele>
        <time>2026-01-28T14:17:57.000Z</time>
        <extensions>
          <ns3:TrackPointExtension>
            <ns3:atemp>8.0</ns3:atemp>
            <ns3:hr>139</ns3:hr>
            <ns3:cad>81</ns3:cad>
          </ns3:TrackPointExtension>
        </extensions>
      </trkpt>
      <trkpt lat="55.430103354156017303466796875" lon="37.75347414426505565643310546875">
        <ele>158.600006103515625</ele>
        <time>2026-01-28T14:17:58.000Z</time>
        <extensions>
          <ns3:TrackPointExtension>
            <ns3:atemp>8.0</ns3:atemp>
            <ns3:hr>139</ns3:hr>
            <ns3:cad>81</ns3:cad>
          </ns3:TrackPointExtension>
        </extensions>
      </trkpt>
      <trkpt lat="55.4301236383616924285888671875" lon="37.7534673549234867095947265625">
        <ele>158.600006103515625</ele>
        <time>2026-01-28T14:17:59.000Z</time>
        <extensions>
          <ns3:TrackPointExtension>
            <ns3:atemp>8.0</ns3:atemp>
            <ns3:hr>139</ns3:hr>
            <ns3:cad>81</ns3:cad>
          </ns3:TrackPointExtension>
        </extensions>
      </trkpt>
      <trkpt lat="55.43014233000576496124267578125" lon="37.75345637463033199310302734375">
        <ele>158.600006103515625</ele>
        <time>2026-01-28T14:18:00.000Z</time>
        <extensions>
          <ns3:TrackPointExtension>
            <ns3:atemp>8.0</ns3:atemp>
            <ns3:hr>139</ns3:hr>
            <ns3:cad>81</ns3:cad>
          </ns3:TrackPointExtension>
        </extensions>
      </trkpt>
      <trkpt lat="55.43016747571527957916259765625" lon="37.75345603935420513153076171875">
        <ele>158.600006103515625</ele>
        <time>2026-01-28T14:18:01.000Z</time>
        <extensions>
          <ns3:TrackPointExtension>
            <ns3:atemp>8.0</ns3:atemp>
            <ns3:hr>138</ns3:hr>
            <ns3:cad>81</ns3:cad>
          </ns3:TrackPointExtension>
        </extensions>
      </trkpt>
      <trkpt lat="55.43018608354032039642333984375" lon="37.753448076546192169189453125">
        <ele>158.600006103515625</ele>
        <time>2026-01-28T14:18:02.000Z</time>
        <extensions>
          <ns3:TrackPointExtension>
            <ns3:atemp>8.0</ns3:atemp>
            <ns3:hr>138</ns3:hr>
            <ns3:cad>81</ns3:cad>
          </ns3:TrackPointExtension>
        </extensions>
      </trkpt>
      <trkpt lat="55.43020519427955150604248046875" lon="37.75343810208141803741455078125">
        <ele>158.600006103515625</ele>
        <time>2026-01-28T14:18:03.000Z</time>
        <extensions>
          <ns3:TrackPointExtension>
            <ns3:atemp>8.0</ns3:atemp>
            <ns3:hr>138</ns3:hr>
            <ns3:cad>81</ns3:cad>
          </ns3:TrackPointExtension>
        </extensions>
      </trkpt>
      <trkpt lat="55.43022715486586093902587890625" lon="37.7534395270049571990966796875">
        <ele>158.399993896484375</ele>
        <time>2026-01-28T14:18:04.000Z</time>
        <extensions>
          <ns3:TrackPointExtension>
            <ns3:atemp>8.0</ns3:atemp>
            <ns3:hr>138</ns3:hr>
            <ns3:cad>81</ns3:cad>
          </ns3:TrackPointExtension>
        </extensions>
      </trkpt>
      <trkpt lat="55.43024743907153606414794921875" lon="37.75343910790979862213134765625">
        <ele>158.399993896484375</ele>
        <time>2026-01-28T14:18:05.000Z</time>
        <extensions>
          <ns3:TrackPointExtension>
            <ns3:atemp>8.0</ns3:atemp>
            <ns3:hr>138</ns3:hr>
            <ns3:cad>81</ns3:cad>
          </ns3:TrackPointExtension>
        </extensions>
      </trkpt>
      <trkpt lat="55.43026889674365520477294921875" lon="37.7534355036914348602294921875">
        <ele>158.399993896484375</ele>
        <time>2026-01-28T14:18:06.000Z</time>
        <extensions>
          <ns3:TrackPointExtension>
            <ns3:atemp>8.0</ns3:atemp>
            <ns3:hr>137</ns3:hr>
            <ns3:cad>80</ns3:cad>
          </ns3:TrackPointExtension>
        </extensions>
      </trkpt>
      <trkpt lat="55.4302959702908992767333984375" lon="37.753446064889430999755859375">
        <ele>158.399993896484375</ele>
        <time>2026-01-28T14:18:07.000Z</time>
        <extensions>
          <ns3:TrackPointExtension>
            <ns3:atemp>8.0</ns3:atemp>
            <ns3:hr>138</ns3:hr>
            <ns3:cad>80</ns3:cad>
          </ns3:TrackPointExtension>
        </extensions>
      </trkpt>
      <trkpt lat="55.4303134046494960784912109375" lon="37.753445394337177276611328125">
        <ele>158.399993896484375</ele>
        <time>2026-01-28T14:18:08.000Z</time>
        <extensions>
          <ns3:TrackPointExtension>
            <ns3:atemp>8.0</ns3:atemp>
            <ns3:hr>138</ns3:hr>
            <ns3:cad>80</ns3:cad>
          </ns3:TrackPointExtension>
        </extensions>
      </trkpt>
      <trkpt lat="55.430340059101581573486328125" lon="37.75345243513584136962890625">
        <ele>158.1999969482421875</ele>
        <time>2026-01-28T14:18:09.000Z</time>
        <extensions>
          <ns3:TrackPointExtension>
            <ns3:atemp>8.0</ns3:atemp>
            <ns3:hr>138</ns3:hr>
            <ns3:cad>80</ns3:cad>
          </ns3:TrackPointExtension>
        </extensions>
      </trkpt>
      <trkpt lat="55.430362857878208160400390625" lon="37.7534703724086284637451171875">
        <ele>158.1999969482421875</ele>
        <time>2026-01-28T14:18:10.000Z</time>
        <extensions>
          <ns3:TrackPointExtension>
            <ns3:atemp>8.0</ns3:atemp>
            <ns3:hr>138</ns3:hr>
            <ns3:cad>81</ns3:cad>
          </ns3:TrackPointExtension>
        </extensions>
      </trkpt>
      <trkpt lat="55.43038121424615383148193359375" lon="37.75347657501697540283203125">
        <ele>158.1999969482421875</ele>
        <time>2026-01-28T14:18:11.000Z</time>
        <extensions>
          <ns3:TrackPointExtension>
            <ns3:atemp>8.0</ns3:atemp>
            <ns3:hr>137</ns3:hr>
            <ns3:cad>81</ns3:cad>
          </ns3:TrackPointExtension>
        </extensions>
      </trkpt>
      <trkpt lat="55.430400073528289794921875" lon="37.7534857951104640960693359375">
        <ele>158.1999969482421875</ele>
        <time>2026-01-28T14:18:12.000Z</time>
        <extensions>
          <ns3:TrackPointExtension>
            <ns3:atemp>8.0</ns3:atemp>
            <ns3:hr>138</ns3:hr>
            <ns3:cad>81</ns3:cad>
          </ns3:TrackPointExtension>
        </extensions>
      </trkpt>
      <trkpt lat="55.43041474185883998870849609375" lon="37.75349694304168224334716796875">
        <ele>158.1999969482421875</ele>
        <time>2026-01-28T14:18:13.000Z</time>
        <extensions>
          <ns3:TrackPointExtension>
            <ns3:atemp>8.0</ns3:atemp>
            <ns3:hr>138</ns3:hr>
            <ns3:cad>81</ns3:cad>
          </ns3:TrackPointExtension>
        </extensions>
      </trkpt>
      <trkpt lat="55.430425219237804412841796875" lon="37.75350130163133144378662109375">
        <ele>158.1999969482421875</ele>
        <time>2026-01-28T14:18:14.000Z</time>
        <extensions>
          <ns3:TrackPointExtension>
            <ns3:atemp>8.0</ns3:atemp>
            <ns3:hr>138</ns3:hr>
            <ns3:cad>81</ns3:cad>
          </ns3:TrackPointExtension>
        </extensions>
      </trkpt>
      <trkpt lat="55.43043502606451511383056640625" lon="37.75350599549710750579833984375">
        <ele>158.399993896484375</ele>
        <time>2026-01-28T14:18:15.000Z</time>
        <extensions>
          <ns3:TrackPointExtension>
            <ns3:atemp>8.0</ns3:atemp>
            <ns3:hr>138</ns3:hr>
            <ns3:cad>81</ns3:cad>
          </ns3:TrackPointExtension>
        </extensions>
      </trkpt>
      <trkpt lat="55.430435277521610260009765625" lon="37.75351035408675670623779296875">
        <ele>158</ele>
        <time>2026-01-28T14:19:05.000Z</time>
        <extensions>
          <ns3:TrackPointExtension>
            <ns3:atemp>8.0</ns3:atemp>
            <ns3:hr>103</ns3:hr>
            <ns3:cad>0</ns3:cad>
          </ns3:TrackPointExtension>
        </extensions>
      </trkpt>
      <trkpt lat="55.4304538853466510772705078125" lon="37.75351504795253276824951171875">
        <ele>158</ele>
        <time>2026-01-28T14:19:06.000Z</time>
        <extensions>
          <ns3:TrackPointExtension>
            <ns3:atemp>7.0</ns3:atemp>
            <ns3:hr>103</ns3:hr>
            <ns3:cad>0</ns3:cad>
          </ns3:TrackPointExtension>
        </extensions>
      </trkpt>
      <trkpt lat="55.43046955950558185577392578125" lon="37.7535188198089599609375">
        <ele>158</ele>
        <time>2026-01-28T14:19:07.000Z</time>
        <extensions>
          <ns3:TrackPointExtension>
            <ns3:atemp>8.0</ns3:atemp>
            <ns3:hr>103</ns3:hr>
            <ns3:cad>47</ns3:cad>
          </ns3:TrackPointExtension>
        </extensions>
      </trkpt>
      <trkpt lat="55.43049730360507965087890625" lon="37.75352745316922664642333984375">
        <ele>158</ele>
        <time>2026-01-28T14:19:08.000Z</time>
        <extensions>
          <ns3:TrackPointExtension>
            <ns3:atemp>7.0</ns3:atemp>
            <ns3:hr>103</ns3:hr>
            <ns3:cad>47</ns3:cad>
          </ns3:TrackPointExtension>
        </extensions>
      </trkpt>
      <trkpt lat="55.4305199347436428070068359375" lon="37.753528542816638946533203125">
        <ele>157.8000030517578125</ele>
        <time>2026-01-28T14:19:09.000Z</time>
        <extensions>
          <ns3:TrackPointExtension>
            <ns3:atemp>8.0</ns3:atemp>
            <ns3:hr>103</ns3:hr>
            <ns3:cad>47</ns3:cad>
          </ns3:TrackPointExtension>
        </extensions>
      </trkpt>
      <trkpt lat="55.430543906986713409423828125" lon="37.7535122819244861602783203125">
        <ele>157.8000030517578125</ele>
        <time>2026-01-28T14:19:10.000Z</time>
        <extensions>
          <ns3:TrackPointExtension>
            <ns3:atemp>8.0</ns3:atemp>
            <ns3:hr>103</ns3:hr>
            <ns3:cad>47</ns3:cad>
          </ns3:TrackPointExtension>
        </extensions>
      </trkpt>
      <trkpt lat="55.43056259863078594207763671875" lon="37.75348755531013011932373046875">
        <ele>157.8000030517578125</ele>
        <time>2026-01-28T14:19:11.000Z</time>
        <extensions>
          <ns3:TrackPointExtension>
            <ns3:atemp>8.0</ns3:atemp>
            <ns3:hr>103</ns3:hr>
            <ns3:cad>47</ns3:cad>
          </ns3:TrackPointExtension>
        </extensions>
      </trkpt>
      <trkpt lat="55.43057584203779697418212890625" lon="37.753468193113803863525390625">
        <ele>157.8000030517578125</ele>
        <time>2026-01-28T14:19:12.000Z</time>
        <extensions>
          <ns3:TrackPointExtension>
            <ns3:atemp>8.0</ns3:atemp>
            <ns3:hr>104</ns3:hr>
            <ns3:cad>83</ns3:cad>
          </ns3:TrackPointExtension>
        </extensions>
      </trkpt>
      <trkpt lat="55.43060325086116790771484375" lon="37.75347657501697540283203125">
        <ele>157.8000030517578125</ele>
        <time>2026-01-28T14:19:13.000Z</time>
        <extensions>
          <ns3:TrackPointExtension>
            <ns3:atemp>8.0</ns3:atemp>
            <ns3:hr>105</ns3:hr>
            <ns3:cad>83</ns3:cad>
          </ns3:TrackPointExtension>
        </extensions>
      </trkpt>
      <trkpt lat="55.430620014667510986328125" lon="37.7534827776253223419189453125">
        <ele>157.8000030517578125</ele>
        <time>2026-01-28T14:19:14.000Z</time>
        <extensions>
          <ns3:TrackPointExtension>
            <ns3:atemp>7.0</ns3:atemp>
            <ns3:hr>106</ns3:hr>
            <ns3:cad>83</ns3:cad>
          </ns3:TrackPointExtension>
        </extensions>
      </trkpt>
      <trkpt lat="55.43064038269221782684326171875" lon="37.7535025589168071746826171875">
        <ele>157.600006103515625</ele>
        <time>2026-01-28T14:19:15.000Z</time>
        <extensions>
          <ns3:TrackPointExtension>
            <ns3:atemp>7.0</ns3:atemp>
            <ns3:hr>106</ns3:hr>
            <ns3:cad>83</ns3:cad>
          </ns3:TrackPointExtension>
        </extensions>
      </trkpt>
      <trkpt lat="55.430661924183368682861328125" lon="37.753525860607624053955078125">
        <ele>157.600006103515625</ele>
        <time>2026-01-28T14:19:16.000Z</time>
        <extensions>
          <ns3:TrackPointExtension>
            <ns3:atemp>7.0</ns3:atemp>
            <ns3:hr>107</ns3:hr>
            <ns3:cad>83</ns3:cad>
          </ns3:TrackPointExtension>
        </extensions>
      </trkpt>
      <trkpt lat="55.43068178929388523101806640625" lon="37.75353969074785709381103515625">
        <ele>157.600006103515625</ele>
        <time>2026-01-28T14:19:17.000Z</time>
        <extensions>
          <ns3:TrackPointExtension>
            <ns3:atemp>8.0</ns3:atemp>
            <ns3:hr>107</ns3:hr>
            <ns3:cad>82</ns3:cad>
          </ns3:TrackPointExtension>
        </extensions>
      </trkpt>
      <trkpt lat="55.43071012012660503387451171875" lon="37.753559052944183349609375">
        <ele>157.600006103515625</ele>
        <time>2026-01-28T14:19:18.000Z</time>
        <extensions>
          <ns3:TrackPointExtension>
            <ns3:atemp>7.0</ns3:atemp>
            <ns3:hr>107</ns3:hr>
            <ns3:cad>82</ns3:cad>
          </ns3:TrackPointExtension>
        </extensions>
      </trkpt>
      <trkpt lat="55.43072453700006008148193359375" lon="37.75358009152114391326904296875">
        <ele>157.600006103515625</ele>
        <time>2026-01-28T14:19:19.000Z</time>
        <extensions>
          <ns3:TrackPointExtension>
            <ns3:atemp>7.0</ns3:atemp>
            <ns3:hr>107</ns3:hr>
            <ns3:cad>82</ns3:cad>
          </ns3:TrackPointExtension>
        </extensions>
      </trkpt>
      <trkpt lat="55.4307288117706775665283203125" lon="37.753607332706451416015625">
        <ele>157.600006103515625</ele>
        <time>2026-01-28T14:19:20.000Z</time>
        <extensions>
          <ns3:TrackPointExtension>
            <ns3:atemp>7.0</ns3:atemp>
            <ns3:hr>108</ns3:hr>
            <ns3:cad>82</ns3:cad>
          </ns3:TrackPointExtension>
        </extensions>
      </trkpt>
      <trkpt lat="55.43072797358036041259765625" lon="37.75365150533616542816162109375">
        <ele>157.399993896484375</ele>
        <time>2026-01-28T14:19:21.000Z</time>
        <extensions>
          <ns3:TrackPointExtension>
            <ns3:atemp>7.0</ns3:atemp>
            <ns3:hr>108</ns3:hr>
            <ns3:cad>82</ns3:cad>
          </ns3:TrackPointExtension>
        </extensions>
      </trkpt>
      <trkpt lat="55.43072604574263095855712890625" lon="37.7536810934543609619140625">
        <ele>157.399993896484375</ele>
        <time>2026-01-28T14:19:22.000Z</time>
        <extensions>
          <ns3:TrackPointExtension>
            <ns3:atemp>7.0</ns3:atemp>
            <ns3:hr>108</ns3:hr>
            <ns3:cad>82</ns3:cad>
          </ns3:TrackPointExtension>
        </extensions>
      </trkpt>
      <trkpt lat="55.4307234473526477813720703125" lon="37.75371990166604518890380859375">
        <ele>157.399993896484375</ele>
        <time>2026-01-28T14:19:23.000Z</time>
        <extensions>
          <ns3:TrackPointExtension>
            <ns3:atemp>7.0</ns3:atemp>
            <ns3:hr>109</ns3:hr>
            <ns3:cad>82</ns3:cad>
          </ns3:TrackPointExtension>
        </extensions>
      </trkpt>
      <trkpt lat="55.43072084896266460418701171875" lon="37.75376801379024982452392578125">
        <ele>157.399993896484375</ele>
        <time>2026-01-28T14:19:24.000Z</time>
        <extensions>
          <ns3:TrackPointExtension>
            <ns3:atemp>7.0</ns3:atemp>
            <ns3:hr>109</ns3:hr>
            <ns3:cad>82</ns3:cad>
          </ns3:TrackPointExtension>
        </extensions>
      </trkpt>
      <trkpt lat="55.430721603333950042724609375" lon="37.75380271486937999725341796875">
        <ele>157.399993896484375</ele>
        <time>2026-01-28T14:19:25.000Z</time>
        <extensions>
          <ns3:TrackPointExtension>
            <ns3:atemp>7.0</ns3:atemp>
            <ns3:hr>109</ns3:hr>
            <ns3:cad>81</ns3:cad>
          </ns3:TrackPointExtension>
        </extensions>
      </trkpt>
      <trkpt lat="55.43071699328720569610595703125" lon="37.753851749002933502197265625">
        <ele>157.399993896484375</ele>
        <time>2026-01-28T14:19:26.000Z</time>
        <extensions>
          <ns3:TrackPointExtension>
            <ns3:atemp>7.0</ns3:atemp>
            <ns3:hr>109</ns3:hr>
            <ns3:cad>81</ns3:cad>
          </ns3:TrackPointExtension>
        </extensions>
      </trkpt>
      <trkpt lat="55.43071481399238109588623046875" lon="37.7538861148059368133544921875">
        <ele>157.399993896484375</ele>
        <time>2026-01-28T14:19:27.000Z</time>
        <extensions>
          <ns3:TrackPointExtension>
            <ns3:atemp>8.0</ns3:atemp>
            <ns3:hr>109</ns3:hr>
            <ns3:cad>81</ns3:cad>
          </ns3:TrackPointExtension>
        </extensions>
      </trkpt>
      <trkpt lat="55.430716909468173980712890625" lon="37.75391855277121067047119140625">
        <ele>157.399993896484375</ele>
        <time>2026-01-28T14:19:28.000Z</time>
        <extensions>
          <ns3:TrackPointExtension>
            <ns3:atemp>7.0</ns3:atemp>
            <ns3:hr>110</ns3:hr>
            <ns3:cad>81</ns3:cad>
          </ns3:TrackPointExtension>
        </extensions>
      </trkpt>
      <trkpt lat="55.430712886154651641845703125" lon="37.7539652399718761444091796875">
        <ele>157.399993896484375</ele>
        <time>2026-01-28T14:19:29.000Z</time>
        <extensions>
          <ns3:TrackPointExtension>
            <ns3:atemp>7.0</ns3:atemp>
            <ns3:hr>110</ns3:hr>
            <ns3:cad>82</ns3:cad>
          </ns3:TrackPointExtension>
        </extensions>
      </trkpt>
      <trkpt lat="55.4307103715837001800537109375" lon="37.7540027908980846405029296875">
        <ele>157.399993896484375</ele>
        <time>2026-01-28T14:19:30.000Z</time>
        <extensions>
          <ns3:TrackPointExtension>
            <ns3:atemp>7.0</ns3:atemp>
            <ns3:hr>110</ns3:hr>
            <ns3:cad>83</ns3:cad>
          </ns3:TrackPointExtension>
        </extensions>
      </trkpt>
      <trkpt lat="55.43070919811725616455078125" lon="37.75404780171811580657958984375">
        <ele>157.399993896484375</ele>
        <time>2026-01-28T14:19:31.000Z</time>
        <extensions>
          <ns3:TrackPointExtension>
            <ns3:atemp>7.0</ns3:atemp>
            <ns3:hr>110</ns3:hr>
            <ns3:cad>83</ns3:cad>
          </ns3:TrackPointExtension>
        </extensions>
      </trkpt>
      <trkpt lat="55.43070173822343349456787109375" lon="37.7540953271090984344482421875">
        <ele>157.399993896484375</ele>
        <time>2026-01-28T14:19:32.000Z</time>
        <extensions>
          <ns3:TrackPointExtension>
            <ns3:atemp>7.0</ns3:atemp>
            <ns3:hr>111</ns3:hr>
            <ns3:cad>83</ns3:cad>
          </ns3:TrackPointExtension>
        </extensions>
      </trkpt>
      <trkpt lat="55.4307016544044017791748046875" lon="37.754129357635974884033203125">
        <ele>157.399993896484375</ele>
        <time>2026-01-28T14:19:33.000Z</time>
        <extensions>
          <ns3:TrackPointExtension>
            <ns3:atemp>7.0</ns3:atemp>
            <ns3:hr>111</ns3:hr>
            <ns3:cad>83</ns3:cad>
          </ns3:TrackPointExtension>
        </extensions>
      </trkpt>
      <trkpt lat="55.43069603852927684783935546875" lon="37.75417855940759181976318359375">
        <ele>157.399993896484375</ele>
        <time>2026-01-28T14:19:34.000Z</time>
        <extensions>
          <ns3:TrackPointExtension>
            <ns3:atemp>7.0</ns3:atemp>
            <ns3:hr>111</ns3:hr>
            <ns3:cad>82</ns3:cad>
          </ns3:TrackPointExtension>
        </extensions>
      </trkpt>
      <trkpt lat="55.43069310486316680908203125" lon="37.75421409867703914642333984375">
        <ele>157.600006103515625</ele>
        <time>2026-01-28T14:19:35.000Z</time>
        <extensions>
          <ns3:TrackPointExtension>
            <ns3:atemp>7.0</ns3:atemp>
            <ns3:hr>111</ns3:hr>
            <ns3:cad>82</ns3:cad>
          </ns3:TrackPointExtension>
        </extensions>
      </trkpt>
      <trkpt lat="55.43069176375865936279296875" lon="37.7542522363364696502685546875">
        <ele>157.600006103515625</ele>
        <time>2026-01-28T14:19:36.000Z</time>
        <extensions>
          <ns3:TrackPointExtension>
            <ns3:atemp>7.0</ns3:atemp>
            <ns3:hr>112</ns3:hr>
            <ns3:cad>83</ns3:cad>
          </ns3:TrackPointExtension>
        </extensions>
      </trkpt>
      <trkpt lat="55.4306865669786930084228515625" lon="37.7543018572032451629638671875">
        <ele>157.600006103515625</ele>
        <time>2026-01-28T14:19:37.000Z</time>
        <extensions>
          <ns3:TrackPointExtension>
            <ns3:atemp>7.0</ns3:atemp>
            <ns3:hr>112</ns3:hr>
            <ns3:cad>83</ns3:cad>
          </ns3:TrackPointExtension>
        </extensions>
      </trkpt>
      <trkpt lat="55.43068782426416873931884765625" lon="37.75433488190174102783203125">
        <ele>157.8000030517578125</ele>
        <time>2026-01-28T14:19:38.000Z</time>
        <extensions>
          <ns3:TrackPointExtension>
            <ns3:atemp>7.0</ns3:atemp>
            <ns3:hr>113</ns3:hr>
            <ns3:cad>83</ns3:cad>
          </ns3:TrackPointExtension>
        </extensions>
      </trkpt>
      <trkpt lat="55.43068497441709041595458984375" lon="37.7543850056827068328857421875">
        <ele>157.8000030517578125</ele>
        <time>2026-01-28T14:19:39.000Z</time>
        <extensions>
          <ns3:TrackPointExtension>
            <ns3:atemp>7.0</ns3:atemp>
            <ns3:hr>113</ns3:hr>
            <ns3:cad>82</ns3:cad>
          </ns3:TrackPointExtension>
        </extensions>
      </trkpt>
      <trkpt lat="55.4306822083890438079833984375" lon="37.7544249035418033599853515625">
        <ele>157.8000030517578125</ele>
        <time>2026-01-28T14:19:40.000Z</time>
        <extensions>
          <ns3:TrackPointExtension>
            <ns3:atemp>7.0</ns3:atemp>
            <ns3:hr>114</ns3:hr>
            <ns3:cad>82</ns3:cad>
          </ns3:TrackPointExtension>
        </extensions>
      </trkpt>
      <trkpt lat="55.4306822083890438079833984375" lon="37.75445834733545780181884765625">
        <ele>157.8000030517578125</ele>
        <time>2026-01-28T14:19:41.000Z</time>
        <extensions>
          <ns3:TrackPointExtension>
            <ns3:atemp>7.0</ns3:atemp>
            <ns3:hr>114</ns3:hr>
            <ns3:cad>82</ns3:cad>
          </ns3:TrackPointExtension>
        </extensions>
      </trkpt>
      <trkpt lat="55.4306749999523162841796875" lon="37.7545073814690113067626953125">
        <ele>158</ele>
        <time>2026-01-28T14:19:42.000Z</time>
        <extensions>
          <ns3:TrackPointExtension>
            <ns3:atemp>7.0</ns3:atemp>
            <ns3:hr>114</ns3:hr>
            <ns3:cad>82</ns3:cad>
          </ns3:TrackPointExtension>
        </extensions>
      </trkpt>
      <trkpt lat="55.4306744970381259918212890625" lon="37.7545399032533168792724609375">
        <ele>158</ele>
        <time>2026-01-28T14:19:43.000Z</time>
        <extensions>
          <ns3:TrackPointExtension>
            <ns3:atemp>7.0</ns3:atemp>
            <ns3:hr>115</ns3:hr>
            <ns3:cad>83</ns3:cad>
          </ns3:TrackPointExtension>
        </extensions>
      </trkpt>
      <trkpt lat="55.43067391030490398406982421875" lon="37.75457669980823993682861328125">
        <ele>158</ele>
        <time>2026-01-28T14:19:44.000Z</time>
        <extensions>
          <ns3:TrackPointExtension>
            <ns3:atemp>7.0</ns3:atemp>
            <ns3:hr>115</ns3:hr>
            <ns3:cad>83</ns3:cad>
          </ns3:TrackPointExtension>
        </extensions>
      </trkpt>
      <trkpt lat="55.4306681267917156219482421875" lon="37.7546280808746814727783203125">
        <ele>158.1999969482421875</ele>
        <time>2026-01-28T14:19:45.000Z</time>
        <extensions>
          <ns3:TrackPointExtension>
            <ns3:atemp>7.0</ns3:atemp>
            <ns3:hr>116</ns3:hr>
            <ns3:cad>83</ns3:cad>
          </ns3:TrackPointExtension>
        </extensions>
      </trkpt>
      <trkpt lat="55.43067106045782566070556640625" lon="37.754664123058319091796875">
        <ele>158.1999969482421875</ele>
        <time>2026-01-28T14:19:46.000Z</time>
        <extensions>
          <ns3:TrackPointExtension>
            <ns3:atemp>7.0</ns3:atemp>
            <ns3:hr>116</ns3:hr>
            <ns3:cad>83</ns3:cad>
          </ns3:TrackPointExtension>
        </extensions>
      </trkpt>
      <trkpt lat="55.430668629705905914306640625" lon="37.754704020917415618896484375">
        <ele>158.1999969482421875</ele>
        <time>2026-01-28T14:19:47.000Z</time>
        <extensions>
          <ns3:TrackPointExtension>
            <ns3:atemp>7.0</ns3:atemp>
            <ns3:hr>117</ns3:hr>
            <ns3:cad>82</ns3:cad>
          </ns3:TrackPointExtension>
        </extensions>
      </trkpt>
      <trkpt lat="55.43066401965916156768798828125" lon="37.754743583500385284423828125">
        <ele>158.399993896484375</ele>
        <time>2026-01-28T14:19:48.000Z</time>
        <extensions>
          <ns3:TrackPointExtension>
            <ns3:atemp>7.0</ns3:atemp>
            <ns3:hr>117</ns3:hr>
            <ns3:cad>82</ns3:cad>
          </ns3:TrackPointExtension>
        </extensions>
      </trkpt>
      <trkpt lat="55.43066536076366901397705078125" lon="37.754777111113071441650390625">
        <ele>158.399993896484375</ele>
        <time>2026-01-28T14:19:49.000Z</time>
        <extensions>
          <ns3:TrackPointExtension>
            <ns3:atemp>7.0</ns3:atemp>
            <ns3:hr>118</ns3:hr>
            <ns3:cad>83</ns3:cad>
          </ns3:TrackPointExtension>
        </extensions>
      </trkpt>
      <trkpt lat="55.43066334910690784454345703125" lon="37.75482631288468837738037109375">
        <ele>158.399993896484375</ele>
        <time>2026-01-28T14:19:50.000Z</time>
        <extensions>
          <ns3:TrackPointExtension>
            <ns3:atemp>7.0</ns3:atemp>
            <ns3:hr>118</ns3:hr>
            <ns3:cad>83</ns3:cad>
          </ns3:TrackPointExtension>
        </extensions>
      </trkpt>
      <trkpt lat="55.43066116981208324432373046875" lon="37.75486201979219913482666015625">
        <ele>158.399993896484375</ele>
        <time>2026-01-28T14:19:51.000Z</time>
        <extensions>
          <ns3:TrackPointExtension>
            <ns3:atemp>7.0</ns3:atemp>
            <ns3:hr>118</ns3:hr>
            <ns3:cad>83</ns3:cad>
          </ns3:TrackPointExtension>
        </extensions>
      </trkpt>
      <trkpt lat="55.4306577332317829132080078125" lon="37.75489990599453449249267578125">
        <ele>158.399993896484375</ele>
        <time>2026-01-28T14:19:52.000Z</time>
        <extensions>
          <ns3:TrackPointExtension>
            <ns3:atemp>7.0</ns3:atemp>
            <ns3:hr>119</ns3:hr>
            <ns3:cad>82</ns3:cad>
          </ns3:TrackPointExtension>
        </extensions>
      </trkpt>
      <trkpt lat="55.43065882287919521331787109375" lon="37.754946760833263397216796875">
        <ele>158.399993896484375</ele>
        <time>2026-01-28T14:19:53.000Z</time>
        <extensions>
          <ns3:TrackPointExtension>
            <ns3:atemp>7.0</ns3:atemp>
            <ns3:hr>119</ns3:hr>
            <ns3:cad>81</ns3:cad>
          </ns3:TrackPointExtension>
        </extensions>
      </trkpt>
      <trkpt lat="55.43065597303211688995361328125" lon="37.7549764327704906463623046875">
        <ele>158.399993896484375</ele>
        <time>2026-01-28T14:19:54.000Z</time>
        <extensions>
          <ns3:TrackPointExtension>
            <ns3:atemp>7.0</ns3:atemp>
            <ns3:hr>120</ns3:hr>
            <ns3:cad>81</ns3:cad>
          </ns3:TrackPointExtension>
        </extensions>
      </trkpt>
      <trkpt lat="55.43065597303211688995361328125" lon="37.75501406751573085784912109375">
        <ele>158.399993896484375</ele>
        <time>2026-01-28T14:19:55.000Z</time>
        <extensions>
          <ns3:TrackPointExtension>
            <ns3:atemp>7.0</ns3:atemp>
            <ns3:hr>120</ns3:hr>
            <ns3:cad>81</ns3:cad>
          </ns3:TrackPointExtension>
        </extensions>
      </trkpt>
      <trkpt lat="55.43065194971859455108642578125" lon="37.7550532110035419464111328125">
        <ele>158.399993896484375</ele>
        <time>2026-01-28T14:19:56.000Z</time>
        <extensions>
          <ns3:TrackPointExtension>
            <ns3:atemp>7.0</ns3:atemp>
            <ns3:hr>120</ns3:hr>
            <ns3:cad>81</ns3:cad>
          </ns3:TrackPointExtension>
        </extensions>
      </trkpt>
      <trkpt lat="55.4306557215750217437744140625" lon="37.7550897561013698577880859375">
        <ele>158.399993896484375</ele>
        <time>2026-01-28T14:19:57.000Z</time>
        <extensions>
          <ns3:TrackPointExtension>
            <ns3:atemp>7.0</ns3:atemp>
            <ns3:hr>121</ns3:hr>
            <ns3:cad>81</ns3:cad>
          </ns3:TrackPointExtension>
        </extensions>
      </trkpt>
      <trkpt lat="55.430653207004070281982421875" lon="37.75513778440654277801513671875">
        <ele>158.399993896484375</ele>
        <time>2026-01-28T14:19:58.000Z</time>
        <extensions>
          <ns3:TrackPointExtension>
            <ns3:atemp>7.0</ns3:atemp>
            <ns3:hr>121</ns3:hr>
            <ns3:cad>81</ns3:cad>
          </ns3:TrackPointExtension>
        </extensions>
      </trkpt>
      <trkpt lat="55.43064239434897899627685546875" lon="37.7551594935357570648193359375">
        <ele>158.399993896484375</ele>
        <time>2026-01-28T14:19:59.000Z</time>
        <extensions>
          <ns3:TrackPointExtension>
            <ns3:atemp>7.0</ns3:atemp>
            <ns3:hr>121</ns3:hr>
            <ns3:cad>81</ns3:cad>
          </ns3:TrackPointExtension>
        </extensions>
      </trkpt>
      <trkpt lat="55.43063275516033172607421875" lon="37.7551621757447719573974609375">
        <ele>158.600006103515625</ele>
        <time>2026-01-28T14:20:00.000Z</time>
        <extensions>
          <ns3:TrackPointExtension>
            <ns3:atemp>7.0</ns3:atemp>
            <ns3:hr>122</ns3:hr>
            <ns3:cad>82</ns3:cad>
          </ns3:TrackPointExtension>
        </extensions>
      </trkpt>
      <trkpt lat="55.43062261305749416351318359375" lon="37.75517181493341922760009765625">
        <ele>158.600006103515625</ele>
        <time>2026-01-28T14:20:01.000Z</time>
        <extensions>
          <ns3:TrackPointExtension>
            <ns3:atemp>7.0</ns3:atemp>
            <ns3:hr>122</ns3:hr>
            <ns3:cad>82</ns3:cad>
          </ns3:TrackPointExtension>
        </extensions>
      </trkpt>
      <trkpt lat="55.43060031719505786895751953125" lon="37.75517977774143218994140625">
        <ele>158.600006103515625</ele>
        <time>2026-01-28T14:20:02.000Z</time>
        <extensions>
          <ns3:TrackPointExtension>
            <ns3:atemp>7.0</ns3:atemp>
            <ns3:hr>122</ns3:hr>
            <ns3:cad>81</ns3:cad>
          </ns3:TrackPointExtension>
        </extensions>
      </trkpt>
      <trkpt lat="55.4305759258568286895751953125" lon="37.75518589653074741363525390625">
        <ele>158.600006103515625</ele>
        <time>2026-01-28T14:20:03.000Z</time>
        <extensions>
          <ns3:TrackPointExtension>
            <ns3:atemp>7.0</ns3:atemp>
            <ns3:hr>122</ns3:hr>
            <ns3:cad>81</ns3:cad>
          </ns3:TrackPointExtension>
        </extensions>
      </trkpt>
      <trkpt lat="55.43056494556367397308349609375" lon="37.75520198978483676910400390625">
        <ele>158.600006103515625</ele>
        <time>2026-01-28T14:20:04.000Z</time>
        <extensions>
          <ns3:TrackPointExtension>
            <ns3:atemp>7.0</ns3:atemp>
            <ns3:hr>123</ns3:hr>
            <ns3:cad>81</ns3:cad>
          </ns3:TrackPointExtension>
        </extensions>
      </trkpt>
      <trkpt lat="55.43055471964180469512939453125" lon="37.75523786433041095733642578125">
        <ele>158.600006103515625</ele>
        <time>2026-01-28T14:20:05.000Z</time>
        <extensions>
          <ns3:TrackPointExtension>
            <ns3:atemp>7.0</ns3:atemp>
            <ns3:hr>123</ns3:hr>
            <ns3:cad>81</ns3:cad>
          </ns3:TrackPointExtension>
        </extensions>
      </trkpt>
      <trkpt lat="55.43055069632828235626220703125" lon="37.7552701346576213836669921875">
        <ele>158.399993896484375</ele>
        <time>2026-01-28T14:20:06.000Z</time>
        <extensions>
          <ns3:TrackPointExtension>
            <ns3:atemp>7.0</ns3:atemp>
            <ns3:hr>123</ns3:hr>
            <ns3:cad>81</ns3:cad>
          </ns3:TrackPointExtension>
        </extensions>
      </trkpt>
      <trkpt lat="55.43054834939539432525634765625" lon="37.75530626066029071807861328125">
        <ele>158.399993896484375</ele>
        <time>2026-01-28T14:20:07.000Z</time>
        <extensions>
          <ns3:TrackPointExtension>
            <ns3:atemp>7.0</ns3:atemp>
            <ns3:hr>123</ns3:hr>
            <ns3:cad>81</ns3:cad>
          </ns3:TrackPointExtension>
        </extensions>
      </trkpt>
      <trkpt lat="55.43054197914898395538330078125" lon="37.75535034947097301483154296875">
        <ele>158.399993896484375</ele>
        <time>2026-01-28T14:20:08.000Z</time>
        <extensions>
          <ns3:TrackPointExtension>
            <ns3:atemp>7.0</ns3:atemp>
            <ns3:hr>123</ns3:hr>
            <ns3:cad>81</ns3:cad>
          </ns3:TrackPointExtension>
        </extensions>
      </trkpt>
      <trkpt lat="55.4305420629680156707763671875" lon="37.75538069196045398712158203125">
        <ele>158.399993896484375</ele>
        <time>2026-01-28T14:20:09.000Z</time>
        <extensions>
          <ns3:TrackPointExtension>
            <ns3:atemp>7.0</ns3:atemp>
            <ns3:hr>122</ns3:hr>
            <ns3:cad>81</ns3:cad>
          </ns3:TrackPointExtension>
        </extensions>
      </trkpt>
      <trkpt lat="55.43054214678704738616943359375" lon="37.755418829619884490966796875">
        <ele>158.1999969482421875</ele>
        <time>2026-01-28T14:20:10.000Z</time>
        <extensions>
          <ns3:TrackPointExtension>
            <ns3:atemp>7.0</ns3:atemp>
            <ns3:hr>122</ns3:hr>
            <ns3:cad>83</ns3:cad>
          </ns3:TrackPointExtension>
        </extensions>
      </trkpt>
      <trkpt lat="55.43053661473095417022705078125" lon="37.75546233169734477996826171875">
        <ele>158.399993896484375</ele>
        <time>2026-01-28T14:20:11.000Z</time>
        <extensions>
          <ns3:TrackPointExtension>
            <ns3:atemp>7.0</ns3:atemp>
            <ns3:hr>122</ns3:hr>
            <ns3:cad>83</ns3:cad>
          </ns3:TrackPointExtension>
        </extensions>
      </trkpt>
      <trkpt lat="55.43054021894931793212890625" lon="37.75549384765326976776123046875">
        <ele>158.399993896484375</ele>
        <time>2026-01-28T14:20:12.000Z</time>
        <extensions>
          <ns3:TrackPointExtension>
            <ns3:atemp>7.0</ns3:atemp>
            <ns3:hr>122</ns3:hr>
            <ns3:cad>83</ns3:cad>
          </ns3:TrackPointExtension>
        </extensions>
      </trkpt>
      <trkpt lat="55.43053845874965190887451171875" lon="37.75553609244525432586669921875">
        <ele>158.399993896484375</ele>
        <time>2026-01-28T14:20:13.000Z</time>
        <extensions>
          <ns3:TrackPointExtension>
            <ns3:atemp>7.0</ns3:atemp>
            <ns3:hr>122</ns3:hr>
            <ns3:cad>81</ns3:cad>
          </ns3:TrackPointExtension>
        </extensions>
      </trkpt>
      <trkpt lat="55.43053125031292438507080078125" lon="37.75557733140885829925537109375">
        <ele>158.399993896484375</ele>
        <time>2026-01-28T14:20:14.000Z</time>
        <extensions>
          <ns3:TrackPointExtension>
            <ns3:atemp>7.0</ns3:atemp>
            <ns3:hr>121</ns3:hr>
            <ns3:cad>81</ns3:cad>
          </ns3:TrackPointExtension>
        </extensions>
      </trkpt>
      <trkpt lat="55.4305303283035755157470703125" lon="37.75560901500284671783447265625">
        <ele>158.399993896484375</ele>
        <time>2026-01-28T14:20:15.000Z</time>
        <extensions>
          <ns3:TrackPointExtension>
            <ns3:atemp>7.0</ns3:atemp>
            <ns3:hr>121</ns3:hr>
            <ns3:cad>81</ns3:cad>
          </ns3:TrackPointExtension>
        </extensions>
      </trkpt>
      <trkpt lat="55.430525802075862884521484375" lon="37.7556476555764675140380859375">
        <ele>158.399993896484375</ele>
        <time>2026-01-28T14:20:16.000Z</time>
        <extensions>
          <ns3:TrackPointExtension>
            <ns3:atemp>7.0</ns3:atemp>
            <ns3:hr>121</ns3:hr>
            <ns3:cad>81</ns3:cad>
          </ns3:TrackPointExtension>
        </extensions>
      </trkpt>
      <trkpt lat="55.430520437657833099365234375" lon="37.755683027207851409912109375">
        <ele>158.399993896484375</ele>
        <time>2026-01-28T14:20:17.000Z</time>
        <extensions>
          <ns3:TrackPointExtension>
            <ns3:atemp>7.0</ns3:atemp>
            <ns3:hr>122</ns3:hr>
            <ns3:cad>81</ns3:cad>
          </ns3:TrackPointExtension>
        </extensions>
      </trkpt>
      <trkpt lat="55.4305202700197696685791015625" lon="37.75571613572537899017333984375">
        <ele>158.399993896484375</ele>
        <time>2026-01-28T14:20:18.000Z</time>
        <extensions>
          <ns3:TrackPointExtension>
            <ns3:atemp>7.0</ns3:atemp>
            <ns3:hr>121</ns3:hr>
            <ns3:cad>81</ns3:cad>
          </ns3:TrackPointExtension>
        </extensions>
      </trkpt>
      <trkpt lat="55.43051314540207386016845703125" lon="37.7557593025267124176025390625">
        <ele>158.399993896484375</ele>
        <time>2026-01-28T14:20:19.000Z</time>
        <extensions>
          <ns3:TrackPointExtension>
            <ns3:atemp>7.0</ns3:atemp>
            <ns3:hr>121</ns3:hr>
            <ns3:cad>81</ns3:cad>
          </ns3:TrackPointExtension>
        </extensions>
      </trkpt>
      <trkpt lat="55.4305125586688518524169921875" lon="37.75578302331268787384033203125">
        <ele>158.399993896484375</ele>
        <time>2026-01-28T14:20:20.000Z</time>
        <extensions>
          <ns3:TrackPointExtension>
            <ns3:atemp>7.0</ns3:atemp>
            <ns3:hr>122</ns3:hr>
            <ns3:cad>81</ns3:cad>
          </ns3:TrackPointExtension>
        </extensions>
      </trkpt>
      <trkpt lat="55.43052203021943569183349609375" lon="37.75579643435776233673095703125">
        <ele>158.600006103515625</ele>
        <time>2026-01-28T14:20:21.000Z</time>
        <extensions>
          <ns3:TrackPointExtension>
            <ns3:atemp>7.0</ns3:atemp>
            <ns3:hr>121</ns3:hr>
            <ns3:cad>81</ns3:cad>
          </ns3:TrackPointExtension>
        </extensions>
      </trkpt>
      <trkpt lat="55.4305333457887172698974609375" lon="37.75579660199582576751708984375">
        <ele>158.600006103515625</ele>
        <time>2026-01-28T14:20:22.000Z</time>
        <extensions>
          <ns3:TrackPointExtension>
            <ns3:atemp>7.0</ns3:atemp>
            <ns3:hr>121</ns3:hr>
            <ns3:cad>82</ns3:cad>
          </ns3:TrackPointExtension>
        </extensions>
      </trkpt>
      <trkpt lat="55.43054432608187198638916015625" lon="37.75579408742487430572509765625">
        <ele>158.600006103515625</ele>
        <time>2026-01-28T14:20:23.000Z</time>
        <extensions>
          <ns3:TrackPointExtension>
            <ns3:atemp>7.0</ns3:atemp>
            <ns3:hr>121</ns3:hr>
            <ns3:cad>82</ns3:cad>
          </ns3:TrackPointExtension>
        </extensions>
      </trkpt>
      <trkpt lat="55.43056712485849857330322265625" lon="37.75579534471035003662109375">
        <ele>158.8000030517578125</ele>
        <time>2026-01-28T14:20:24.000Z</time>
        <extensions>
          <ns3:TrackPointExtension>
            <ns3:atemp>7.0</ns3:atemp>
            <ns3:hr>121</ns3:hr>
            <ns3:cad>79</ns3:cad>
          </ns3:TrackPointExtension>
        </extensions>
      </trkpt>
      <trkpt lat="55.43058045208454132080078125" lon="37.75580498389899730682373046875">
        <ele>158.8000030517578125</ele>
        <time>2026-01-28T14:20:25.000Z</time>
        <extensions>
          <ns3:TrackPointExtension>
            <ns3:atemp>7.0</ns3:atemp>
            <ns3:hr>121</ns3:hr>
            <ns3:cad>79</ns3:cad>
          </ns3:TrackPointExtension>
        </extensions>
      </trkpt>
      <trkpt lat="55.430595539510250091552734375" lon="37.7558129467070102691650390625">
        <ele>158.8000030517578125</ele>
        <time>2026-01-28T14:20:26.000Z</time>
        <extensions>
          <ns3:TrackPointExtension>
            <ns3:atemp>7.0</ns3:atemp>
            <ns3:hr>121</ns3:hr>
            <ns3:cad>79</ns3:cad>
          </ns3:TrackPointExtension>
        </extensions>
      </trkpt>
      <trkpt lat="55.4306188412010669708251953125" lon="37.75582795031368732452392578125">
        <ele>158.8000030517578125</ele>
        <time>2026-01-28T14:20:27.000Z</time>
        <extensions>
          <ns3:TrackPointExtension>
            <ns3:atemp>7.0</ns3:atemp>
            <ns3:hr>120</ns3:hr>
            <ns3:cad>79</ns3:cad>
          </ns3:TrackPointExtension>
        </extensions>
      </trkpt>
      <trkpt lat="55.43063652701675891876220703125" lon="37.75583155453205108642578125">
        <ele>158.8000030517578125</ele>
        <time>2026-01-28T14:20:28.000Z</time>
        <extensions>
          <ns3:TrackPointExtension>
            <ns3:atemp>7.0</ns3:atemp>
            <ns3:hr>120</ns3:hr>
            <ns3:cad>81</ns3:cad>
          </ns3:TrackPointExtension>
        </extensions>
      </trkpt>
      <trkpt lat="55.430658571422100067138671875" lon="37.75583155453205108642578125">
        <ele>158.8000030517578125</ele>
        <time>2026-01-28T14:20:29.000Z</time>
        <extensions>
          <ns3:TrackPointExtension>
            <ns3:atemp>7.0</ns3:atemp>
            <ns3:hr>120</ns3:hr>
            <ns3:cad>81</ns3:cad>
          </ns3:TrackPointExtension>
        </extensions>
      </trkpt>
      <trkpt lat="55.43068296276032924652099609375" lon="37.755842618644237518310546875">
        <ele>158.8000030517578125</ele>
        <time>2026-01-28T14:20:30.000Z</time>
        <extensions>
          <ns3:TrackPointExtension>
            <ns3:atemp>7.0</ns3:atemp>
            <ns3:hr>120</ns3:hr>
            <ns3:cad>81</ns3:cad>
          </ns3:TrackPointExtension>
        </extensions>
      </trkpt>
      <trkpt lat="55.4306993074715137481689453125" lon="37.75583633221685886383056640625">
        <ele>158.8000030517578125</ele>
        <time>2026-01-28T14:20:31.000Z</time>
        <extensions>
          <ns3:TrackPointExtension>
            <ns3:atemp>7.0</ns3:atemp>
            <ns3:hr>119</ns3:hr>
            <ns3:cad>81</ns3:cad>
          </ns3:TrackPointExtension>
        </extensions>
      </trkpt>
      <trkpt lat="55.43072705157101154327392578125" lon="37.75584706105291843414306640625">
        <ele>158.8000030517578125</ele>
        <time>2026-01-28T14:20:32.000Z</time>
        <extensions>
          <ns3:TrackPointExtension>
            <ns3:atemp>7.0</ns3:atemp>
            <ns3:hr>120</ns3:hr>
            <ns3:cad>81</ns3:cad>
          </ns3:TrackPointExtension>
        </extensions>
      </trkpt>
      <trkpt lat="55.430745072662830352783203125" lon="37.7558518387377262115478515625">
        <ele>158.8000030517578125</ele>
        <time>2026-01-28T14:20:33.000Z</time>
        <extensions>
          <ns3:TrackPointExtension>
            <ns3:atemp>7.0</ns3:atemp>
            <ns3:hr>120</ns3:hr>
            <ns3:cad>83</ns3:cad>
          </ns3:TrackPointExtension>
        </extensions>
      </trkpt>
      <trkpt lat="55.43076552450656890869140625" lon="37.7558510005474090576171875">
        <ele>158.8000030517578125</ele>
        <time>2026-01-28T14:20:34.000Z</time>
        <extensions>
          <ns3:TrackPointExtension>
            <ns3:atemp>7.0</ns3:atemp>
            <ns3:hr>120</ns3:hr>
            <ns3:cad>83</ns3:cad>
          </ns3:TrackPointExtension>
        </extensions>
      </trkpt>
      <trkpt lat="55.4307911731302738189697265625" lon="37.75583985261619091033935546875">
        <ele>158.8000030517578125</ele>
        <time>2026-01-28T14:20:35.000Z</time>
        <extensions>
          <ns3:TrackPointExtension>
            <ns3:atemp>7.0</ns3:atemp>
            <ns3:hr>120</ns3:hr>
            <ns3:cad>84</ns3:cad>
          </ns3:TrackPointExtension>
        </extensions>
      </trkpt>
      <trkpt lat="55.43080466799437999725341796875" lon="37.75583029724657535552978515625">
        <ele>158.8000030517578125</ele>
        <time>2026-01-28T14:20:36.000Z</time>
        <extensions>
          <ns3:TrackPointExtension>
            <ns3:atemp>7.0</ns3:atemp>
            <ns3:hr>119</ns3:hr>
            <ns3:cad>85</ns3:cad>
          </ns3:TrackPointExtension>
        </extensions>
      </trkpt>
      <trkpt lat="55.43082495220005512237548828125" lon="37.75581403635442256927490234375">
        <ele>158.600006103515625</ele>
        <time>2026-01-28T14:20:37.000Z</time>
        <extensions>
          <ns3:TrackPointExtension>
            <ns3:atemp>7.0</ns3:atemp>
            <ns3:hr>120</ns3:hr>
            <ns3:cad>84</ns3:cad>
          </ns3:TrackPointExtension>
        </extensions>
      </trkpt>
      <trkpt lat="55.43084733188152313232421875" lon="37.75579794310033321380615234375">
        <ele>158.600006103515625</ele>
        <time>2026-01-28T14:20:38.000Z</time>
        <extensions>
          <ns3:TrackPointExtension>
            <ns3:atemp>7.0</ns3:atemp>
            <ns3:hr>120</ns3:hr>
            <ns3:cad>83</ns3:cad>
          </ns3:TrackPointExtension>
        </extensions>
      </trkpt>
      <trkpt lat="55.43086300604045391082763671875" lon="37.75577916763722896575927734375">
        <ele>158.600006103515625</ele>
        <time>2026-01-28T14:20:39.000Z</time>
        <extensions>
          <ns3:TrackPointExtension>
            <ns3:atemp>7.0</ns3:atemp>
            <ns3:hr>119</ns3:hr>
            <ns3:cad>83</ns3:cad>
          </ns3:TrackPointExtension>
        </extensions>
      </trkpt>
      <trkpt lat="55.4308895766735076904296875" lon="37.755770869553089141845703125">
        <ele>158.600006103515625</ele>
        <time>2026-01-28T14:20:40.000Z</time>
        <extensions>
          <ns3:TrackPointExtension>
            <ns3:atemp>7.0</ns3:atemp>
            <ns3:hr>119</ns3:hr>
            <ns3:cad>81</ns3:cad>
          </ns3:TrackPointExtension>
        </extensions>
      </trkpt>
      <trkpt lat="55.43090608902275562286376953125" lon="37.7557576261460781097412109375">
        <ele>158.600006103515625</ele>
        <time>2026-01-28T14:20:41.000Z</time>
        <extensions>
          <ns3:TrackPointExtension>
            <ns3:atemp>7.0</ns3:atemp>
            <ns3:hr>116</ns3:hr>
            <ns3:cad>82</ns3:cad>
          </ns3:TrackPointExtension>
        </extensions>
      </trkpt>
      <trkpt lat="55.43092352338135242462158203125" lon="37.75574480183422565460205078125">
        <ele>158.600006103515625</ele>
        <time>2026-01-28T14:20:42.000Z</time>
        <extensions>
          <ns3:TrackPointExtension>
            <ns3:atemp>7.0</ns3:atemp>
            <ns3:hr>116</ns3:hr>
            <ns3:cad>82</ns3:cad>
          </ns3:TrackPointExtension>
        </extensions>
      </trkpt>
      <trkpt lat="55.43094732798635959625244140625" lon="37.75573390536010265350341796875">
        <ele>158.600006103515625</ele>
        <time>2026-01-28T14:20:43.000Z</time>
        <extensions>
          <ns3:TrackPointExtension>
            <ns3:atemp>7.0</ns3:atemp>
            <ns3:hr>116</ns3:hr>
            <ns3:cad>82</ns3:cad>
          </ns3:TrackPointExtension>
        </extensions>
      </trkpt>
      <trkpt lat="55.43096258305013179779052734375" lon="37.75571714155375957489013671875">
        <ele>158.600006103515625</ele>
        <time>2026-01-28T14:20:44.000Z</time>
        <extensions>
          <ns3:TrackPointExtension>
            <ns3:atemp>7.0</ns3:atemp>
            <ns3:hr>116</ns3:hr>
            <ns3:cad>83</ns3:cad>
          </ns3:TrackPointExtension>
        </extensions>
      </trkpt>
      <trkpt lat="55.43098772875964641571044921875" lon="37.75570507161319255828857421875">
        <ele>158.600006103515625</ele>
        <time>2026-01-28T14:20:45.000Z</time>
        <extensions>
          <ns3:TrackPointExtension>
            <ns3:atemp>7.0</ns3:atemp>
            <ns3:hr>117</ns3:hr>
            <ns3:cad>83</ns3:cad>
          </ns3:TrackPointExtension>
        </extensions>
      </trkpt>
      <trkpt lat="55.43100692331790924072265625" lon="37.75569744408130645751953125">
        <ele>158.600006103515625</ele>
        <time>2026-01-28T14:20:46.000Z</time>
        <extensions>
          <ns3:TrackPointExtension>
            <ns3:atemp>7.0</ns3:atemp>
            <ns3:hr>117</ns3:hr>
            <ns3:cad>82</ns3:cad>
          </ns3:TrackPointExtension>
        </extensions>
      </trkpt>
      <trkpt lat="55.43102377094328403472900390625" lon="37.75568269193172454833984375">
        <ele>158.399993896484375</ele>
        <time>2026-01-28T14:20:47.000Z</time>
        <extensions>
          <ns3:TrackPointExtension>
            <ns3:atemp>7.0</ns3:atemp>
            <ns3:hr>117</ns3:hr>
            <ns3:cad>82</ns3:cad>
          </ns3:TrackPointExtension>
        </extensions>
      </trkpt>
      <trkpt lat="55.4310526885092258453369140625" lon="37.755668945610523223876953125">
        <ele>158.399993896484375</ele>
        <time>2026-01-28T14:20:48.000Z</time>
        <extensions>
          <ns3:TrackPointExtension>
            <ns3:atemp>7.0</ns3:atemp>
            <ns3:hr>117</ns3:hr>
            <ns3:cad>82</ns3:cad>
          </ns3:TrackPointExtension>
        </extensions>
      </trkpt>
      <trkpt lat="55.43107054196298122406005859375" lon="37.75565427727997303009033203125">
        <ele>158.399993896484375</ele>
        <time>2026-01-28T14:20:49.000Z</time>
        <extensions>
          <ns3:TrackPointExtension>
            <ns3:atemp>7.0</ns3:atemp>
            <ns3:hr>117</ns3:hr>
            <ns3:cad>82</ns3:cad>
          </ns3:TrackPointExtension>
        </extensions>
      </trkpt>
      <trkpt lat="55.4310895688831806182861328125" lon="37.7556391060352325439453125">
        <ele>158.600006103515625</ele>
        <time>2026-01-28T14:20:50.000Z</time>
        <extensions>
          <ns3:TrackPointExtension>
            <ns3:atemp>7.0</ns3:atemp>
            <ns3:hr>118</ns3:hr>
            <ns3:cad>83</ns3:cad>
          </ns3:TrackPointExtension>
        </extensions>
      </trkpt>
      <trkpt lat="55.431113205850124359130859375" lon="37.75562577880918979644775390625">
        <ele>158.399993896484375</ele>
        <time>2026-01-28T14:20:51.000Z</time>
        <extensions>
          <ns3:TrackPointExtension>
            <ns3:atemp>7.0</ns3:atemp>
            <ns3:hr>118</ns3:hr>
            <ns3:cad>83</ns3:cad>
          </ns3:TrackPointExtension>
        </extensions>
      </trkpt>
      <trkpt lat="55.4311267845332622528076171875" lon="37.7556137926876544952392578125">
        <ele>158.399993896484375</ele>
        <time>2026-01-28T14:20:52.000Z</time>
        <extensions>
          <ns3:TrackPointExtension>
            <ns3:atemp>7.0</ns3:atemp>
            <ns3:hr>118</ns3:hr>
            <ns3:cad>83</ns3:cad>
          </ns3:TrackPointExtension>
        </extensions>
      </trkpt>
      <trkpt lat="55.43115033768117427825927734375" lon="37.7556010521948337554931640625">
        <ele>158.399993896484375</ele>
        <time>2026-01-28T14:20:53.000Z</time>
        <extensions>
          <ns3:TrackPointExtension>
            <ns3:atemp>7.0</ns3:atemp>
            <ns3:hr>118</ns3:hr>
            <ns3:cad>83</ns3:cad>
          </ns3:TrackPointExtension>
        </extensions>
      </trkpt>
      <trkpt lat="55.43116760440170764923095703125" lon="37.75559417903423309326171875">
        <ele>158.399993896484375</ele>
        <time>2026-01-28T14:20:54.000Z</time>
        <extensions>
          <ns3:TrackPointExtension>
            <ns3:atemp>7.0</ns3:atemp>
            <ns3:hr>118</ns3:hr>
            <ns3:cad>82</ns3:cad>
          </ns3:TrackPointExtension>
        </extensions>
      </trkpt>
      <trkpt lat="55.43118403293192386627197265625" lon="37.75557582266628742218017578125">
        <ele>158.399993896484375</ele>
        <time>2026-01-28T14:20:55.000Z</time>
        <extensions>
          <ns3:TrackPointExtension>
            <ns3:atemp>7.0</ns3:atemp>
            <ns3:hr>117</ns3:hr>
            <ns3:cad>81</ns3:cad>
          </ns3:TrackPointExtension>
        </extensions>
      </trkpt>
      <trkpt lat="55.4312102682888507843017578125" lon="37.755562327802181243896484375">
        <ele>158.399993896484375</ele>
        <time>2026-01-28T14:20:56.000Z</time>
        <extensions>
          <ns3:TrackPointExtension>
            <ns3:atemp>7.0</ns3:atemp>
            <ns3:hr>118</ns3:hr>
            <ns3:cad>81</ns3:cad>
          </ns3:TrackPointExtension>
        </extensions>
      </trkpt>
      <trkpt lat="55.43122275732457637786865234375" lon="37.75554933585226535797119140625">
        <ele>158.399993896484375</ele>
        <time>2026-01-28T14:20:57.000Z</time>
        <extensions>
          <ns3:TrackPointExtension>
            <ns3:atemp>7.0</ns3:atemp>
            <ns3:hr>118</ns3:hr>
            <ns3:cad>81</ns3:cad>
          </ns3:TrackPointExtension>
        </extensions>
      </trkpt>
      <trkpt lat="55.43124455027282238006591796875" lon="37.75553575716912746429443359375">
        <ele>158.1999969482421875</ele>
        <time>2026-01-28T14:20:58.000Z</time>
        <extensions>
          <ns3:TrackPointExtension>
            <ns3:atemp>7.0</ns3:atemp>
            <ns3:hr>117</ns3:hr>
            <ns3:cad>82</ns3:cad>
          </ns3:TrackPointExtension>
        </extensions>
      </trkpt>
      <trkpt lat="55.43126651085913181304931640625" lon="37.75552150793373584747314453125">
        <ele>158.1999969482421875</ele>
        <time>2026-01-28T14:20:59.000Z</time>
        <extensions>
          <ns3:TrackPointExtension>
            <ns3:atemp>7.0</ns3:atemp>
            <ns3:hr>118</ns3:hr>
            <ns3:cad>83</ns3:cad>
          </ns3:TrackPointExtension>
        </extensions>
      </trkpt>
      <trkpt lat="55.431282185018062591552734375" lon="37.75550424121320247650146484375">
        <ele>158.1999969482421875</ele>
        <time>2026-01-28T14:21:00.000Z</time>
        <extensions>
          <ns3:TrackPointExtension>
            <ns3:atemp>7.0</ns3:atemp>
            <ns3:hr>118</ns3:hr>
            <ns3:cad>83</ns3:cad>
          </ns3:TrackPointExtension>
        </extensions>
      </trkpt>
      <trkpt lat="55.43131001293659210205078125" lon="37.7554977871477603912353515625">
        <ele>158.1999969482421875</ele>
        <time>2026-01-28T14:21:01.000Z</time>
        <extensions>
          <ns3:TrackPointExtension>
            <ns3:atemp>7.0</ns3:atemp>
            <ns3:hr>118</ns3:hr>
            <ns3:cad>83</ns3:cad>
          </ns3:TrackPointExtension>
        </extensions>
      </trkpt>
      <trkpt lat="55.4313259385526180267333984375" lon="37.7554850466549396514892578125">
        <ele>158.1999969482421875</ele>
        <time>2026-01-28T14:21:02.000Z</time>
        <extensions>
          <ns3:TrackPointExtension>
            <ns3:atemp>7.0</ns3:atemp>
            <ns3:hr>117</ns3:hr>
            <ns3:cad>83</ns3:cad>
          </ns3:TrackPointExtension>
        </extensions>
      </trkpt>
      <trkpt lat="55.43134865351021289825439453125" lon="37.7554699592292308807373046875">
        <ele>158.1999969482421875</ele>
        <time>2026-01-28T14:21:03.000Z</time>
        <extensions>
          <ns3:TrackPointExtension>
            <ns3:atemp>7.0</ns3:atemp>
            <ns3:hr>118</ns3:hr>
            <ns3:cad>83</ns3:cad>
          </ns3:TrackPointExtension>
        </extensions>
      </trkpt>
      <trkpt lat="55.4313725419342517852783203125" lon="37.7554552070796489715576171875">
        <ele>158.1999969482421875</ele>
        <time>2026-01-28T14:21:04.000Z</time>
        <extensions>
          <ns3:TrackPointExtension>
            <ns3:atemp>7.0</ns3:atemp>
            <ns3:hr>118</ns3:hr>
            <ns3:cad>83</ns3:cad>
          </ns3:TrackPointExtension>
        </extensions>
      </trkpt>
      <trkpt lat="55.43139223940670490264892578125" lon="37.7554352581501007080078125">
        <ele>158</ele>
        <time>2026-01-28T14:21:05.000Z</time>
        <extensions>
          <ns3:TrackPointExtension>
            <ns3:atemp>7.0</ns3:atemp>
            <ns3:hr>118</ns3:hr>
            <ns3:cad>83</ns3:cad>
          </ns3:TrackPointExtension>
        </extensions>
      </trkpt>
      <trkpt lat="55.43142124079167842864990234375" lon="37.75541522540152072906494140625">
        <ele>158</ele>
        <time>2026-01-28T14:21:06.000Z</time>
        <extensions>
          <ns3:TrackPointExtension>
            <ns3:atemp>7.0</ns3:atemp>
            <ns3:hr>118</ns3:hr>
            <ns3:cad>83</ns3:cad>
          </ns3:TrackPointExtension>
        </extensions>
      </trkpt>
      <trkpt lat="55.43143750168383121490478515625" lon="37.7554015628993511199951171875">
        <ele>158</ele>
        <time>2026-01-28T14:21:07.000Z</time>
        <extensions>
          <ns3:TrackPointExtension>
            <ns3:atemp>7.0</ns3:atemp>
            <ns3:hr>118</ns3:hr>
            <ns3:cad>83</ns3:cad>
          </ns3:TrackPointExtension>
        </extensions>
      </trkpt>
      <trkpt lat="55.43145778588950634002685546875" lon="37.75538924150168895721435546875">
        <ele>157.8000030517578125</ele>
        <time>2026-01-28T14:21:08.000Z</time>
        <extensions>
          <ns3:TrackPointExtension>
            <ns3:atemp>7.0</ns3:atemp>
            <ns3:hr>118</ns3:hr>
            <ns3:cad>84</ns3:cad>
          </ns3:TrackPointExtension>
        </extensions>
      </trkpt>
      <trkpt lat="55.43147890828549861907958984375" lon="37.755377590656280517578125">
        <ele>157.8000030517578125</ele>
        <time>2026-01-28T14:21:09.000Z</time>
        <extensions>
          <ns3:TrackPointExtension>
            <ns3:atemp>7.0</ns3:atemp>
            <ns3:hr>118</ns3:hr>
            <ns3:cad>84</ns3:cad>
          </ns3:TrackPointExtension>
        </extensions>
      </trkpt>
      <trkpt lat="55.43149240314960479736328125" lon="37.75536946021020412445068359375">
        <ele>157.8000030517578125</ele>
        <time>2026-01-28T14:21:10.000Z</time>
        <extensions>
          <ns3:TrackPointExtension>
            <ns3:atemp>7.0</ns3:atemp>
            <ns3:hr>118</ns3:hr>
            <ns3:cad>84</ns3:cad>
          </ns3:TrackPointExtension>
        </extensions>
      </trkpt>
      <trkpt lat="55.43150522746145725250244140625" lon="37.75535621680319309234619140625">
        <ele>157.8000030517578125</ele>
        <time>2026-01-28T14:21:11.000Z</time>
        <extensions>
          <ns3:TrackPointExtension>
            <ns3:atemp>7.0</ns3:atemp>
            <ns3:hr>118</ns3:hr>
            <ns3:cad>84</ns3:cad>
          </ns3:TrackPointExtension>
        </extensions>
      </trkpt>
      <trkpt lat="55.43151813559234142303466796875" lon="37.75534339249134063720703125">
        <ele>157.8000030517578125</ele>
        <time>2026-01-28T14:21:12.000Z</time>
        <extensions>
          <ns3:TrackPointExtension>
            <ns3:atemp>7.0</ns3:atemp>
            <ns3:hr>118</ns3:hr>
            <ns3:cad>84</ns3:cad>
          </ns3:TrackPointExtension>
        </extensions>
      </trkpt>
      <trkpt lat="55.43153624050319194793701171875" lon="37.75532972998917102813720703125">
        <ele>158</ele>
        <time>2026-01-28T14:21:13.000Z</time>
        <extensions>
          <ns3:TrackPointExtension>
            <ns3:atemp>7.0</ns3:atemp>
            <ns3:hr>118</ns3:hr>
            <ns3:cad>84</ns3:cad>
          </ns3:TrackPointExtension>
        </extensions>
      </trkpt>
      <trkpt lat="55.43154680170118808746337890625" lon="37.75531413964927196502685546875">
        <ele>158</ele>
        <time>2026-01-28T14:21:14.000Z</time>
        <extensions>
          <ns3:TrackPointExtension>
            <ns3:atemp>6.0</ns3:atemp>
            <ns3:hr>118</ns3:hr>
            <ns3:cad>84</ns3:cad>
          </ns3:TrackPointExtension>
        </extensions>
      </trkpt>
      <trkpt lat="55.43156943283975124359130859375" lon="37.75530139915645122528076171875">
        <ele>158</ele>
        <time>2026-01-28T14:21:15.000Z</time>
        <extensions>
          <ns3:TrackPointExtension>
            <ns3:atemp>7.0</ns3:atemp>
            <ns3:hr>118</ns3:hr>
            <ns3:cad>83</ns3:cad>
          </ns3:TrackPointExtension>
        </extensions>
      </trkpt>
      <trkpt lat="55.43159055523574352264404296875" lon="37.75529419071972370147705078125">
        <ele>158</ele>
        <time>2026-01-28T14:21:16.000Z</time>
        <extensions>
          <ns3:TrackPointExtension>
            <ns3:atemp>7.0</ns3:atemp>
            <ns3:hr>118</ns3:hr>
            <ns3:cad>81</ns3:cad>
          </ns3:TrackPointExtension>
        </extensions>
      </trkpt>
      <trkpt lat="55.43160798959434032440185546875" lon="37.75528111495077610015869140625">
        <ele>157.8000030517578125</ele>
        <time>2026-01-28T14:21:17.000Z</time>
        <extensions>
          <ns3:TrackPointExtension>
            <ns3:atemp>7.0</ns3:atemp>
            <ns3:hr>118</ns3:hr>
            <ns3:cad>0</ns3:cad>
          </ns3:TrackPointExtension>
        </extensions>
      </trkpt>
      <trkpt lat="55.431630201637744903564453125" lon="37.75526854209601879119873046875">
        <ele>157.8000030517578125</ele>
        <time>2026-01-28T14:21:18.000Z</time>
        <extensions>
          <ns3:TrackPointExtension>
            <ns3:atemp>7.0</ns3:atemp>
            <ns3:hr>118</ns3:hr>
            <ns3:cad>83</ns3:cad>
          </ns3:TrackPointExtension>
        </extensions>
      </trkpt>
      <trkpt lat="55.43165174312889575958251953125" lon="37.7552577294409275054931640625">
        <ele>157.600006103515625</ele>
        <time>2026-01-28T14:21:19.000Z</time>
        <extensions>
          <ns3:TrackPointExtension>
            <ns3:atemp>7.0</ns3:atemp>
            <ns3:hr>118</ns3:hr>
            <ns3:cad>83</ns3:cad>
          </ns3:TrackPointExtension>
        </extensions>
      </trkpt>
      <trkpt lat="55.43166984803974628448486328125" lon="37.75524926371872425079345703125">
        <ele>157.600006103515625</ele>
        <time>2026-01-28T14:21:20.000Z</time>
        <extensions>
          <ns3:TrackPointExtension>
            <ns3:atemp>7.0</ns3:atemp>
            <ns3:hr>118</ns3:hr>
            <ns3:cad>83</ns3:cad>
          </ns3:TrackPointExtension>
        </extensions>
      </trkpt>
      <trkpt lat="55.43169817887246608734130859375" lon="37.75523350574076175689697265625">
        <ele>157.600006103515625</ele>
        <time>2026-01-28T14:21:21.000Z</time>
        <extensions>
          <ns3:TrackPointExtension>
            <ns3:atemp>7.0</ns3:atemp>
            <ns3:hr>118</ns3:hr>
            <ns3:cad>82</ns3:cad>
          </ns3:TrackPointExtension>
        </extensions>
      </trkpt>
      <trkpt lat="55.43171695433557033538818359375" lon="37.755220346152782440185546875">
        <ele>157.8000030517578125</ele>
        <time>2026-01-28T14:21:22.000Z</time>
        <extensions>
          <ns3:TrackPointExtension>
            <ns3:atemp>7.0</ns3:atemp>
            <ns3:hr>117</ns3:hr>
            <ns3:cad>82</ns3:cad>
          </ns3:TrackPointExtension>
        </extensions>
      </trkpt>
      <trkpt lat="55.43173941783607006072998046875" lon="37.75521188043057918548583984375">
        <ele>157.8000030517578125</ele>
        <time>2026-01-28T14:21:23.000Z</time>
        <extensions>
          <ns3:TrackPointExtension>
            <ns3:atemp>7.0</ns3:atemp>
            <ns3:hr>117</ns3:hr>
            <ns3:cad>82</ns3:cad>
          </ns3:TrackPointExtension>
        </extensions>
      </trkpt>
      <trkpt lat="55.43176506645977497100830078125" lon="37.75519310496747493743896484375">
        <ele>157.8000030517578125</ele>
        <time>2026-01-28T14:21:24.000Z</time>
        <extensions>
          <ns3:TrackPointExtension>
            <ns3:atemp>7.0</ns3:atemp>
            <ns3:hr>117</ns3:hr>
            <ns3:cad>82</ns3:cad>
          </ns3:TrackPointExtension>
        </extensions>
      </trkpt>
      <trkpt lat="55.4317800700664520263671875" lon="37.7551822923123836517333984375">
        <ele>158</ele>
        <time>2026-01-28T14:21:25.000Z</time>
        <extensions>
          <ns3:TrackPointExtension>
            <ns3:atemp>7.0</ns3:atemp>
            <ns3:hr>117</ns3:hr>
            <ns3:cad>82</ns3:cad>
          </ns3:TrackPointExtension>
        </extensions>
      </trkpt>
      <trkpt lat="55.431793145835399627685546875" lon="37.755176089704036712646484375">
        <ele>158</ele>
        <time>2026-01-28T14:21:26.000Z</time>
        <extensions>
          <ns3:TrackPointExtension>
            <ns3:atemp>7.0</ns3:atemp>
            <ns3:hr>117</ns3:hr>
            <ns3:cad>82</ns3:cad>
          </ns3:TrackPointExtension>
        </extensions>
      </trkpt>
      <trkpt lat="55.43180462904274463653564453125" lon="37.7551735751330852508544921875">
        <ele>157.8000030517578125</ele>
        <time>2026-01-28T14:21:27.000Z</time>
        <extensions>
          <ns3:TrackPointExtension>
            <ns3:atemp>7.0</ns3:atemp>
            <ns3:hr>118</ns3:hr>
            <ns3:cad>81</ns3:cad>
          </ns3:TrackPointExtension>
        </extensions>
      </trkpt>
      <trkpt lat="55.43182223103940486907958984375" lon="37.7551786042749881744384765625">
        <ele>157.8000030517578125</ele>
        <time>2026-01-28T14:21:28.000Z</time>
        <extensions>
          <ns3:TrackPointExtension>
            <ns3:atemp>7.0</ns3:atemp>
            <ns3:hr>117</ns3:hr>
            <ns3:cad>81</ns3:cad>
          </ns3:TrackPointExtension>
        </extensions>
      </trkpt>
      <trkpt lat="55.4318389110267162322998046875" lon="37.7551702223718166351318359375">
        <ele>157.8000030517578125</ele>
        <time>2026-01-28T14:21:29.000Z</time>
        <extensions>
          <ns3:TrackPointExtension>
            <ns3:atemp>7.0</ns3:atemp>
            <ns3:hr>117</ns3:hr>
            <ns3:cad>81</ns3:cad>
          </ns3:TrackPointExtension>
        </extensions>
      </trkpt>
      <trkpt lat="55.43185005895793437957763671875" lon="37.7551648579537868499755859375">
        <ele>157.8000030517578125</ele>
        <time>2026-01-28T14:21:30.000Z</time>
        <extensions>
          <ns3:TrackPointExtension>
            <ns3:atemp>7.0</ns3:atemp>
            <ns3:hr>118</ns3:hr>
            <ns3:cad>81</ns3:cad>
          </ns3:TrackPointExtension>
        </extensions>
      </trkpt>
      <trkpt lat="55.4318523220717906951904296875" lon="37.75516234338283538818359375">
        <ele>157.600006103515625</ele>
        <time>2026-01-28T14:21:31.000Z</time>
        <extensions>
          <ns3:TrackPointExtension>
            <ns3:atemp>7.0</ns3:atemp>
            <ns3:hr>117</ns3:hr>
            <ns3:cad>81</ns3:cad>
          </ns3:TrackPointExtension>
        </extensions>
      </trkpt>
      <trkpt lat="55.43185123242437839508056640625" lon="37.7551496028900146484375">
        <ele>157.600006103515625</ele>
        <time>2026-01-28T14:21:32.000Z</time>
        <extensions>
          <ns3:TrackPointExtension>
            <ns3:atemp>7.0</ns3:atemp>
            <ns3:hr>117</ns3:hr>
            <ns3:cad>81</ns3:cad>
          </ns3:TrackPointExtension>
        </extensions>
      </trkpt>
      <trkpt lat="55.4318553395569324493408203125" lon="37.75513191707432270050048828125">
        <ele>157.600006103515625</ele>
        <time>2026-01-28T14:21:33.000Z</time>
        <extensions>
          <ns3:TrackPointExtension>
            <ns3:atemp>7.0</ns3:atemp>
            <ns3:hr>117</ns3:hr>
            <ns3:cad>81</ns3:cad>
          </ns3:TrackPointExtension>
        </extensions>
      </trkpt>
      <trkpt lat="55.431869924068450927734375" lon="37.755113057792186737060546875">
        <ele>157.600006103515625</ele>
        <time>2026-01-28T14:21:34.000Z</time>
        <extensions>
          <ns3:TrackPointExtension>
            <ns3:atemp>6.0</ns3:atemp>
            <ns3:hr>117</ns3:hr>
            <ns3:cad>0</ns3:cad>
          </ns3:TrackPointExtension>
        </extensions>
      </trkpt>
      <trkpt lat="55.4318835027515888214111328125" lon="37.75511205196380615234375">
        <ele>157.600006103515625</ele>
        <time>2026-01-28T14:21:35.000Z</time>
        <extensions>
          <ns3:TrackPointExtension>
            <ns3:atemp>6.0</ns3:atemp>
            <ns3:hr>116</ns3:hr>
            <ns3:cad>0</ns3:cad>
          </ns3:TrackPointExtension>
        </extensions>
      </trkpt>
      <trkpt lat="55.431891046464443206787109375" lon="37.7551209367811679840087890625">
        <ele>157.600006103515625</ele>
        <time>2026-01-28T14:21:36.000Z</time>
        <extensions>
          <ns3:TrackPointExtension>
            <ns3:atemp>6.0</ns3:atemp>
            <ns3:hr>117</ns3:hr>
            <ns3:cad>0</ns3:cad>
          </ns3:TrackPointExtension>
        </extensions>
      </trkpt>
      <trkpt lat="55.4319052956998348236083984375" lon="37.75513711385428905487060546875">
        <ele>157.600006103515625</ele>
        <time>2026-01-28T14:21:37.000Z</time>
        <extensions>
          <ns3:TrackPointExtension>
            <ns3:atemp>6.0</ns3:atemp>
            <ns3:hr>118</ns3:hr>
            <ns3:cad>0</ns3:cad>
          </ns3:TrackPointExtension>
        </extensions>
      </trkpt>
      <trkpt lat="55.4319190420210361480712890625" lon="37.7551348507404327392578125">
        <ele>157.399993896484375</ele>
        <time>2026-01-28T14:21:38.000Z</time>
        <extensions>
          <ns3:TrackPointExtension>
            <ns3:atemp>7.0</ns3:atemp>
            <ns3:hr>119</ns3:hr>
            <ns3:cad>0</ns3:cad>
          </ns3:TrackPointExtension>
        </extensions>
      </trkpt>
      <trkpt lat="55.43194494210183620452880859375" lon="37.755132503807544708251953125">
        <ele>157.1999969482421875</ele>
        <time>2026-01-28T14:21:39.000Z</time>
        <extensions>
          <ns3:TrackPointExtension>
            <ns3:atemp>6.0</ns3:atemp>
            <ns3:hr>120</ns3:hr>
            <ns3:cad>0</ns3:cad>
          </ns3:TrackPointExtension>
        </extensions>
      </trkpt>
      <trkpt lat="55.4319626279175281524658203125" lon="37.75512437336146831512451171875">
        <ele>157.1999969482421875</ele>
        <time>2026-01-28T14:21:40.000Z</time>
        <extensions>
          <ns3:TrackPointExtension>
            <ns3:atemp>7.0</ns3:atemp>
            <ns3:hr>120</ns3:hr>
            <ns3:cad>0</ns3:cad>
          </ns3:TrackPointExtension>
        </extensions>
      </trkpt>
      <trkpt lat="55.4319820739328861236572265625" lon="37.755119092762470245361328125">
        <ele>157.1999969482421875</ele>
        <time>2026-01-28T14:21:41.000Z</time>
        <extensions>
          <ns3:TrackPointExtension>
            <ns3:atemp>7.0</ns3:atemp>
            <ns3:hr>120</ns3:hr>
            <ns3:cad>0</ns3:cad>
          </ns3:TrackPointExtension>
        </extensions>
      </trkpt>
      <trkpt lat="55.4320085607469081878662109375" lon="37.7551107108592987060546875">
        <ele>157.1999969482421875</ele>
        <time>2026-01-28T14:21:42.000Z</time>
        <extensions>
          <ns3:TrackPointExtension>
            <ns3:atemp>6.0</ns3:atemp>
            <ns3:hr>120</ns3:hr>
            <ns3:cad>0</ns3:cad>
          </ns3:TrackPointExtension>
        </extensions>
      </trkpt>
      <trkpt lat="55.43203345499932765960693359375" lon="37.75509755127131938934326171875">
        <ele>157.1999969482421875</ele>
        <time>2026-01-28T14:21:43.000Z</time>
        <extensions>
          <ns3:TrackPointExtension>
            <ns3:atemp>6.0</ns3:atemp>
            <ns3:hr>120</ns3:hr>
            <ns3:cad>83</ns3:cad>
          </ns3:TrackPointExtension>
        </extensions>
      </trkpt>
      <trkpt lat="55.4320585168898105621337890625" lon="37.75508112274110317230224609375">
        <ele>157.1999969482421875</ele>
        <time>2026-01-28T14:21:44.000Z</time>
        <extensions>
          <ns3:TrackPointExtension>
            <ns3:atemp>7.0</ns3:atemp>
            <ns3:hr>120</ns3:hr>
            <ns3:cad>83</ns3:cad>
          </ns3:TrackPointExtension>
        </extensions>
      </trkpt>
      <trkpt lat="55.43208257295191287994384765625" lon="37.7550709806382656097412109375">
        <ele>157.1999969482421875</ele>
        <time>2026-01-28T14:21:45.000Z</time>
        <extensions>
          <ns3:TrackPointExtension>
            <ns3:atemp>6.0</ns3:atemp>
            <ns3:hr>120</ns3:hr>
            <ns3:cad>83</ns3:cad>
          </ns3:TrackPointExtension>
        </extensions>
      </trkpt>
      <trkpt lat="55.43209992349147796630859375" lon="37.7550535462796688079833984375">
        <ele>157.1999969482421875</ele>
        <time>2026-01-28T14:21:46.000Z</time>
        <extensions>
          <ns3:TrackPointExtension>
            <ns3:atemp>6.0</ns3:atemp>
            <ns3:hr>119</ns3:hr>
            <ns3:cad>81</ns3:cad>
          </ns3:TrackPointExtension>
        </extensions>
      </trkpt>
      <trkpt lat="55.43212062679231166839599609375" lon="37.75504055432975292205810546875">
        <ele>157.1999969482421875</ele>
        <time>2026-01-28T14:21:47.000Z</time>
        <extensions>
          <ns3:TrackPointExtension>
            <ns3:atemp>6.0</ns3:atemp>
            <ns3:hr>120</ns3:hr>
            <ns3:cad>81</ns3:cad>
          </ns3:TrackPointExtension>
        </extensions>
      </trkpt>
      <trkpt lat="55.4321363009512424468994140625" lon="37.75501876138150691986083984375">
        <ele>157.399993896484375</ele>
        <time>2026-01-28T14:21:48.000Z</time>
        <extensions>
          <ns3:TrackPointExtension>
            <ns3:atemp>6.0</ns3:atemp>
            <ns3:hr>120</ns3:hr>
            <ns3:cad>82</ns3:cad>
          </ns3:TrackPointExtension>
        </extensions>
      </trkpt>
      <trkpt lat="55.43213621713221073150634765625" lon="37.75498934090137481689453125">
        <ele>157.399993896484375</ele>
        <time>2026-01-28T14:21:49.000Z</time>
        <extensions>
          <ns3:TrackPointExtension>
            <ns3:atemp>6.0</ns3:atemp>
            <ns3:hr>121</ns3:hr>
            <ns3:cad>82</ns3:cad>
          </ns3:TrackPointExtension>
        </extensions>
      </trkpt>
      <trkpt lat="55.43214174918830394744873046875" lon="37.75494717992842197418212890625">
        <ele>157.399993896484375</ele>
        <time>2026-01-28T14:21:50.000Z</time>
        <extensions>
          <ns3:TrackPointExtension>
            <ns3:atemp>6.0</ns3:atemp>
            <ns3:hr>122</ns3:hr>
            <ns3:cad>82</ns3:cad>
          </ns3:TrackPointExtension>
        </extensions>
      </trkpt>
      <trkpt lat="55.432148873805999755859375" lon="37.75491264648735523223876953125">
        <ele>157.399993896484375</ele>
        <time>2026-01-28T14:21:51.000Z</time>
        <extensions>
          <ns3:TrackPointExtension>
            <ns3:atemp>6.0</ns3:atemp>
            <ns3:hr>123</ns3:hr>
            <ns3:cad>82</ns3:cad>
          </ns3:TrackPointExtension>
        </extensions>
      </trkpt>
      <trkpt lat="55.4321517236530780792236328125" lon="37.75488146580755710601806640625">
        <ele>157.399993896484375</ele>
        <time>2026-01-28T14:21:52.000Z</time>
        <extensions>
          <ns3:TrackPointExtension>
            <ns3:atemp>6.0</ns3:atemp>
            <ns3:hr>124</ns3:hr>
            <ns3:cad>82</ns3:cad>
          </ns3:TrackPointExtension>
        </extensions>
      </trkpt>
      <trkpt lat="55.43215029872953891754150390625" lon="37.75484207086265087127685546875">
        <ele>157.600006103515625</ele>
        <time>2026-01-28T14:21:53.000Z</time>
        <extensions>
          <ns3:TrackPointExtension>
            <ns3:atemp>6.0</ns3:atemp>
            <ns3:hr>125</ns3:hr>
            <ns3:cad>82</ns3:cad>
          </ns3:TrackPointExtension>
        </extensions>
      </trkpt>
      <trkpt lat="55.432146526873111724853515625" lon="37.7548077888786792755126953125">
        <ele>157.600006103515625</ele>
        <time>2026-01-28T14:21:54.000Z</time>
        <extensions>
          <ns3:TrackPointExtension>
            <ns3:atemp>6.0</ns3:atemp>
            <ns3:hr>125</ns3:hr>
            <ns3:cad>82</ns3:cad>
          </ns3:TrackPointExtension>
        </extensions>
      </trkpt>
      <trkpt lat="55.43214225210249423980712890625" lon="37.75478021241724491119384765625">
        <ele>157.600006103515625</ele>
        <time>2026-01-28T14:21:55.000Z</time>
        <extensions>
          <ns3:TrackPointExtension>
            <ns3:atemp>6.0</ns3:atemp>
            <ns3:hr>125</ns3:hr>
            <ns3:cad>81</ns3:cad>
          </ns3:TrackPointExtension>
        </extensions>
      </trkpt>
      <trkpt lat="55.43213889934122562408447265625" lon="37.75473184883594512939453125">
        <ele>157.8000030517578125</ele>
        <time>2026-01-28T14:21:56.000Z</time>
        <extensions>
          <ns3:TrackPointExtension>
            <ns3:atemp>6.0</ns3:atemp>
            <ns3:hr>124</ns3:hr>
            <ns3:cad>80</ns3:cad>
          </ns3:TrackPointExtension>
        </extensions>
      </trkpt>
      <trkpt lat="55.43212884105741977691650390625" lon="37.7547048591077327728271484375">
        <ele>157.8000030517578125</ele>
        <time>2026-01-28T14:21:57.000Z</time>
        <extensions>
          <ns3:TrackPointExtension>
            <ns3:atemp>7.0</ns3:atemp>
            <ns3:hr>125</ns3:hr>
            <ns3:cad>79</ns3:cad>
          </ns3:TrackPointExtension>
        </extensions>
      </trkpt>
      <trkpt lat="55.4321205429732799530029296875" lon="37.754663787782192230224609375">
        <ele>157.8000030517578125</ele>
        <time>2026-01-28T14:21:58.000Z</time>
        <extensions>
          <ns3:TrackPointExtension>
            <ns3:atemp>6.0</ns3:atemp>
            <ns3:hr>125</ns3:hr>
            <ns3:cad>80</ns3:cad>
          </ns3:TrackPointExtension>
        </extensions>
      </trkpt>
      <trkpt lat="55.4321088083088397979736328125" lon="37.7546171844005584716796875">
        <ele>158</ele>
        <time>2026-01-28T14:21:59.000Z</time>
        <extensions>
          <ns3:TrackPointExtension>
            <ns3:atemp>6.0</ns3:atemp>
            <ns3:hr>126</ns3:hr>
            <ns3:cad>80</ns3:cad>
          </ns3:TrackPointExtension>
        </extensions>
      </trkpt>
      <trkpt lat="55.43210118077695369720458984375" lon="37.75457921437919139862060546875">
        <ele>158.1999969482421875</ele>
        <time>2026-01-28T14:22:00.000Z</time>
        <extensions>
          <ns3:TrackPointExtension>
            <ns3:atemp>6.0</ns3:atemp>
            <ns3:hr>127</ns3:hr>
            <ns3:cad>80</ns3:cad>
          </ns3:TrackPointExtension>
        </extensions>
      </trkpt>
      <trkpt lat="55.4320950619876384735107421875" lon="37.75453604757785797119140625">
        <ele>158.1999969482421875</ele>
        <time>2026-01-28T14:22:01.000Z</time>
        <extensions>
          <ns3:TrackPointExtension>
            <ns3:atemp>6.0</ns3:atemp>
            <ns3:hr>128</ns3:hr>
            <ns3:cad>81</ns3:cad>
          </ns3:TrackPointExtension>
        </extensions>
      </trkpt>
      <trkpt lat="55.43208525516092777252197265625" lon="37.75449019856750965118408203125">
        <ele>158.1999969482421875</ele>
        <time>2026-01-28T14:22:02.000Z</time>
        <extensions>
          <ns3:TrackPointExtension>
            <ns3:atemp>6.0</ns3:atemp>
            <ns3:hr>128</ns3:hr>
            <ns3:cad>81</ns3:cad>
          </ns3:TrackPointExtension>
        </extensions>
      </trkpt>
      <trkpt lat="55.43207117356359958648681640625" lon="37.754460610449314117431640625">
        <ele>158.1999969482421875</ele>
        <time>2026-01-28T14:22:03.000Z</time>
        <extensions>
          <ns3:TrackPointExtension>
            <ns3:atemp>6.0</ns3:atemp>
            <ns3:hr>129</ns3:hr>
            <ns3:cad>81</ns3:cad>
          </ns3:TrackPointExtension>
        </extensions>
      </trkpt>
      <trkpt lat="55.432060696184635162353515625" lon="37.75441459380090236663818359375">
        <ele>158.1999969482421875</ele>
        <time>2026-01-28T14:22:04.000Z</time>
        <extensions>
          <ns3:TrackPointExtension>
            <ns3:atemp>6.0</ns3:atemp>
            <ns3:hr>130</ns3:hr>
            <ns3:cad>81</ns3:cad>
          </ns3:TrackPointExtension>
        </extensions>
      </trkpt>
      <trkpt lat="55.432047955691814422607421875" lon="37.7543746121227741241455078125">
        <ele>158.1999969482421875</ele>
        <time>2026-01-28T14:22:05.000Z</time>
        <extensions>
          <ns3:TrackPointExtension>
            <ns3:atemp>6.0</ns3:atemp>
            <ns3:hr>130</ns3:hr>
            <ns3:cad>81</ns3:cad>
          </ns3:TrackPointExtension>
        </extensions>
      </trkpt>
      <trkpt lat="55.43204099871218204498291015625" lon="37.75434435345232486724853515625">
        <ele>158.1999969482421875</ele>
        <time>2026-01-28T14:22:06.000Z</time>
        <extensions>
          <ns3:TrackPointExtension>
            <ns3:atemp>6.0</ns3:atemp>
            <ns3:hr>131</ns3:hr>
            <ns3:cad>82</ns3:cad>
          </ns3:TrackPointExtension>
        </extensions>
      </trkpt>
      <trkpt lat="55.43203932233154773712158203125" lon="37.7542911283671855926513671875">
        <ele>158.1999969482421875</ele>
        <time>2026-01-28T14:22:07.000Z</time>
        <extensions>
          <ns3:TrackPointExtension>
            <ns3:atemp>6.0</ns3:atemp>
            <ns3:hr>131</ns3:hr>
            <ns3:cad>82</ns3:cad>
          </ns3:TrackPointExtension>
        </extensions>
      </trkpt>
      <trkpt lat="55.4320373944938182830810546875" lon="37.75425550527870655059814453125">
        <ele>158.1999969482421875</ele>
        <time>2026-01-28T14:22:08.000Z</time>
        <extensions>
          <ns3:TrackPointExtension>
            <ns3:atemp>6.0</ns3:atemp>
            <ns3:hr>132</ns3:hr>
            <ns3:cad>82</ns3:cad>
          </ns3:TrackPointExtension>
        </extensions>
      </trkpt>
      <trkpt lat="55.43203429318964481353759765625" lon="37.75421275757253170013427734375">
        <ele>158.1999969482421875</ele>
        <time>2026-01-28T14:22:09.000Z</time>
        <extensions>
          <ns3:TrackPointExtension>
            <ns3:atemp>6.0</ns3:atemp>
            <ns3:hr>133</ns3:hr>
            <ns3:cad>82</ns3:cad>
          </ns3:TrackPointExtension>
        </extensions>
      </trkpt>
      <trkpt lat="55.43202708475291728973388671875" lon="37.75415651500225067138671875">
        <ele>158.399993896484375</ele>
        <time>2026-01-28T14:22:10.000Z</time>
        <extensions>
          <ns3:TrackPointExtension>
            <ns3:atemp>6.0</ns3:atemp>
            <ns3:hr>133</ns3:hr>
            <ns3:cad>82</ns3:cad>
          </ns3:TrackPointExtension>
        </extensions>
      </trkpt>
      <trkpt lat="55.4320321977138519287109375" lon="37.75411519221961498260498046875">
        <ele>158.399993896484375</ele>
        <time>2026-01-28T14:22:11.000Z</time>
        <extensions>
          <ns3:TrackPointExtension>
            <ns3:atemp>6.0</ns3:atemp>
            <ns3:hr>134</ns3:hr>
            <ns3:cad>82</ns3:cad>
          </ns3:TrackPointExtension>
        </extensions>
      </trkpt>
      <trkpt lat="55.43203898705542087554931640625" lon="37.754052579402923583984375">
        <ele>158.399993896484375</ele>
        <time>2026-01-28T14:22:12.000Z</time>
        <extensions>
          <ns3:TrackPointExtension>
            <ns3:atemp>6.0</ns3:atemp>
            <ns3:hr>134</ns3:hr>
            <ns3:cad>82</ns3:cad>
          </ns3:TrackPointExtension>
        </extensions>
      </trkpt>
      <trkpt lat="55.43205407448112964630126953125" lon="37.75399533100426197052001953125">
        <ele>158.399993896484375</ele>
        <time>2026-01-28T14:22:13.000Z</time>
        <extensions>
          <ns3:TrackPointExtension>
            <ns3:atemp>6.0</ns3:atemp>
            <ns3:hr>134</ns3:hr>
            <ns3:cad>82</ns3:cad>
          </ns3:TrackPointExtension>
        </extensions>
      </trkpt>
      <trkpt lat="55.43206773698329925537109375" lon="37.7539397589862346649169921875">
        <ele>158.399993896484375</ele>
        <time>2026-01-28T14:22:14.000Z</time>
        <extensions>
          <ns3:TrackPointExtension>
            <ns3:atemp>6.0</ns3:atemp>
            <ns3:hr>133</ns3:hr>
            <ns3:cad>82</ns3:cad>
          </ns3:TrackPointExtension>
        </extensions>
      </trkpt>
      <trkpt lat="55.43209078721702098846435546875" lon="37.75387932546436786651611328125">
        <ele>158.399993896484375</ele>
        <time>2026-01-28T14:22:15.000Z</time>
        <extensions>
          <ns3:TrackPointExtension>
            <ns3:atemp>7.0</ns3:atemp>
            <ns3:hr>131</ns3:hr>
            <ns3:cad>83</ns3:cad>
          </ns3:TrackPointExtension>
        </extensions>
      </trkpt>
      <trkpt lat="55.432120375335216522216796875" lon="37.75384244509041309356689453125">
        <ele>158.399993896484375</ele>
        <time>2026-01-28T14:22:16.000Z</time>
        <extensions>
          <ns3:TrackPointExtension>
            <ns3:atemp>6.0</ns3:atemp>
            <ns3:hr>131</ns3:hr>
            <ns3:cad>83</ns3:cad>
          </ns3:TrackPointExtension>
        </extensions>
      </trkpt>
      <trkpt lat="55.43212817050516605377197265625" lon="37.7538187243044376373291015625">
        <ele>158.399993896484375</ele>
        <time>2026-01-28T14:22:17.000Z</time>
        <extensions>
          <ns3:TrackPointExtension>
            <ns3:atemp>6.0</ns3:atemp>
            <ns3:hr>132</ns3:hr>
            <ns3:cad>83</ns3:cad>
          </ns3:TrackPointExtension>
        </extensions>
      </trkpt>
      <trkpt lat="55.43213454075157642364501953125" lon="37.75379718281328678131103515625">
        <ele>158.1999969482421875</ele>
        <time>2026-01-28T14:22:18.000Z</time>
        <extensions>
          <ns3:TrackPointExtension>
            <ns3:atemp>6.0</ns3:atemp>
            <ns3:hr>133</ns3:hr>
            <ns3:cad>83</ns3:cad>
          </ns3:TrackPointExtension>
        </extensions>
      </trkpt>
      <trkpt lat="55.43214174918830394744873046875" lon="37.75376935489475727081298828125">
        <ele>158.1999969482421875</ele>
        <time>2026-01-28T14:22:19.000Z</time>
        <extensions>
          <ns3:TrackPointExtension>
            <ns3:atemp>6.0</ns3:atemp>
            <ns3:hr>133</ns3:hr>
            <ns3:cad>82</ns3:cad>
          </ns3:TrackPointExtension>
        </extensions>
      </trkpt>
      <trkpt lat="55.4321406595408916473388671875" lon="37.75376357138156890869140625">
        <ele>158</ele>
        <time>2026-01-28T14:22:20.000Z</time>
        <extensions>
          <ns3:TrackPointExtension>
            <ns3:atemp>6.0</ns3:atemp>
            <ns3:hr>134</ns3:hr>
            <ns3:cad>82</ns3:cad>
          </ns3:TrackPointExtension>
        </extensions>
      </trkpt>
      <trkpt lat="55.43213822878897190093994140625" lon="37.7537520043551921844482421875">
        <ele>158</ele>
        <time>2026-01-28T14:22:21.000Z</time>
        <extensions>
          <ns3:TrackPointExtension>
            <ns3:atemp>6.0</ns3:atemp>
            <ns3:hr>135</ns3:hr>
            <ns3:cad>82</ns3:cad>
          </ns3:TrackPointExtension>
        </extensions>
      </trkpt>
      <trkpt lat="55.432138480246067047119140625" lon="37.75372794829308986663818359375">
        <ele>158</ele>
        <time>2026-01-28T14:22:22.000Z</time>
        <extensions>
          <ns3:TrackPointExtension>
            <ns3:atemp>6.0</ns3:atemp>
            <ns3:hr>135</ns3:hr>
            <ns3:cad>82</ns3:cad>
          </ns3:TrackPointExtension>
        </extensions>
      </trkpt>
      <trkpt lat="55.432153902947902679443359375" lon="37.7537107653915882110595703125">
        <ele>158</ele>
        <time>2026-01-28T14:22:23.000Z</time>
        <extensions>
          <ns3:TrackPointExtension>
            <ns3:atemp>6.0</ns3:atemp>
            <ns3:hr>135</ns3:hr>
            <ns3:cad>82</ns3:cad>
          </ns3:TrackPointExtension>
        </extensions>
      </trkpt>
      <trkpt lat="55.43217762373387813568115234375" lon="37.75368285365402698516845703125">
        <ele>158</ele>
        <time>2026-01-28T14:22:24.000Z</time>
        <extensions>
          <ns3:TrackPointExtension>
            <ns3:atemp>6.0</ns3:atemp>
            <ns3:hr>135</ns3:hr>
            <ns3:cad>81</ns3:cad>
          </ns3:TrackPointExtension>
        </extensions>
      </trkpt>
      <trkpt lat="55.43220059014856815338134765625" lon="37.75365971960127353668212890625">
        <ele>158.1999969482421875</ele>
        <time>2026-01-28T14:22:25.000Z</time>
        <extensions>
          <ns3:TrackPointExtension>
            <ns3:atemp>6.0</ns3:atemp>
            <ns3:hr>135</ns3:hr>
            <ns3:cad>81</ns3:cad>
          </ns3:TrackPointExtension>
        </extensions>
      </trkpt>
      <trkpt lat="55.43222992680966854095458984375" lon="37.75363289751112461090087890625">
        <ele>158</ele>
        <time>2026-01-28T14:22:26.000Z</time>
        <extensions>
          <ns3:TrackPointExtension>
            <ns3:atemp>6.0</ns3:atemp>
            <ns3:hr>134</ns3:hr>
            <ns3:cad>77</ns3:cad>
          </ns3:TrackPointExtension>
        </extensions>
      </trkpt>
      <trkpt lat="55.43225825764238834381103515625" lon="37.7536081708967685699462890625">
        <ele>158</ele>
        <time>2026-01-28T14:22:27.000Z</time>
        <extensions>
          <ns3:TrackPointExtension>
            <ns3:atemp>6.0</ns3:atemp>
            <ns3:hr>135</ns3:hr>
            <ns3:cad>77</ns3:cad>
          </ns3:TrackPointExtension>
        </extensions>
      </trkpt>
      <trkpt lat="55.43228642083704471588134765625" lon="37.7535870485007762908935546875">
        <ele>158</ele>
        <time>2026-01-28T14:22:28.000Z</time>
        <extensions>
          <ns3:TrackPointExtension>
            <ns3:atemp>6.0</ns3:atemp>
            <ns3:hr>135</ns3:hr>
            <ns3:cad>80</ns3:cad>
          </ns3:TrackPointExtension>
        </extensions>
      </trkpt>
      <trkpt lat="55.432318188250064849853515625" lon="37.75357036851346492767333984375">
        <ele>157.8000030517578125</ele>
        <time>2026-01-28T14:22:29.000Z</time>
        <extensions>
          <ns3:TrackPointExtension>
            <ns3:atemp>6.0</ns3:atemp>
            <ns3:hr>135</ns3:hr>
            <ns3:cad>80</ns3:cad>
          </ns3:TrackPointExtension>
        </extensions>
      </trkpt>
      <trkpt lat="55.43234928511083126068115234375" lon="37.7535508386790752410888671875">
        <ele>157.8000030517578125</ele>
        <time>2026-01-28T14:22:30.000Z</time>
        <extensions>
          <ns3:TrackPointExtension>
            <ns3:atemp>6.0</ns3:atemp>
            <ns3:hr>136</ns3:hr>
            <ns3:cad>80</ns3:cad>
          </ns3:TrackPointExtension>
        </extensions>
      </trkpt>
      <trkpt lat="55.43237325735390186309814453125" lon="37.75353834964334964752197265625">
        <ele>157.8000030517578125</ele>
        <time>2026-01-28T14:22:31.000Z</time>
        <extensions>
          <ns3:TrackPointExtension>
            <ns3:atemp>7.0</ns3:atemp>
            <ns3:hr>136</ns3:hr>
            <ns3:cad>81</ns3:cad>
          </ns3:TrackPointExtension>
        </extensions>
      </trkpt>
      <trkpt lat="55.43240259401500225067138671875" lon="37.75352795608341693878173828125">
        <ele>157.8000030517578125</ele>
        <time>2026-01-28T14:22:32.000Z</time>
        <extensions>
          <ns3:TrackPointExtension>
            <ns3:atemp>6.0</ns3:atemp>
            <ns3:hr>137</ns3:hr>
            <ns3:cad>80</ns3:cad>
          </ns3:TrackPointExtension>
        </extensions>
      </trkpt>
      <trkpt lat="55.43242472223937511444091796875" lon="37.753514461219310760498046875">
        <ele>157.8000030517578125</ele>
        <time>2026-01-28T14:22:33.000Z</time>
        <extensions>
          <ns3:TrackPointExtension>
            <ns3:atemp>6.0</ns3:atemp>
            <ns3:hr>137</ns3:hr>
            <ns3:cad>80</ns3:cad>
          </ns3:TrackPointExtension>
        </extensions>
      </trkpt>
      <trkpt lat="55.43244366534054279327392578125" lon="37.7534982003271579742431640625">
        <ele>157.8000030517578125</ele>
        <time>2026-01-28T14:22:34.000Z</time>
        <extensions>
          <ns3:TrackPointExtension>
            <ns3:atemp>6.0</ns3:atemp>
            <ns3:hr>138</ns3:hr>
            <ns3:cad>80</ns3:cad>
          </ns3:TrackPointExtension>
        </extensions>
      </trkpt>
      <trkpt lat="55.43246428482234477996826171875" lon="37.7534854598343372344970703125">
        <ele>157.8000030517578125</ele>
        <time>2026-01-28T14:22:35.000Z</time>
        <extensions>
          <ns3:TrackPointExtension>
            <ns3:atemp>6.0</ns3:atemp>
            <ns3:hr>139</ns3:hr>
            <ns3:cad>80</ns3:cad>
          </ns3:TrackPointExtension>
        </extensions>
      </trkpt>
      <trkpt lat="55.432489179074764251708984375" lon="37.7534743957221508026123046875">
        <ele>157.8000030517578125</ele>
        <time>2026-01-28T14:22:36.000Z</time>
        <extensions>
          <ns3:TrackPointExtension>
            <ns3:atemp>6.0</ns3:atemp>
            <ns3:hr>140</ns3:hr>
            <ns3:cad>80</ns3:cad>
          </ns3:TrackPointExtension>
        </extensions>
      </trkpt>
      <trkpt lat="55.4325091280043125152587890625" lon="37.7534579671919345855712890625">
        <ele>158</ele>
        <time>2026-01-28T14:22:37.000Z</time>
        <extensions>
          <ns3:TrackPointExtension>
            <ns3:atemp>6.0</ns3:atemp>
            <ns3:hr>140</ns3:hr>
            <ns3:cad>81</ns3:cad>
          </ns3:TrackPointExtension>
        </extensions>
      </trkpt>
      <trkpt lat="55.4325342737138271331787109375" lon="37.75343944318592548370361328125">
        <ele>158</ele>
        <time>2026-01-28T14:22:38.000Z</time>
        <extensions>
          <ns3:TrackPointExtension>
            <ns3:atemp>6.0</ns3:atemp>
            <ns3:hr>140</ns3:hr>
            <ns3:cad>81</ns3:cad>
          </ns3:TrackPointExtension>
        </extensions>
      </trkpt>
      <trkpt lat="55.43255531229078769683837890625" lon="37.753429971635341644287109375">
        <ele>158</ele>
        <time>2026-01-28T14:22:39.000Z</time>
        <extensions>
          <ns3:TrackPointExtension>
            <ns3:atemp>6.0</ns3:atemp>
            <ns3:hr>141</ns3:hr>
            <ns3:cad>80</ns3:cad>
          </ns3:TrackPointExtension>
        </extensions>
      </trkpt>
      <trkpt lat="55.43257107026875019073486328125" lon="37.753423266112804412841796875">
        <ele>157.8000030517578125</ele>
        <time>2026-01-28T14:22:40.000Z</time>
        <extensions>
          <ns3:TrackPointExtension>
            <ns3:atemp>6.0</ns3:atemp>
            <ns3:hr>141</ns3:hr>
            <ns3:cad>81</ns3:cad>
          </ns3:TrackPointExtension>
        </extensions>
      </trkpt>
      <trkpt lat="55.43259101919829845428466796875" lon="37.75341027416288852691650390625">
        <ele>157.8000030517578125</ele>
        <time>2026-01-28T14:22:41.000Z</time>
        <extensions>
          <ns3:TrackPointExtension>
            <ns3:atemp>6.0</ns3:atemp>
            <ns3:hr>141</ns3:hr>
            <ns3:cad>81</ns3:cad>
          </ns3:TrackPointExtension>
        </extensions>
      </trkpt>
      <trkpt lat="55.4326060228049755096435546875" lon="37.75339736603200435638427734375">
        <ele>157.8000030517578125</ele>
        <time>2026-01-28T14:22:42.000Z</time>
        <extensions>
          <ns3:TrackPointExtension>
            <ns3:atemp>6.0</ns3:atemp>
            <ns3:hr>141</ns3:hr>
            <ns3:cad>80</ns3:cad>
          </ns3:TrackPointExtension>
        </extensions>
      </trkpt>
      <trkpt lat="55.4326190985739231109619140625" lon="37.75338529609143733978271484375">
        <ele>157.600006103515625</ele>
        <time>2026-01-28T14:22:43.000Z</time>
        <extensions>
          <ns3:TrackPointExtension>
            <ns3:atemp>6.0</ns3:atemp>
            <ns3:hr>141</ns3:hr>
            <ns3:cad>80</ns3:cad>
          </ns3:TrackPointExtension>
        </extensions>
      </trkpt>
      <trkpt lat="55.43264315463602542877197265625" lon="37.7533647604286670684814453125">
        <ele>157.600006103515625</ele>
        <time>2026-01-28T14:22:44.000Z</time>
        <extensions>
          <ns3:TrackPointExtension>
            <ns3:atemp>6.0</ns3:atemp>
            <ns3:hr>141</ns3:hr>
            <ns3:cad>81</ns3:cad>
          </ns3:TrackPointExtension>
        </extensions>
      </trkpt>
      <trkpt lat="55.432662852108478546142578125" lon="37.7533550374209880828857421875">
        <ele>157.600006103515625</ele>
        <time>2026-01-28T14:22:45.000Z</time>
        <extensions>
          <ns3:TrackPointExtension>
            <ns3:atemp>6.0</ns3:atemp>
            <ns3:hr>141</ns3:hr>
            <ns3:cad>81</ns3:cad>
          </ns3:TrackPointExtension>
        </extensions>
      </trkpt>
      <trkpt lat="55.4326791130006313323974609375" lon="37.7533419616520404815673828125">
        <ele>157.600006103515625</ele>
        <time>2026-01-28T14:22:46.000Z</time>
        <extensions>
          <ns3:TrackPointExtension>
            <ns3:atemp>6.0</ns3:atemp>
            <ns3:hr>141</ns3:hr>
            <ns3:cad>81</ns3:cad>
          </ns3:TrackPointExtension>
        </extensions>
      </trkpt>
      <trkpt lat="55.43270266614854335784912109375" lon="37.7533272095024585723876953125">
        <ele>157.600006103515625</ele>
        <time>2026-01-28T14:22:47.000Z</time>
        <extensions>
          <ns3:TrackPointExtension>
            <ns3:atemp>6.0</ns3:atemp>
            <ns3:hr>141</ns3:hr>
            <ns3:cad>81</ns3:cad>
          </ns3:TrackPointExtension>
        </extensions>
      </trkpt>
      <trkpt lat="55.43271792121231555938720703125" lon="37.75331824086606502532958984375">
        <ele>157.600006103515625</ele>
        <time>2026-01-28T14:22:48.000Z</time>
        <extensions>
          <ns3:TrackPointExtension>
            <ns3:atemp>6.0</ns3:atemp>
            <ns3:hr>141</ns3:hr>
            <ns3:cad>80</ns3:cad>
          </ns3:TrackPointExtension>
        </extensions>
      </trkpt>
      <trkpt lat="55.43273569084703922271728515625" lon="37.75331237353384494781494140625">
        <ele>157.600006103515625</ele>
        <time>2026-01-28T14:22:49.000Z</time>
        <extensions>
          <ns3:TrackPointExtension>
            <ns3:atemp>6.0</ns3:atemp>
            <ns3:hr>140</ns3:hr>
            <ns3:cad>81</ns3:cad>
          </ns3:TrackPointExtension>
        </extensions>
      </trkpt>
      <trkpt lat="55.43275882489979267120361328125" lon="37.7532993815839290618896484375">
        <ele>157.600006103515625</ele>
        <time>2026-01-28T14:22:50.000Z</time>
        <extensions>
          <ns3:TrackPointExtension>
            <ns3:atemp>6.0</ns3:atemp>
            <ns3:hr>140</ns3:hr>
            <ns3:cad>81</ns3:cad>
          </ns3:TrackPointExtension>
        </extensions>
      </trkpt>
      <trkpt lat="55.43277357704937458038330078125" lon="37.75329016149044036865234375">
        <ele>157.600006103515625</ele>
        <time>2026-01-28T14:22:51.000Z</time>
        <extensions>
          <ns3:TrackPointExtension>
            <ns3:atemp>6.0</ns3:atemp>
            <ns3:hr>140</ns3:hr>
            <ns3:cad>81</ns3:cad>
          </ns3:TrackPointExtension>
        </extensions>
      </trkpt>
      <trkpt lat="55.432792268693447113037109375" lon="37.75327817536890506744384765625">
        <ele>157.399993896484375</ele>
        <time>2026-01-28T14:22:52.000Z</time>
        <extensions>
          <ns3:TrackPointExtension>
            <ns3:atemp>6.0</ns3:atemp>
            <ns3:hr>140</ns3:hr>
            <ns3:cad>81</ns3:cad>
          </ns3:TrackPointExtension>
        </extensions>
      </trkpt>
      <trkpt lat="55.43281381018459796905517578125" lon="37.75326333940029144287109375">
        <ele>157.399993896484375</ele>
        <time>2026-01-28T14:22:53.000Z</time>
        <extensions>
          <ns3:TrackPointExtension>
            <ns3:atemp>6.0</ns3:atemp>
            <ns3:hr>140</ns3:hr>
            <ns3:cad>81</ns3:cad>
          </ns3:TrackPointExtension>
        </extensions>
      </trkpt>
      <trkpt lat="55.43283174745738506317138671875" lon="37.75325370021164417266845703125">
        <ele>157.399993896484375</ele>
        <time>2026-01-28T14:22:54.000Z</time>
        <extensions>
          <ns3:TrackPointExtension>
            <ns3:atemp>6.0</ns3:atemp>
            <ns3:hr>140</ns3:hr>
            <ns3:cad>81</ns3:cad>
          </ns3:TrackPointExtension>
        </extensions>
      </trkpt>
      <trkpt lat="55.43285085819661617279052734375" lon="37.753244228661060333251953125">
        <ele>157.399993896484375</ele>
        <time>2026-01-28T14:22:55.000Z</time>
        <extensions>
          <ns3:TrackPointExtension>
            <ns3:atemp>7.0</ns3:atemp>
            <ns3:hr>140</ns3:hr>
            <ns3:cad>81</ns3:cad>
          </ns3:TrackPointExtension>
        </extensions>
      </trkpt>
      <trkpt lat="55.432872064411640167236328125" lon="37.75323173962533473968505859375">
        <ele>157.399993896484375</ele>
        <time>2026-01-28T14:22:56.000Z</time>
        <extensions>
          <ns3:TrackPointExtension>
            <ns3:atemp>6.0</ns3:atemp>
            <ns3:hr>140</ns3:hr>
            <ns3:cad>81</ns3:cad>
          </ns3:TrackPointExtension>
        </extensions>
      </trkpt>
      <trkpt lat="55.4328936897218227386474609375" lon="37.75322419591248035430908203125">
        <ele>157.399993896484375</ele>
        <time>2026-01-28T14:22:57.000Z</time>
        <extensions>
          <ns3:TrackPointExtension>
            <ns3:atemp>7.0</ns3:atemp>
            <ns3:hr>140</ns3:hr>
            <ns3:cad>81</ns3:cad>
          </ns3:TrackPointExtension>
        </extensions>
      </trkpt>
      <trkpt lat="55.43292202055454254150390625" lon="37.75321505963802337646484375">
        <ele>157.399993896484375</ele>
        <time>2026-01-28T14:22:58.000Z</time>
        <extensions>
          <ns3:TrackPointExtension>
            <ns3:atemp>6.0</ns3:atemp>
            <ns3:hr>140</ns3:hr>
            <ns3:cad>81</ns3:cad>
          </ns3:TrackPointExtension>
        </extensions>
      </trkpt>
      <trkpt lat="55.43295160867273807525634765625" lon="37.753204666078090667724609375">
        <ele>157.399993896484375</ele>
        <time>2026-01-28T14:22:59.000Z</time>
        <extensions>
          <ns3:TrackPointExtension>
            <ns3:atemp>7.0</ns3:atemp>
            <ns3:hr>140</ns3:hr>
            <ns3:cad>80</ns3:cad>
          </ns3:TrackPointExtension>
        </extensions>
      </trkpt>
      <trkpt lat="55.4329677857458591461181640625" lon="37.753199301660060882568359375">
        <ele>157.1999969482421875</ele>
        <time>2026-01-28T14:23:00.000Z</time>
        <extensions>
          <ns3:TrackPointExtension>
            <ns3:atemp>6.0</ns3:atemp>
            <ns3:hr>139</ns3:hr>
            <ns3:cad>80</ns3:cad>
          </ns3:TrackPointExtension>
        </extensions>
      </trkpt>
      <trkpt lat="55.4329905845224857330322265625" lon="37.753191925585269927978515625">
        <ele>157.1999969482421875</ele>
        <time>2026-01-28T14:23:01.000Z</time>
        <extensions>
          <ns3:TrackPointExtension>
            <ns3:atemp>7.0</ns3:atemp>
            <ns3:hr>139</ns3:hr>
            <ns3:cad>80</ns3:cad>
          </ns3:TrackPointExtension>
        </extensions>
      </trkpt>
      <trkpt lat="55.43300827033817768096923828125" lon="37.75318513624370098114013671875">
        <ele>157.1999969482421875</ele>
        <time>2026-01-28T14:23:02.000Z</time>
        <extensions>
          <ns3:TrackPointExtension>
            <ns3:atemp>7.0</ns3:atemp>
            <ns3:hr>139</ns3:hr>
            <ns3:cad>80</ns3:cad>
          </ns3:TrackPointExtension>
        </extensions>
      </trkpt>
      <trkpt lat="55.433024279773235321044921875" lon="37.75318144820630550384521484375">
        <ele>157.1999969482421875</ele>
        <time>2026-01-28T14:23:03.000Z</time>
        <extensions>
          <ns3:TrackPointExtension>
            <ns3:atemp>7.0</ns3:atemp>
            <ns3:hr>139</ns3:hr>
            <ns3:cad>81</ns3:cad>
          </ns3:TrackPointExtension>
        </extensions>
      </trkpt>
      <trkpt lat="55.43304800055921077728271484375" lon="37.75316719897091388702392578125">
        <ele>157.1999969482421875</ele>
        <time>2026-01-28T14:23:04.000Z</time>
        <extensions>
          <ns3:TrackPointExtension>
            <ns3:atemp>7.0</ns3:atemp>
            <ns3:hr>139</ns3:hr>
            <ns3:cad>81</ns3:cad>
          </ns3:TrackPointExtension>
        </extensions>
      </trkpt>
      <trkpt lat="55.43307130225002765655517578125" lon="37.7531562186777591705322265625">
        <ele>157</ele>
        <time>2026-01-28T14:23:05.000Z</time>
        <extensions>
          <ns3:TrackPointExtension>
            <ns3:atemp>7.0</ns3:atemp>
            <ns3:hr>139</ns3:hr>
            <ns3:cad>81</ns3:cad>
          </ns3:TrackPointExtension>
        </extensions>
      </trkpt>
      <trkpt lat="55.43309292756021022796630859375" lon="37.753144316375255584716796875">
        <ele>157</ele>
        <time>2026-01-28T14:23:06.000Z</time>
        <extensions>
          <ns3:TrackPointExtension>
            <ns3:atemp>7.0</ns3:atemp>
            <ns3:hr>139</ns3:hr>
            <ns3:cad>80</ns3:cad>
          </ns3:TrackPointExtension>
        </extensions>
      </trkpt>
      <trkpt lat="55.43312410824000835418701171875" lon="37.7531293965876102447509765625">
        <ele>156.8000030517578125</ele>
        <time>2026-01-28T14:23:07.000Z</time>
        <extensions>
          <ns3:TrackPointExtension>
            <ns3:atemp>7.0</ns3:atemp>
            <ns3:hr>138</ns3:hr>
            <ns3:cad>81</ns3:cad>
          </ns3:TrackPointExtension>
        </extensions>
      </trkpt>
      <trkpt lat="55.433144308626651763916015625" lon="37.75312109850347042083740234375">
        <ele>156.8000030517578125</ele>
        <time>2026-01-28T14:23:08.000Z</time>
        <extensions>
          <ns3:TrackPointExtension>
            <ns3:atemp>7.0</ns3:atemp>
            <ns3:hr>138</ns3:hr>
            <ns3:cad>81</ns3:cad>
          </ns3:TrackPointExtension>
        </extensions>
      </trkpt>
      <trkpt lat="55.433160401880741119384765625" lon="37.7531096152961254119873046875">
        <ele>156.600006103515625</ele>
        <time>2026-01-28T14:23:09.000Z</time>
        <extensions>
          <ns3:TrackPointExtension>
            <ns3:atemp>7.0</ns3:atemp>
            <ns3:hr>138</ns3:hr>
            <ns3:cad>81</ns3:cad>
          </ns3:TrackPointExtension>
        </extensions>
      </trkpt>
      <trkpt lat="55.4331863857805728912353515625" lon="37.75309712626039981842041015625">
        <ele>156.399993896484375</ele>
        <time>2026-01-28T14:23:10.000Z</time>
        <extensions>
          <ns3:TrackPointExtension>
            <ns3:atemp>7.0</ns3:atemp>
            <ns3:hr>139</ns3:hr>
            <ns3:cad>81</ns3:cad>
          </ns3:TrackPointExtension>
        </extensions>
      </trkpt>
      <trkpt lat="55.43320591561496257781982421875" lon="37.7530931867659091949462890625">
        <ele>156.399993896484375</ele>
        <time>2026-01-28T14:23:11.000Z</time>
        <extensions>
          <ns3:TrackPointExtension>
            <ns3:atemp>7.0</ns3:atemp>
            <ns3:hr>138</ns3:hr>
            <ns3:cad>79</ns3:cad>
          </ns3:TrackPointExtension>
        </extensions>
      </trkpt>
      <trkpt lat="55.43322779238224029541015625" lon="37.75307533331215381622314453125">
        <ele>156.1999969482421875</ele>
        <time>2026-01-28T14:23:12.000Z</time>
        <extensions>
          <ns3:TrackPointExtension>
            <ns3:atemp>7.0</ns3:atemp>
            <ns3:hr>138</ns3:hr>
            <ns3:cad>79</ns3:cad>
          </ns3:TrackPointExtension>
        </extensions>
      </trkpt>
      <trkpt lat="55.43325184844434261322021484375" lon="37.75305672548711299896240234375">
        <ele>156.1999969482421875</ele>
        <time>2026-01-28T14:23:13.000Z</time>
        <extensions>
          <ns3:TrackPointExtension>
            <ns3:atemp>7.0</ns3:atemp>
            <ns3:hr>138</ns3:hr>
            <ns3:cad>79</ns3:cad>
          </ns3:TrackPointExtension>
        </extensions>
      </trkpt>
      <trkpt lat="55.4332695342600345611572265625" lon="37.75304130278527736663818359375">
        <ele>156.399993896484375</ele>
        <time>2026-01-28T14:23:14.000Z</time>
        <extensions>
          <ns3:TrackPointExtension>
            <ns3:atemp>7.0</ns3:atemp>
            <ns3:hr>138</ns3:hr>
            <ns3:cad>79</ns3:cad>
          </ns3:TrackPointExtension>
        </extensions>
      </trkpt>
      <trkpt lat="55.43328923173248767852783203125" lon="37.75303065776824951171875">
        <ele>156.399993896484375</ele>
        <time>2026-01-28T14:23:15.000Z</time>
        <extensions>
          <ns3:TrackPointExtension>
            <ns3:atemp>7.0</ns3:atemp>
            <ns3:hr>138</ns3:hr>
            <ns3:cad>80</ns3:cad>
          </ns3:TrackPointExtension>
        </extensions>
      </trkpt>
      <trkpt lat="55.4333137907087802886962890625" lon="37.75302118621766567230224609375">
        <ele>156.399993896484375</ele>
        <time>2026-01-28T14:23:16.000Z</time>
        <extensions>
          <ns3:TrackPointExtension>
            <ns3:atemp>7.0</ns3:atemp>
            <ns3:hr>138</ns3:hr>
            <ns3:cad>81</ns3:cad>
          </ns3:TrackPointExtension>
        </extensions>
      </trkpt>
      <trkpt lat="55.4333322308957576751708984375" lon="37.75301079265773296356201171875">
        <ele>156.399993896484375</ele>
        <time>2026-01-28T14:23:17.000Z</time>
        <extensions>
          <ns3:TrackPointExtension>
            <ns3:atemp>7.0</ns3:atemp>
            <ns3:hr>138</ns3:hr>
            <ns3:cad>80</ns3:cad>
          </ns3:TrackPointExtension>
        </extensions>
      </trkpt>
      <trkpt lat="55.43335461057722568511962890625" lon="37.7529979683458805084228515625">
        <ele>156.399993896484375</ele>
        <time>2026-01-28T14:23:18.000Z</time>
        <extensions>
          <ns3:TrackPointExtension>
            <ns3:atemp>7.0</ns3:atemp>
            <ns3:hr>138</ns3:hr>
            <ns3:cad>80</ns3:cad>
          </ns3:TrackPointExtension>
        </extensions>
      </trkpt>
      <trkpt lat="55.43337757699191570281982421875" lon="37.7529932744801044464111328125">
        <ele>156.399993896484375</ele>
        <time>2026-01-28T14:23:19.000Z</time>
        <extensions>
          <ns3:TrackPointExtension>
            <ns3:atemp>7.0</ns3:atemp>
            <ns3:hr>138</ns3:hr>
            <ns3:cad>79</ns3:cad>
          </ns3:TrackPointExtension>
        </extensions>
      </trkpt>
      <trkpt lat="55.43339551426470279693603515625" lon="37.75299000553786754608154296875">
        <ele>156.399993896484375</ele>
        <time>2026-01-28T14:23:20.000Z</time>
        <extensions>
          <ns3:TrackPointExtension>
            <ns3:atemp>7.0</ns3:atemp>
            <ns3:hr>138</ns3:hr>
            <ns3:cad>79</ns3:cad>
          </ns3:TrackPointExtension>
        </extensions>
      </trkpt>
      <trkpt lat="55.4334150440990924835205078125" lon="37.752988077700138092041015625">
        <ele>156.399993896484375</ele>
        <time>2026-01-28T14:23:21.000Z</time>
        <extensions>
          <ns3:TrackPointExtension>
            <ns3:atemp>7.0</ns3:atemp>
            <ns3:hr>137</ns3:hr>
            <ns3:cad>80</ns3:cad>
          </ns3:TrackPointExtension>
        </extensions>
      </trkpt>
      <trkpt lat="55.43344027362763881683349609375" lon="37.75298732332885265350341796875">
        <ele>156.399993896484375</ele>
        <time>2026-01-28T14:23:22.000Z</time>
        <extensions>
          <ns3:TrackPointExtension>
            <ns3:atemp>7.0</ns3:atemp>
            <ns3:hr>138</ns3:hr>
            <ns3:cad>80</ns3:cad>
          </ns3:TrackPointExtension>
        </extensions>
      </trkpt>
      <trkpt lat="55.43346508406102657318115234375" lon="37.75298330001533031463623046875">
        <ele>156.600006103515625</ele>
        <time>2026-01-28T14:23:23.000Z</time>
        <extensions>
          <ns3:TrackPointExtension>
            <ns3:atemp>7.0</ns3:atemp>
            <ns3:hr>138</ns3:hr>
            <ns3:cad>79</ns3:cad>
          </ns3:TrackPointExtension>
        </extensions>
      </trkpt>
      <trkpt lat="55.4334859549999237060546875" lon="37.7529704757034778594970703125">
        <ele>156.600006103515625</ele>
        <time>2026-01-28T14:23:24.000Z</time>
        <extensions>
          <ns3:TrackPointExtension>
            <ns3:atemp>7.0</ns3:atemp>
            <ns3:hr>138</ns3:hr>
            <ns3:cad>80</ns3:cad>
          </ns3:TrackPointExtension>
        </extensions>
      </trkpt>
      <trkpt lat="55.43351403437554836273193359375" lon="37.7529433183372020721435546875">
        <ele>156.600006103515625</ele>
        <time>2026-01-28T14:23:25.000Z</time>
        <extensions>
          <ns3:TrackPointExtension>
            <ns3:atemp>7.0</ns3:atemp>
            <ns3:hr>138</ns3:hr>
            <ns3:cad>79</ns3:cad>
          </ns3:TrackPointExtension>
        </extensions>
      </trkpt>
      <trkpt lat="55.4335330612957477569580078125" lon="37.752931080758571624755859375">
        <ele>156.600006103515625</ele>
        <time>2026-01-28T14:23:26.000Z</time>
        <extensions>
          <ns3:TrackPointExtension>
            <ns3:atemp>7.0</ns3:atemp>
            <ns3:hr>137</ns3:hr>
            <ns3:cad>79</ns3:cad>
          </ns3:TrackPointExtension>
        </extensions>
      </trkpt>
      <trkpt lat="55.43354990892112255096435546875" lon="37.75291842408478260040283203125">
        <ele>156.600006103515625</ele>
        <time>2026-01-28T14:23:27.000Z</time>
        <extensions>
          <ns3:TrackPointExtension>
            <ns3:atemp>7.0</ns3:atemp>
            <ns3:hr>138</ns3:hr>
            <ns3:cad>79</ns3:cad>
          </ns3:TrackPointExtension>
        </extensions>
      </trkpt>
      <trkpt lat="55.43357371352612972259521484375" lon="37.7529188431799411773681640625">
        <ele>156.399993896484375</ele>
        <time>2026-01-28T14:23:28.000Z</time>
        <extensions>
          <ns3:TrackPointExtension>
            <ns3:atemp>7.0</ns3:atemp>
            <ns3:hr>138</ns3:hr>
            <ns3:cad>80</ns3:cad>
          </ns3:TrackPointExtension>
        </extensions>
      </trkpt>
      <trkpt lat="55.43358678929507732391357421875" lon="37.75290769524872303009033203125">
        <ele>156.399993896484375</ele>
        <time>2026-01-28T14:23:29.000Z</time>
        <extensions>
          <ns3:TrackPointExtension>
            <ns3:atemp>7.0</ns3:atemp>
            <ns3:hr>137</ns3:hr>
            <ns3:cad>80</ns3:cad>
          </ns3:TrackPointExtension>
        </extensions>
      </trkpt>
      <trkpt lat="55.43361545540392398834228515625" lon="37.75289780460298061370849609375">
        <ele>156.399993896484375</ele>
        <time>2026-01-28T14:23:30.000Z</time>
        <extensions>
          <ns3:TrackPointExtension>
            <ns3:atemp>7.0</ns3:atemp>
            <ns3:hr>138</ns3:hr>
            <ns3:cad>80</ns3:cad>
          </ns3:TrackPointExtension>
        </extensions>
      </trkpt>
      <trkpt lat="55.433636493980884552001953125" lon="37.752893865108489990234375">
        <ele>156.399993896484375</ele>
        <time>2026-01-28T14:23:31.000Z</time>
        <extensions>
          <ns3:TrackPointExtension>
            <ns3:atemp>7.0</ns3:atemp>
            <ns3:hr>137</ns3:hr>
            <ns3:cad>80</ns3:cad>
          </ns3:TrackPointExtension>
        </extensions>
      </trkpt>
      <trkpt lat="55.43365870602428913116455078125" lon="37.7528876625001430511474609375">
        <ele>156.399993896484375</ele>
        <time>2026-01-28T14:23:32.000Z</time>
        <extensions>
          <ns3:TrackPointExtension>
            <ns3:atemp>7.0</ns3:atemp>
            <ns3:hr>137</ns3:hr>
            <ns3:cad>81</ns3:cad>
          </ns3:TrackPointExtension>
        </extensions>
      </trkpt>
      <trkpt lat="55.43368418700993061065673828125" lon="37.752876095473766326904296875">
        <ele>156.1999969482421875</ele>
        <time>2026-01-28T14:23:33.000Z</time>
        <extensions>
          <ns3:TrackPointExtension>
            <ns3:atemp>7.0</ns3:atemp>
            <ns3:hr>137</ns3:hr>
            <ns3:cad>82</ns3:cad>
          </ns3:TrackPointExtension>
        </extensions>
      </trkpt>
      <trkpt lat="55.4337067343294620513916015625" lon="37.752861343324184417724609375">
        <ele>156.1999969482421875</ele>
        <time>2026-01-28T14:23:34.000Z</time>
        <extensions>
          <ns3:TrackPointExtension>
            <ns3:atemp>7.0</ns3:atemp>
            <ns3:hr>138</ns3:hr>
            <ns3:cad>83</ns3:cad>
          </ns3:TrackPointExtension>
        </extensions>
      </trkpt>
      <trkpt lat="55.43372794054448604583740234375" lon="37.75284952484071254730224609375">
        <ele>156.1999969482421875</ele>
        <time>2026-01-28T14:23:35.000Z</time>
        <extensions>
          <ns3:TrackPointExtension>
            <ns3:atemp>7.0</ns3:atemp>
            <ns3:hr>137</ns3:hr>
            <ns3:cad>83</ns3:cad>
          </ns3:TrackPointExtension>
        </extensions>
      </trkpt>
      <trkpt lat="55.4337533377110958099365234375" lon="37.752827145159244537353515625">
        <ele>156.1999969482421875</ele>
        <time>2026-01-28T14:23:36.000Z</time>
        <extensions>
          <ns3:TrackPointExtension>
            <ns3:atemp>7.0</ns3:atemp>
            <ns3:hr>137</ns3:hr>
            <ns3:cad>83</ns3:cad>
          </ns3:TrackPointExtension>
        </extensions>
      </trkpt>
      <trkpt lat="55.4337731190025806427001953125" lon="37.752821445465087890625">
        <ele>156.1999969482421875</ele>
        <time>2026-01-28T14:23:37.000Z</time>
        <extensions>
          <ns3:TrackPointExtension>
            <ns3:atemp>7.0</ns3:atemp>
            <ns3:hr>138</ns3:hr>
            <ns3:cad>81</ns3:cad>
          </ns3:TrackPointExtension>
        </extensions>
      </trkpt>
      <trkpt lat="55.4337915591895580291748046875" lon="37.7528125606477260589599609375">
        <ele>156.1999969482421875</ele>
        <time>2026-01-28T14:23:38.000Z</time>
        <extensions>
          <ns3:TrackPointExtension>
            <ns3:atemp>7.0</ns3:atemp>
            <ns3:hr>137</ns3:hr>
            <ns3:cad>80</ns3:cad>
          </ns3:TrackPointExtension>
        </extensions>
      </trkpt>
      <trkpt lat="55.43381628580391407012939453125" lon="37.7527998201549053192138671875">
        <ele>156</ele>
        <time>2026-01-28T14:23:39.000Z</time>
        <extensions>
          <ns3:TrackPointExtension>
            <ns3:atemp>7.0</ns3:atemp>
            <ns3:hr>137</ns3:hr>
            <ns3:cad>80</ns3:cad>
          </ns3:TrackPointExtension>
        </extensions>
      </trkpt>
      <trkpt lat="55.43383791111409664154052734375" lon="37.75278867222368717193603515625">
        <ele>156</ele>
        <time>2026-01-28T14:23:40.000Z</time>
        <extensions>
          <ns3:TrackPointExtension>
            <ns3:atemp>7.0</ns3:atemp>
            <ns3:hr>137</ns3:hr>
            <ns3:cad>80</ns3:cad>
          </ns3:TrackPointExtension>
        </extensions>
      </trkpt>
      <trkpt lat="55.4338582791388034820556640625" lon="37.75277928449213504791259765625">
        <ele>156</ele>
        <time>2026-01-28T14:23:41.000Z</time>
        <extensions>
          <ns3:TrackPointExtension>
            <ns3:atemp>7.0</ns3:atemp>
            <ns3:hr>138</ns3:hr>
            <ns3:cad>81</ns3:cad>
          </ns3:TrackPointExtension>
        </extensions>
      </trkpt>
      <trkpt lat="55.4338824190199375152587890625" lon="37.75277174077928066253662109375">
        <ele>155.8000030517578125</ele>
        <time>2026-01-28T14:23:42.000Z</time>
        <extensions>
          <ns3:TrackPointExtension>
            <ns3:atemp>7.0</ns3:atemp>
            <ns3:hr>137</ns3:hr>
            <ns3:cad>81</ns3:cad>
          </ns3:TrackPointExtension>
        </extensions>
      </trkpt>
      <trkpt lat="55.4338971711695194244384765625" lon="37.75276620872318744659423828125">
        <ele>155.8000030517578125</ele>
        <time>2026-01-28T14:23:43.000Z</time>
        <extensions>
          <ns3:TrackPointExtension>
            <ns3:atemp>7.0</ns3:atemp>
            <ns3:hr>137</ns3:hr>
            <ns3:cad>81</ns3:cad>
          </ns3:TrackPointExtension>
        </extensions>
      </trkpt>
      <trkpt lat="55.43392005376517772674560546875" lon="37.7527609281241893768310546875">
        <ele>155.600006103515625</ele>
        <time>2026-01-28T14:23:44.000Z</time>
        <extensions>
          <ns3:TrackPointExtension>
            <ns3:atemp>7.0</ns3:atemp>
            <ns3:hr>138</ns3:hr>
            <ns3:cad>81</ns3:cad>
          </ns3:TrackPointExtension>
        </extensions>
      </trkpt>
      <trkpt lat="55.43393782339990139007568359375" lon="37.75275371968746185302734375">
        <ele>155.600006103515625</ele>
        <time>2026-01-28T14:23:45.000Z</time>
        <extensions>
          <ns3:TrackPointExtension>
            <ns3:atemp>7.0</ns3:atemp>
            <ns3:hr>138</ns3:hr>
            <ns3:cad>81</ns3:cad>
          </ns3:TrackPointExtension>
        </extensions>
      </trkpt>
      <trkpt lat="55.43395777232944965362548828125" lon="37.75274835526943206787109375">
        <ele>155.600006103515625</ele>
        <time>2026-01-28T14:23:46.000Z</time>
        <extensions>
          <ns3:TrackPointExtension>
            <ns3:atemp>7.0</ns3:atemp>
            <ns3:hr>138</ns3:hr>
            <ns3:cad>82</ns3:cad>
          </ns3:TrackPointExtension>
        </extensions>
      </trkpt>
      <trkpt lat="55.4339799843728542327880859375" lon="37.75274223648011684417724609375">
        <ele>155.399993896484375</ele>
        <time>2026-01-28T14:23:47.000Z</time>
        <extensions>
          <ns3:TrackPointExtension>
            <ns3:atemp>7.0</ns3:atemp>
            <ns3:hr>138</ns3:hr>
            <ns3:cad>82</ns3:cad>
          </ns3:TrackPointExtension>
        </extensions>
      </trkpt>
      <trkpt lat="55.4340014420449733734130859375" lon="37.75274491868913173675537109375">
        <ele>155.399993896484375</ele>
        <time>2026-01-28T14:23:48.000Z</time>
        <extensions>
          <ns3:TrackPointExtension>
            <ns3:atemp>7.0</ns3:atemp>
            <ns3:hr>138</ns3:hr>
            <ns3:cad>81</ns3:cad>
          </ns3:TrackPointExtension>
        </extensions>
      </trkpt>
      <trkpt lat="55.43401812203228473663330078125" lon="37.75275179184973239898681640625">
        <ele>155.399993896484375</ele>
        <time>2026-01-28T14:23:49.000Z</time>
        <extensions>
          <ns3:TrackPointExtension>
            <ns3:atemp>7.0</ns3:atemp>
            <ns3:hr>138</ns3:hr>
            <ns3:cad>81</ns3:cad>
          </ns3:TrackPointExtension>
        </extensions>
      </trkpt>
      <trkpt lat="55.43403807096183300018310546875" lon="37.7527825534343719482421875">
        <ele>155.1999969482421875</ele>
        <time>2026-01-28T14:23:50.000Z</time>
        <extensions>
          <ns3:TrackPointExtension>
            <ns3:atemp>7.0</ns3:atemp>
            <ns3:hr>138</ns3:hr>
            <ns3:cad>81</ns3:cad>
          </ns3:TrackPointExtension>
        </extensions>
      </trkpt>
      <trkpt lat="55.43406405486166477203369140625" lon="37.7528132311999797821044921875">
        <ele>155.1999969482421875</ele>
        <time>2026-01-28T14:23:51.000Z</time>
        <extensions>
          <ns3:TrackPointExtension>
            <ns3:atemp>7.0</ns3:atemp>
            <ns3:hr>139</ns3:hr>
            <ns3:cad>81</ns3:cad>
          </ns3:TrackPointExtension>
        </extensions>
      </trkpt>
      <trkpt lat="55.434090793132781982421875" lon="37.7528487704694271087646484375">
        <ele>155.1999969482421875</ele>
        <time>2026-01-28T14:23:52.000Z</time>
        <extensions>
          <ns3:TrackPointExtension>
            <ns3:atemp>7.0</ns3:atemp>
            <ns3:hr>139</ns3:hr>
            <ns3:cad>81</ns3:cad>
          </ns3:TrackPointExtension>
        </extensions>
      </trkpt>
      <trkpt lat="55.4341130889952182769775390625" lon="37.7528943680226802825927734375">
        <ele>155.1999969482421875</ele>
        <time>2026-01-28T14:23:53.000Z</time>
        <extensions>
          <ns3:TrackPointExtension>
            <ns3:atemp>7.0</ns3:atemp>
            <ns3:hr>139</ns3:hr>
            <ns3:cad>81</ns3:cad>
          </ns3:TrackPointExtension>
        </extensions>
      </trkpt>
      <trkpt lat="55.43412457220256328582763671875" lon="37.75294038467109203338623046875">
        <ele>155</ele>
        <time>2026-01-28T14:23:54.000Z</time>
        <extensions>
          <ns3:TrackPointExtension>
            <ns3:atemp>7.0</ns3:atemp>
            <ns3:hr>139</ns3:hr>
            <ns3:cad>80</ns3:cad>
          </ns3:TrackPointExtension>
        </extensions>
      </trkpt>
      <trkpt lat="55.43413731269538402557373046875" lon="37.7529823780059814453125">
        <ele>155</ele>
        <time>2026-01-28T14:23:55.000Z</time>
        <extensions>
          <ns3:TrackPointExtension>
            <ns3:atemp>7.0</ns3:atemp>
            <ns3:hr>138</ns3:hr>
            <ns3:cad>79</ns3:cad>
          </ns3:TrackPointExtension>
        </extensions>
      </trkpt>
      <trkpt lat="55.4341538250446319580078125" lon="37.75303593836724758148193359375">
        <ele>155</ele>
        <time>2026-01-28T14:23:56.000Z</time>
        <extensions>
          <ns3:TrackPointExtension>
            <ns3:atemp>7.0</ns3:atemp>
            <ns3:hr>139</ns3:hr>
            <ns3:cad>79</ns3:cad>
          </ns3:TrackPointExtension>
        </extensions>
      </trkpt>
      <trkpt lat="55.43416514061391353607177734375" lon="37.753083296120166778564453125">
        <ele>154.8000030517578125</ele>
        <time>2026-01-28T14:23:57.000Z</time>
        <extensions>
          <ns3:TrackPointExtension>
            <ns3:atemp>7.0</ns3:atemp>
            <ns3:hr>138</ns3:hr>
            <ns3:cad>79</ns3:cad>
          </ns3:TrackPointExtension>
        </extensions>
      </trkpt>
      <trkpt lat="55.43417553417384624481201171875" lon="37.75313082151114940643310546875">
        <ele>154.8000030517578125</ele>
        <time>2026-01-28T14:23:58.000Z</time>
        <extensions>
          <ns3:TrackPointExtension>
            <ns3:atemp>7.0</ns3:atemp>
            <ns3:hr>138</ns3:hr>
            <ns3:cad>80</ns3:cad>
          </ns3:TrackPointExtension>
        </extensions>
      </trkpt>
      <trkpt lat="55.43418827466666698455810546875" lon="37.75318689644336700439453125">
        <ele>154.600006103515625</ele>
        <time>2026-01-28T14:23:59.000Z</time>
        <extensions>
          <ns3:TrackPointExtension>
            <ns3:atemp>7.0</ns3:atemp>
            <ns3:hr>138</ns3:hr>
            <ns3:cad>80</ns3:cad>
          </ns3:TrackPointExtension>
        </extensions>
      </trkpt>
      <trkpt lat="55.434191711246967315673828125" lon="37.7532278001308441162109375">
        <ele>154.600006103515625</ele>
        <time>2026-01-28T14:24:00.000Z</time>
        <extensions>
          <ns3:TrackPointExtension>
            <ns3:atemp>7.0</ns3:atemp>
            <ns3:hr>139</ns3:hr>
            <ns3:cad>80</ns3:cad>
          </ns3:TrackPointExtension>
        </extensions>
      </trkpt>
      <trkpt lat="55.43419933877885341644287109375" lon="37.75327197276055812835693359375">
        <ele>154.600006103515625</ele>
        <time>2026-01-28T14:24:01.000Z</time>
        <extensions>
          <ns3:TrackPointExtension>
            <ns3:atemp>7.0</ns3:atemp>
            <ns3:hr>139</ns3:hr>
            <ns3:cad>81</ns3:cad>
          </ns3:TrackPointExtension>
        </extensions>
      </trkpt>
      <trkpt lat="55.43420545756816864013671875" lon="37.75333349592983722686767578125">
        <ele>154.399993896484375</ele>
        <time>2026-01-28T14:24:02.000Z</time>
        <extensions>
          <ns3:TrackPointExtension>
            <ns3:atemp>7.0</ns3:atemp>
            <ns3:hr>139</ns3:hr>
            <ns3:cad>81</ns3:cad>
          </ns3:TrackPointExtension>
        </extensions>
      </trkpt>
      <trkpt lat="55.434205792844295501708984375" lon="37.75337507016956806182861328125">
        <ele>154.399993896484375</ele>
        <time>2026-01-28T14:24:03.000Z</time>
        <extensions>
          <ns3:TrackPointExtension>
            <ns3:atemp>7.0</ns3:atemp>
            <ns3:hr>139</ns3:hr>
            <ns3:cad>81</ns3:cad>
          </ns3:TrackPointExtension>
        </extensions>
      </trkpt>
      <trkpt lat="55.43420654721558094024658203125" lon="37.75341882370412349700927734375">
        <ele>154.399993896484375</ele>
        <time>2026-01-28T14:24:04.000Z</time>
        <extensions>
          <ns3:TrackPointExtension>
            <ns3:atemp>7.0</ns3:atemp>
            <ns3:hr>139</ns3:hr>
            <ns3:cad>81</ns3:cad>
          </ns3:TrackPointExtension>
        </extensions>
      </trkpt>
      <trkpt lat="55.43420738540589809417724609375" lon="37.7534626610577106475830078125">
        <ele>154.399993896484375</ele>
        <time>2026-01-28T14:24:05.000Z</time>
        <extensions>
          <ns3:TrackPointExtension>
            <ns3:atemp>7.0</ns3:atemp>
            <ns3:hr>139</ns3:hr>
            <ns3:cad>80</ns3:cad>
          </ns3:TrackPointExtension>
        </extensions>
      </trkpt>
      <trkpt lat="55.43421040289103984832763671875" lon="37.753497697412967681884765625">
        <ele>154.399993896484375</ele>
        <time>2026-01-28T14:24:06.000Z</time>
        <extensions>
          <ns3:TrackPointExtension>
            <ns3:atemp>7.0</ns3:atemp>
            <ns3:hr>139</ns3:hr>
            <ns3:cad>80</ns3:cad>
          </ns3:TrackPointExtension>
        </extensions>
      </trkpt>
      <trkpt lat="55.43421593494713306427001953125" lon="37.75354220531880855560302734375">
        <ele>154.1999969482421875</ele>
        <time>2026-01-28T14:24:07.000Z</time>
        <extensions>
          <ns3:TrackPointExtension>
            <ns3:atemp>7.0</ns3:atemp>
            <ns3:hr>140</ns3:hr>
            <ns3:cad>80</ns3:cad>
          </ns3:TrackPointExtension>
        </extensions>
      </trkpt>
      <trkpt lat="55.43421727605164051055908203125" lon="37.75358210317790508270263671875">
        <ele>154.1999969482421875</ele>
        <time>2026-01-28T14:24:08.000Z</time>
        <extensions>
          <ns3:TrackPointExtension>
            <ns3:atemp>7.0</ns3:atemp>
            <ns3:hr>140</ns3:hr>
            <ns3:cad>80</ns3:cad>
          </ns3:TrackPointExtension>
        </extensions>
      </trkpt>
      <trkpt lat="55.43422297574579715728759765625" lon="37.75361496023833751678466796875">
        <ele>154.1999969482421875</ele>
        <time>2026-01-28T14:24:09.000Z</time>
        <extensions>
          <ns3:TrackPointExtension>
            <ns3:atemp>7.0</ns3:atemp>
            <ns3:hr>139</ns3:hr>
            <ns3:cad>80</ns3:cad>
          </ns3:TrackPointExtension>
        </extensions>
      </trkpt>
      <trkpt lat="55.4342260770499706268310546875" lon="37.75365988723933696746826171875">
        <ele>154.1999969482421875</ele>
        <time>2026-01-28T14:24:10.000Z</time>
        <extensions>
          <ns3:TrackPointExtension>
            <ns3:atemp>7.0</ns3:atemp>
            <ns3:hr>139</ns3:hr>
            <ns3:cad>80</ns3:cad>
          </ns3:TrackPointExtension>
        </extensions>
      </trkpt>
      <trkpt lat="55.43422699905931949615478515625" lon="37.75370213203132152557373046875">
        <ele>154.1999969482421875</ele>
        <time>2026-01-28T14:24:11.000Z</time>
        <extensions>
          <ns3:TrackPointExtension>
            <ns3:atemp>7.0</ns3:atemp>
            <ns3:hr>139</ns3:hr>
            <ns3:cad>80</ns3:cad>
          </ns3:TrackPointExtension>
        </extensions>
      </trkpt>
      <trkpt lat="55.43423236347734928131103515625" lon="37.7537355758249759674072265625">
        <ele>154.1999969482421875</ele>
        <time>2026-01-28T14:24:12.000Z</time>
        <extensions>
          <ns3:TrackPointExtension>
            <ns3:atemp>7.0</ns3:atemp>
            <ns3:hr>139</ns3:hr>
            <ns3:cad>80</ns3:cad>
          </ns3:TrackPointExtension>
        </extensions>
      </trkpt>
      <trkpt lat="55.43423898518085479736328125" lon="37.75377874262630939483642578125">
        <ele>154.1999969482421875</ele>
        <time>2026-01-28T14:24:13.000Z</time>
        <extensions>
          <ns3:TrackPointExtension>
            <ns3:atemp>7.0</ns3:atemp>
            <ns3:hr>139</ns3:hr>
            <ns3:cad>81</ns3:cad>
          </ns3:TrackPointExtension>
        </extensions>
      </trkpt>
      <trkpt lat="55.4342495463788509368896484375" lon="37.75380673818290233612060546875">
        <ele>154.1999969482421875</ele>
        <time>2026-01-28T14:24:14.000Z</time>
        <extensions>
          <ns3:TrackPointExtension>
            <ns3:atemp>7.0</ns3:atemp>
            <ns3:hr>139</ns3:hr>
            <ns3:cad>81</ns3:cad>
          </ns3:TrackPointExtension>
        </extensions>
      </trkpt>
      <trkpt lat="55.4342592693865299224853515625" lon="37.75381579063832759857177734375">
        <ele>154.1999969482421875</ele>
        <time>2026-01-28T14:24:15.000Z</time>
        <extensions>
          <ns3:TrackPointExtension>
            <ns3:atemp>7.0</ns3:atemp>
            <ns3:hr>138</ns3:hr>
            <ns3:cad>81</ns3:cad>
          </ns3:TrackPointExtension>
        </extensions>
      </trkpt>
      <trkpt lat="55.43428366072475910186767578125" lon="37.7538210712373256683349609375">
        <ele>154.1999969482421875</ele>
        <time>2026-01-28T14:24:16.000Z</time>
        <extensions>
          <ns3:TrackPointExtension>
            <ns3:atemp>7.0</ns3:atemp>
            <ns3:hr>138</ns3:hr>
            <ns3:cad>81</ns3:cad>
          </ns3:TrackPointExtension>
        </extensions>
      </trkpt>
      <trkpt lat="55.43429858051240444183349609375" lon="37.75380355305969715118408203125">
        <ele>154</ele>
        <time>2026-01-28T14:24:17.000Z</time>
        <extensions>
          <ns3:TrackPointExtension>
            <ns3:atemp>7.0</ns3:atemp>
            <ns3:hr>138</ns3:hr>
            <ns3:cad>80</ns3:cad>
          </ns3:TrackPointExtension>
        </extensions>
      </trkpt>
      <trkpt lat="55.43431341648101806640625" lon="37.75378796271979808807373046875">
        <ele>154.1999969482421875</ele>
        <time>2026-01-28T14:24:18.000Z</time>
        <extensions>
          <ns3:TrackPointExtension>
            <ns3:atemp>7.0</ns3:atemp>
            <ns3:hr>138</ns3:hr>
            <ns3:cad>80</ns3:cad>
          </ns3:TrackPointExtension>
        </extensions>
      </trkpt>
      <trkpt lat="55.43433529324829578399658203125" lon="37.75377404876053333282470703125">
        <ele>154.1999969482421875</ele>
        <time>2026-01-28T14:24:19.000Z</time>
        <extensions>
          <ns3:TrackPointExtension>
            <ns3:atemp>8.0</ns3:atemp>
            <ns3:hr>138</ns3:hr>
            <ns3:cad>80</ns3:cad>
          </ns3:TrackPointExtension>
        </extensions>
      </trkpt>
      <trkpt lat="55.4343496263027191162109375" lon="37.7537657506763935089111328125">
        <ele>154.399993896484375</ele>
        <time>2026-01-28T14:24:20.000Z</time>
        <extensions>
          <ns3:TrackPointExtension>
            <ns3:atemp>7.0</ns3:atemp>
            <ns3:hr>138</ns3:hr>
            <ns3:cad>81</ns3:cad>
          </ns3:TrackPointExtension>
        </extensions>
      </trkpt>
      <trkpt lat="55.43437175452709197998046875" lon="37.75374990887939929962158203125">
        <ele>154.399993896484375</ele>
        <time>2026-01-28T14:24:21.000Z</time>
        <extensions>
          <ns3:TrackPointExtension>
            <ns3:atemp>7.0</ns3:atemp>
            <ns3:hr>138</ns3:hr>
            <ns3:cad>81</ns3:cad>
          </ns3:TrackPointExtension>
        </extensions>
      </trkpt>
      <trkpt lat="55.434397570788860321044921875" lon="37.7537362463772296905517578125">
        <ele>154.600006103515625</ele>
        <time>2026-01-28T14:24:22.000Z</time>
        <extensions>
          <ns3:TrackPointExtension>
            <ns3:atemp>8.0</ns3:atemp>
            <ns3:hr>137</ns3:hr>
            <ns3:cad>81</ns3:cad>
          </ns3:TrackPointExtension>
        </extensions>
      </trkpt>
      <trkpt lat="55.4344155080616474151611328125" lon="37.7537241764366626739501953125">
        <ele>154.8000030517578125</ele>
        <time>2026-01-28T14:24:23.000Z</time>
        <extensions>
          <ns3:TrackPointExtension>
            <ns3:atemp>7.0</ns3:atemp>
            <ns3:hr>138</ns3:hr>
            <ns3:cad>81</ns3:cad>
          </ns3:TrackPointExtension>
        </extensions>
      </trkpt>
      <trkpt lat="55.43443453498184680938720703125" lon="37.7537037245929241180419921875">
        <ele>154.8000030517578125</ele>
        <time>2026-01-28T14:24:24.000Z</time>
        <extensions>
          <ns3:TrackPointExtension>
            <ns3:atemp>7.0</ns3:atemp>
            <ns3:hr>137</ns3:hr>
            <ns3:cad>81</ns3:cad>
          </ns3:TrackPointExtension>
        </extensions>
      </trkpt>
      <trkpt lat="55.43445833958685398101806640625" lon="37.7536950074136257171630859375">
        <ele>154.8000030517578125</ele>
        <time>2026-01-28T14:24:25.000Z</time>
        <extensions>
          <ns3:TrackPointExtension>
            <ns3:atemp>8.0</ns3:atemp>
            <ns3:hr>137</ns3:hr>
            <ns3:cad>81</ns3:cad>
          </ns3:TrackPointExtension>
        </extensions>
      </trkpt>
      <trkpt lat="55.4344738461077213287353515625" lon="37.75369307957589626312255859375">
        <ele>154.8000030517578125</ele>
        <time>2026-01-28T14:24:26.000Z</time>
        <extensions>
          <ns3:TrackPointExtension>
            <ns3:atemp>8.0</ns3:atemp>
            <ns3:hr>137</ns3:hr>
            <ns3:cad>81</ns3:cad>
          </ns3:TrackPointExtension>
        </extensions>
      </trkpt>
      <trkpt lat="55.43448046781122684478759765625" lon="37.75368235073983669281005859375">
        <ele>155</ele>
        <time>2026-01-28T14:24:27.000Z</time>
        <extensions>
          <ns3:TrackPointExtension>
            <ns3:atemp>8.0</ns3:atemp>
            <ns3:hr>137</ns3:hr>
            <ns3:cad>81</ns3:cad>
          </ns3:TrackPointExtension>
        </extensions>
      </trkpt>
      <trkpt lat="55.4344865866005420684814453125" lon="37.7536634914577007293701171875">
        <ele>155</ele>
        <time>2026-01-28T14:24:28.000Z</time>
        <extensions>
          <ns3:TrackPointExtension>
            <ns3:atemp>8.0</ns3:atemp>
            <ns3:hr>137</ns3:hr>
            <ns3:cad>81</ns3:cad>
          </ns3:TrackPointExtension>
        </extensions>
      </trkpt>
      <trkpt lat="55.4344939626753330230712890625" lon="37.75363289751112461090087890625">
        <ele>155</ele>
        <time>2026-01-28T14:24:29.000Z</time>
        <extensions>
          <ns3:TrackPointExtension>
            <ns3:atemp>8.0</ns3:atemp>
            <ns3:hr>138</ns3:hr>
            <ns3:cad>80</ns3:cad>
          </ns3:TrackPointExtension>
        </extensions>
      </trkpt>
      <trkpt lat="55.43449069373309612274169921875" lon="37.75360942818224430084228515625">
        <ele>155</ele>
        <time>2026-01-28T14:24:30.000Z</time>
        <extensions>
          <ns3:TrackPointExtension>
            <ns3:atemp>8.0</ns3:atemp>
            <ns3:hr>137</ns3:hr>
            <ns3:cad>80</ns3:cad>
          </ns3:TrackPointExtension>
        </extensions>
      </trkpt>
      <trkpt lat="55.4344956390559673309326171875" lon="37.7535726316273212432861328125">
        <ele>155</ele>
        <time>2026-01-28T14:24:31.000Z</time>
        <extensions>
          <ns3:TrackPointExtension>
            <ns3:atemp>8.0</ns3:atemp>
            <ns3:hr>138</ns3:hr>
            <ns3:cad>80</ns3:cad>
          </ns3:TrackPointExtension>
        </extensions>
      </trkpt>
      <trkpt lat="55.43450075201690196990966796875" lon="37.75353600271046161651611328125">
        <ele>154.8000030517578125</ele>
        <time>2026-01-28T14:24:32.000Z</time>
        <extensions>
          <ns3:TrackPointExtension>
            <ns3:atemp>8.0</ns3:atemp>
            <ns3:hr>138</ns3:hr>
            <ns3:cad>80</ns3:cad>
          </ns3:TrackPointExtension>
        </extensions>
      </trkpt>
      <trkpt lat="55.43450184166431427001953125" lon="37.7535015530884265899658203125">
        <ele>155</ele>
        <time>2026-01-28T14:24:33.000Z</time>
        <extensions>
          <ns3:TrackPointExtension>
            <ns3:atemp>8.0</ns3:atemp>
            <ns3:hr>138</ns3:hr>
            <ns3:cad>80</ns3:cad>
          </ns3:TrackPointExtension>
        </extensions>
      </trkpt>
      <trkpt lat="55.43451081030070781707763671875" lon="37.7534549497067928314208984375">
        <ele>155</ele>
        <time>2026-01-28T14:24:34.000Z</time>
        <extensions>
          <ns3:TrackPointExtension>
            <ns3:atemp>8.0</ns3:atemp>
            <ns3:hr>138</ns3:hr>
            <ns3:cad>80</ns3:cad>
          </ns3:TrackPointExtension>
        </extensions>
      </trkpt>
      <trkpt lat="55.4345159232616424560546875" lon="37.75341689586639404296875">
        <ele>155</ele>
        <time>2026-01-28T14:24:35.000Z</time>
        <extensions>
          <ns3:TrackPointExtension>
            <ns3:atemp>8.0</ns3:atemp>
            <ns3:hr>137</ns3:hr>
            <ns3:cad>81</ns3:cad>
          </ns3:TrackPointExtension>
        </extensions>
      </trkpt>
      <trkpt lat="55.43451868928968906402587890625" lon="37.75338244624435901641845703125">
        <ele>155.1999969482421875</ele>
        <time>2026-01-28T14:24:36.000Z</time>
        <extensions>
          <ns3:TrackPointExtension>
            <ns3:atemp>8.0</ns3:atemp>
            <ns3:hr>138</ns3:hr>
            <ns3:cad>81</ns3:cad>
          </ns3:TrackPointExtension>
        </extensions>
      </trkpt>
      <trkpt lat="55.43452975340187549591064453125" lon="37.75334179401397705078125">
        <ele>155.1999969482421875</ele>
        <time>2026-01-28T14:24:37.000Z</time>
        <extensions>
          <ns3:TrackPointExtension>
            <ns3:atemp>8.0</ns3:atemp>
            <ns3:hr>138</ns3:hr>
            <ns3:cad>81</ns3:cad>
          </ns3:TrackPointExtension>
        </extensions>
      </trkpt>
      <trkpt lat="55.434535034000873565673828125" lon="37.75331337936222553253173828125">
        <ele>155.1999969482421875</ele>
        <time>2026-01-28T14:24:38.000Z</time>
        <extensions>
          <ns3:TrackPointExtension>
            <ns3:atemp>8.0</ns3:atemp>
            <ns3:hr>138</ns3:hr>
            <ns3:cad>81</ns3:cad>
          </ns3:TrackPointExtension>
        </extensions>
      </trkpt>
      <trkpt lat="55.43454433791339397430419921875" lon="37.7532728947699069976806640625">
        <ele>155.1999969482421875</ele>
        <time>2026-01-28T14:24:39.000Z</time>
        <extensions>
          <ns3:TrackPointExtension>
            <ns3:atemp>8.0</ns3:atemp>
            <ns3:hr>138</ns3:hr>
            <ns3:cad>81</ns3:cad>
          </ns3:TrackPointExtension>
        </extensions>
      </trkpt>
      <trkpt lat="55.4345553182065486907958984375" lon="37.753232158720493316650390625">
        <ele>155.399993896484375</ele>
        <time>2026-01-28T14:24:40.000Z</time>
        <extensions>
          <ns3:TrackPointExtension>
            <ns3:atemp>8.0</ns3:atemp>
            <ns3:hr>138</ns3:hr>
            <ns3:cad>81</ns3:cad>
          </ns3:TrackPointExtension>
        </extensions>
      </trkpt>
      <trkpt lat="55.4345620237290859222412109375" lon="37.753200642764568328857421875">
        <ele>155.399993896484375</ele>
        <time>2026-01-28T14:24:41.000Z</time>
        <extensions>
          <ns3:TrackPointExtension>
            <ns3:atemp>8.0</ns3:atemp>
            <ns3:hr>138</ns3:hr>
            <ns3:cad>81</ns3:cad>
          </ns3:TrackPointExtension>
        </extensions>
      </trkpt>
      <trkpt lat="55.43457099236547946929931640625" lon="37.75316116400063037872314453125">
        <ele>155.399993896484375</ele>
        <time>2026-01-28T14:24:42.000Z</time>
        <extensions>
          <ns3:TrackPointExtension>
            <ns3:atemp>8.0</ns3:atemp>
            <ns3:hr>138</ns3:hr>
            <ns3:cad>81</ns3:cad>
          </ns3:TrackPointExtension>
        </extensions>
      </trkpt>
      <trkpt lat="55.43457803316414356231689453125" lon="37.7531260438263416290283203125">
        <ele>155.399993896484375</ele>
        <time>2026-01-28T14:24:43.000Z</time>
        <extensions>
          <ns3:TrackPointExtension>
            <ns3:atemp>8.0</ns3:atemp>
            <ns3:hr>139</ns3:hr>
            <ns3:cad>81</ns3:cad>
          </ns3:TrackPointExtension>
        </extensions>
      </trkpt>
      <trkpt lat="55.43458038009703159332275390625" lon="37.75309209711849689483642578125">
        <ele>155.399993896484375</ele>
        <time>2026-01-28T14:24:44.000Z</time>
        <extensions>
          <ns3:TrackPointExtension>
            <ns3:atemp>8.0</ns3:atemp>
            <ns3:hr>139</ns3:hr>
            <ns3:cad>81</ns3:cad>
          </ns3:TrackPointExtension>
        </extensions>
      </trkpt>
      <trkpt lat="55.43458490632474422454833984375" lon="37.75305085815489292144775390625">
        <ele>155.399993896484375</ele>
        <time>2026-01-28T14:24:45.000Z</time>
        <extensions>
          <ns3:TrackPointExtension>
            <ns3:atemp>8.0</ns3:atemp>
            <ns3:hr>139</ns3:hr>
            <ns3:cad>81</ns3:cad>
          </ns3:TrackPointExtension>
        </extensions>
      </trkpt>
      <trkpt lat="55.43459278531372547149658203125" lon="37.7530154027044773101806640625">
        <ele>155.399993896484375</ele>
        <time>2026-01-28T14:24:46.000Z</time>
        <extensions>
          <ns3:TrackPointExtension>
            <ns3:atemp>8.0</ns3:atemp>
            <ns3:hr>139</ns3:hr>
            <ns3:cad>81</ns3:cad>
          </ns3:TrackPointExtension>
        </extensions>
      </trkpt>
      <trkpt lat="55.43459437787532806396484375" lon="37.75298128835856914520263671875">
        <ele>155.399993896484375</ele>
        <time>2026-01-28T14:24:47.000Z</time>
        <extensions>
          <ns3:TrackPointExtension>
            <ns3:atemp>8.0</ns3:atemp>
            <ns3:hr>139</ns3:hr>
            <ns3:cad>81</ns3:cad>
          </ns3:TrackPointExtension>
        </extensions>
      </trkpt>
      <trkpt lat="55.4346005804836750030517578125" lon="37.7529406361281871795654296875">
        <ele>155.399993896484375</ele>
        <time>2026-01-28T14:24:48.000Z</time>
        <extensions>
          <ns3:TrackPointExtension>
            <ns3:atemp>8.0</ns3:atemp>
            <ns3:hr>139</ns3:hr>
            <ns3:cad>80</ns3:cad>
          </ns3:TrackPointExtension>
        </extensions>
      </trkpt>
      <trkpt lat="55.43460644781589508056640625" lon="37.7529027499258518218994140625">
        <ele>155.399993896484375</ele>
        <time>2026-01-28T14:24:49.000Z</time>
        <extensions>
          <ns3:TrackPointExtension>
            <ns3:atemp>8.0</ns3:atemp>
            <ns3:hr>139</ns3:hr>
            <ns3:cad>80</ns3:cad>
          </ns3:TrackPointExtension>
        </extensions>
      </trkpt>
      <trkpt lat="55.43460820801556110382080078125" lon="37.75286947377026081085205078125">
        <ele>155.399993896484375</ele>
        <time>2026-01-28T14:24:50.000Z</time>
        <extensions>
          <ns3:TrackPointExtension>
            <ns3:atemp>8.0</ns3:atemp>
            <ns3:hr>140</ns3:hr>
            <ns3:cad>80</ns3:cad>
          </ns3:TrackPointExtension>
        </extensions>
      </trkpt>
      <trkpt lat="55.43461382389068603515625" lon="37.75281943380832672119140625">
        <ele>155.399993896484375</ele>
        <time>2026-01-28T14:24:51.000Z</time>
        <extensions>
          <ns3:TrackPointExtension>
            <ns3:atemp>8.0</ns3:atemp>
            <ns3:hr>140</ns3:hr>
            <ns3:cad>80</ns3:cad>
          </ns3:TrackPointExtension>
        </extensions>
      </trkpt>
      <trkpt lat="55.43461793102324008941650390625" lon="37.7527874149382114410400390625">
        <ele>155.399993896484375</ele>
        <time>2026-01-28T14:24:52.000Z</time>
        <extensions>
          <ns3:TrackPointExtension>
            <ns3:atemp>8.0</ns3:atemp>
            <ns3:hr>140</ns3:hr>
            <ns3:cad>80</ns3:cad>
          </ns3:TrackPointExtension>
        </extensions>
      </trkpt>
      <trkpt lat="55.4346190206706523895263671875" lon="37.7527575753629207611083984375">
        <ele>155.399993896484375</ele>
        <time>2026-01-28T14:24:53.000Z</time>
        <extensions>
          <ns3:TrackPointExtension>
            <ns3:atemp>8.0</ns3:atemp>
            <ns3:hr>140</ns3:hr>
            <ns3:cad>80</ns3:cad>
          </ns3:TrackPointExtension>
        </extensions>
      </trkpt>
      <trkpt lat="55.43462815694510936737060546875" lon="37.75271809659898281097412109375">
        <ele>155.399993896484375</ele>
        <time>2026-01-28T14:24:54.000Z</time>
        <extensions>
          <ns3:TrackPointExtension>
            <ns3:atemp>8.0</ns3:atemp>
            <ns3:hr>140</ns3:hr>
            <ns3:cad>80</ns3:cad>
          </ns3:TrackPointExtension>
        </extensions>
      </trkpt>
      <trkpt lat="55.43462790548801422119140625" lon="37.75268641300499439239501953125">
        <ele>155.399993896484375</ele>
        <time>2026-01-28T14:24:55.000Z</time>
        <extensions>
          <ns3:TrackPointExtension>
            <ns3:atemp>8.0</ns3:atemp>
            <ns3:hr>140</ns3:hr>
            <ns3:cad>80</ns3:cad>
          </ns3:TrackPointExtension>
        </extensions>
      </trkpt>
      <trkpt lat="55.434628911316394805908203125" lon="37.75264450348913669586181640625">
        <ele>155.399993896484375</ele>
        <time>2026-01-28T14:24:56.000Z</time>
        <extensions>
          <ns3:TrackPointExtension>
            <ns3:atemp>8.0</ns3:atemp>
            <ns3:hr>140</ns3:hr>
            <ns3:cad>80</ns3:cad>
          </ns3:TrackPointExtension>
        </extensions>
      </trkpt>
      <trkpt lat="55.4346411488950252532958984375" lon="37.75260695256292819976806640625">
        <ele>155.600006103515625</ele>
        <time>2026-01-28T14:24:57.000Z</time>
        <extensions>
          <ns3:TrackPointExtension>
            <ns3:atemp>8.0</ns3:atemp>
            <ns3:hr>140</ns3:hr>
            <ns3:cad>80</ns3:cad>
          </ns3:TrackPointExtension>
        </extensions>
      </trkpt>
      <trkpt lat="55.43465095572173595428466796875" lon="37.752585075795650482177734375">
        <ele>155.600006103515625</ele>
        <time>2026-01-28T14:24:58.000Z</time>
        <extensions>
          <ns3:TrackPointExtension>
            <ns3:atemp>8.0</ns3:atemp>
            <ns3:hr>140</ns3:hr>
            <ns3:cad>81</ns3:cad>
          </ns3:TrackPointExtension>
        </extensions>
      </trkpt>
      <trkpt lat="55.434665791690349578857421875" lon="37.7525621093809604644775390625">
        <ele>155.600006103515625</ele>
        <time>2026-01-28T14:24:59.000Z</time>
        <extensions>
          <ns3:TrackPointExtension>
            <ns3:atemp>8.0</ns3:atemp>
            <ns3:hr>140</ns3:hr>
            <ns3:cad>81</ns3:cad>
          </ns3:TrackPointExtension>
        </extensions>
      </trkpt>
      <trkpt lat="55.43468825519084930419921875" lon="37.7525406517088413238525390625">
        <ele>155.600006103515625</ele>
        <time>2026-01-28T14:25:00.000Z</time>
        <extensions>
          <ns3:TrackPointExtension>
            <ns3:atemp>8.0</ns3:atemp>
            <ns3:hr>140</ns3:hr>
            <ns3:cad>81</ns3:cad>
          </ns3:TrackPointExtension>
        </extensions>
      </trkpt>
      <trkpt lat="55.434718094766139984130859375" lon="37.75249547325074672698974609375">
        <ele>155.600006103515625</ele>
        <time>2026-01-28T14:25:01.000Z</time>
        <extensions>
          <ns3:TrackPointExtension>
            <ns3:atemp>8.0</ns3:atemp>
            <ns3:hr>140</ns3:hr>
            <ns3:cad>81</ns3:cad>
          </ns3:TrackPointExtension>
        </extensions>
      </trkpt>
      <trkpt lat="55.4347320087254047393798828125" lon="37.7524722553789615631103515625">
        <ele>155.399993896484375</ele>
        <time>2026-01-28T14:25:02.000Z</time>
        <extensions>
          <ns3:TrackPointExtension>
            <ns3:atemp>8.0</ns3:atemp>
            <ns3:hr>140</ns3:hr>
            <ns3:cad>79</ns3:cad>
          </ns3:TrackPointExtension>
        </extensions>
      </trkpt>
      <trkpt lat="55.43474332429468631744384765625" lon="37.75245456956326961517333984375">
        <ele>155.399993896484375</ele>
        <time>2026-01-28T14:25:03.000Z</time>
        <extensions>
          <ns3:TrackPointExtension>
            <ns3:atemp>8.0</ns3:atemp>
            <ns3:hr>140</ns3:hr>
            <ns3:cad>79</ns3:cad>
          </ns3:TrackPointExtension>
        </extensions>
      </trkpt>
      <trkpt lat="55.43475941754877567291259765625" lon="37.75244534946978092193603515625">
        <ele>155.1999969482421875</ele>
        <time>2026-01-28T14:25:04.000Z</time>
        <extensions>
          <ns3:TrackPointExtension>
            <ns3:atemp>8.0</ns3:atemp>
            <ns3:hr>140</ns3:hr>
            <ns3:cad>78</ns3:cad>
          </ns3:TrackPointExtension>
        </extensions>
      </trkpt>
      <trkpt lat="55.4347729124128818511962890625" lon="37.75245071388781070709228515625">
        <ele>155.1999969482421875</ele>
        <time>2026-01-28T14:25:05.000Z</time>
        <extensions>
          <ns3:TrackPointExtension>
            <ns3:atemp>8.0</ns3:atemp>
            <ns3:hr>141</ns3:hr>
            <ns3:cad>78</ns3:cad>
          </ns3:TrackPointExtension>
        </extensions>
      </trkpt>
    </trkseg>
  </trk>
</gpx>
